model,device,seed,fold,machine,condition,side,train_median,rows,label1,mean_score,top10_count,top10_true_positive,top10_false_positive,top10_false_negative
logistic_ref,cpu,20260922,0,cn7,Clamp_Close_Time,le_train_median,-0.9024657082140384,118,0,0.11353591739606111,4,0,4,0
logistic_ref,cpu,20260922,0,cn7,Clamp_Close_Time,gt_train_median,-0.9024657082140384,76,3,0.3131847736196662,16,2,14,1
logistic_ref,cpu,20260922,0,cn7,Max_Injection_Pressure,le_train_median,0.6352098982042783,188,3,0.19688099783166732,20,2,18,1
logistic_ref,cpu,20260922,0,cn7,Max_Injection_Pressure,gt_train_median,0.6352098982042783,6,0,0.03094224257939553,0,0,0,0
logistic_ref,cpu,20260922,0,cn7,Max_Switch_Over_Pressure,le_train_median,-0.0104813786226104,104,1,0.09169310248525386,2,0,2,1
logistic_ref,cpu,20260922,0,cn7,Max_Switch_Over_Pressure,gt_train_median,-0.0104813786226104,90,2,0.3073688709929271,18,2,16,0
logistic_ref,cpu,20260922,0,rg3,Clamp_Close_Time,le_train_median,-0.3867898224103817,118,1,0.3943147492432452,8,0,8,1
logistic_ref,cpu,20260922,0,rg3,Clamp_Close_Time,gt_train_median,-0.3867898224103817,72,3,0.4662451372532138,11,0,11,3
logistic_ref,cpu,20260922,0,rg3,Max_Injection_Pressure,le_train_median,-0.1088018718162931,96,2,0.36144657165877714,3,0,3,2
logistic_ref,cpu,20260922,0,rg3,Max_Injection_Pressure,gt_train_median,-0.1088018718162931,94,2,0.48297786610310356,16,0,16,2
logistic_ref,cpu,20260922,0,rg3,Max_Switch_Over_Pressure,le_train_median,0.0757286837402434,112,3,0.36726491923510896,5,0,5,3
logistic_ref,cpu,20260922,0,rg3,Max_Switch_Over_Pressure,gt_train_median,0.0757286837402434,78,1,0.4995528120333606,14,0,14,1
logistic_ref,cpu,20260922,1,cn7,Clamp_Close_Time,le_train_median,-0.9024657082140384,118,0,0.1023829834181632,4,0,4,0
logistic_ref,cpu,20260922,1,cn7,Clamp_Close_Time,gt_train_median,-0.9024657082140384,78,3,0.2090614320544178,16,2,14,1
logistic_ref,cpu,20260922,1,cn7,Max_Injection_Pressure,le_train_median,0.6352098982042783,190,3,0.14630918010705538,20,2,18,1
logistic_ref,cpu,20260922,1,cn7,Max_Injection_Pressure,gt_train_median,0.6352098982042783,6,0,0.09820658720788696,0,0,0,0
logistic_ref,cpu,20260922,1,cn7,Max_Switch_Over_Pressure,le_train_median,-0.0104813786226104,120,2,0.1138644266666569,10,2,8,0
logistic_ref,cpu,20260922,1,cn7,Max_Switch_Over_Pressure,gt_train_median,-0.0104813786226104,76,1,0.19374016504722394,10,0,10,1
logistic_ref,cpu,20260922,1,rg3,Clamp_Close_Time,le_train_median,-0.3867898224103817,102,3,0.337474577374096,3,0,3,3
logistic_ref,cpu,20260922,1,rg3,Clamp_Close_Time,gt_train_median,-0.3867898224103817,86,1,0.4559103787944132,16,0,16,1
logistic_ref,cpu,20260922,1,rg3,Max_Injection_Pressure,le_train_median,-0.1088018718162931,122,2,0.37835252265322955,15,0,15,2
logistic_ref,cpu,20260922,1,rg3,Max_Injection_Pressure,gt_train_median,-0.1088018718162931,66,2,0.41623775310277755,4,0,4,2
logistic_ref,cpu,20260922,1,rg3,Max_Switch_Over_Pressure,le_train_median,0.0757286837402434,116,2,0.34945083755614875,11,0,11,2
logistic_ref,cpu,20260922,1,rg3,Max_Switch_Over_Pressure,gt_train_median,0.0757286837402434,72,2,0.4596444765550566,8,0,8,2
logistic_ref,cpu,20260922,2,cn7,Clamp_Close_Time,le_train_median,-0.9024657082140384,92,0,0.15040427320986685,2,0,2,0
logistic_ref,cpu,20260922,2,cn7,Clamp_Close_Time,gt_train_median,-0.9024657082140384,101,2,0.265972300674705,18,1,17,1
logistic_ref,cpu,20260922,2,cn7,Max_Injection_Pressure,le_train_median,0.6352098982042783,189,2,0.21475390870195993,20,1,19,1
logistic_ref,cpu,20260922,2,cn7,Max_Injection_Pressure,gt_train_median,0.6352098982042783,4,0,0.02797668969563024,0,0,0,0
logistic_ref,cpu,20260922,2,cn7,Max_Switch_Over_Pressure,le_train_median,-0.0104813786226104,106,0,0.11119769401705211,3,0,3,0
logistic_ref,cpu,20260922,2,cn7,Max_Switch_Over_Pressure,gt_train_median,-0.0104813786226104,87,2,0.33233839008787863,17,1,16,1
logistic_ref,cpu,20260922,2,rg3,Clamp_Close_Time,le_train_median,-0.3867898224103817,116,3,0.3747976630623405,7,1,6,2
logistic_ref,cpu,20260922,2,rg3,Clamp_Close_Time,gt_train_median,-0.3867898224103817,72,1,0.50981175119206,12,1,11,0
logistic_ref,cpu,20260922,2,rg3,Max_Injection_Pressure,le_train_median,-0.1088018718162931,118,3,0.38855252256104844,10,2,8,1
logistic_ref,cpu,20260922,2,rg3,Max_Injection_Pressure,gt_train_median,-0.1088018718162931,70,1,0.49048253341223014,9,0,9,1
logistic_ref,cpu,20260922,2,rg3,Max_Switch_Over_Pressure,le_train_median,0.0757286837402434,110,2,0.3751806454554424,6,1,5,1
logistic_ref,cpu,20260922,2,rg3,Max_Switch_Over_Pressure,gt_train_median,0.0757286837402434,78,2,0.4988859487302713,13,1,12,1
logistic_ref,cpu,20260922,3,cn7,Clamp_Close_Time,le_train_median,-0.9024657082140384,96,0,0.12252354801806863,4,0,4,0
logistic_ref,cpu,20260922,3,cn7,Clamp_Close_Time,gt_train_median,-0.9024657082140384,96,2,0.18951567449056225,16,1,15,1
logistic_ref,cpu,20260922,3,cn7,Max_Injection_Pressure,le_train_median,0.6352098982042783,184,2,0.160210611532182,20,1,19,1
logistic_ref,cpu,20260922,3,cn7,Max_Injection_Pressure,gt_train_median,0.6352098982042783,8,0,0.05962660486338424,0,0,0,0
logistic_ref,cpu,20260922,3,cn7,Max_Switch_Over_Pressure,le_train_median,-0.0104813786226104,112,0,0.1285330600749317,10,0,10,0
logistic_ref,cpu,20260922,3,cn7,Max_Switch_Over_Pressure,gt_train_median,-0.0104813786226104,80,2,0.19450078290545264,10,1,9,1
logistic_ref,cpu,20260922,3,rg3,Clamp_Close_Time,le_train_median,-0.3867898224103817,106,1,0.40552857495581435,13,0,13,1
logistic_ref,cpu,20260922,3,rg3,Clamp_Close_Time,gt_train_median,-0.3867898224103817,84,3,0.42131621214404724,6,0,6,3
logistic_ref,cpu,20260922,3,rg3,Max_Injection_Pressure,le_train_median,-0.1088018718162931,96,1,0.3992387164986022,8,0,8,1
logistic_ref,cpu,20260922,3,rg3,Max_Injection_Pressure,gt_train_median,-0.1088018718162931,94,3,0.42606036150585597,11,0,11,3
logistic_ref,cpu,20260922,3,rg3,Max_Switch_Over_Pressure,le_train_median,0.0757286837402434,106,3,0.38530774673213813,6,0,6,3
logistic_ref,cpu,20260922,3,rg3,Max_Switch_Over_Pressure,gt_train_median,0.0757286837402434,84,1,0.44683297156916235,13,0,13,1
logistic_ref,cpu,20260922,4,cn7,Clamp_Close_Time,le_train_median,-0.9024657082140384,100,0,0.09194906938047681,4,0,4,0
logistic_ref,cpu,20260922,4,cn7,Clamp_Close_Time,gt_train_median,-0.9024657082140384,92,3,0.2007068116696922,16,3,13,0
logistic_ref,cpu,20260922,4,cn7,Max_Injection_Pressure,le_train_median,0.6352098982042783,174,3,0.15234995113281802,20,3,17,0
logistic_ref,cpu,20260922,4,cn7,Max_Injection_Pressure,gt_train_median,0.6352098982042783,18,0,0.06394678414161266,0,0,0,0
logistic_ref,cpu,20260922,4,cn7,Max_Switch_Over_Pressure,le_train_median,-0.0104813786226104,102,0,0.08760771630156762,4,0,4,0
logistic_ref,cpu,20260922,4,cn7,Max_Switch_Over_Pressure,gt_train_median,-0.0104813786226104,90,3,0.20804385054332744,16,3,13,0
logistic_ref,cpu,20260922,4,rg3,Clamp_Close_Time,le_train_median,-0.3867898224103817,114,3,0.4334336502163678,10,0,10,3
logistic_ref,cpu,20260922,4,rg3,Clamp_Close_Time,gt_train_median,-0.3867898224103817,76,1,0.5558508456578388,9,0,9,1
logistic_ref,cpu,20260922,4,rg3,Max_Injection_Pressure,le_train_median,-0.1088018718162931,82,1,0.4949018881297847,9,0,9,1
logistic_ref,cpu,20260922,4,rg3,Max_Injection_Pressure,gt_train_median,-0.1088018718162931,108,3,0.4729087552594383,10,0,10,3
logistic_ref,cpu,20260922,4,rg3,Max_Switch_Over_Pressure,le_train_median,0.0757286837402434,94,2,0.46238146075714187,7,0,7,2
logistic_ref,cpu,20260922,4,rg3,Max_Switch_Over_Pressure,gt_train_median,0.0757286837402434,96,2,0.502002532119691,12,0,12,2
logistic_ref,cpu,20260923,0,cn7,Clamp_Close_Time,le_train_median,-0.9024657082140384,118,0,0.11353591739606111,4,0,4,0
logistic_ref,cpu,20260923,0,cn7,Clamp_Close_Time,gt_train_median,-0.9024657082140384,76,3,0.3131847736196662,16,2,14,1
logistic_ref,cpu,20260923,0,cn7,Max_Injection_Pressure,le_train_median,0.6352098982042783,188,3,0.19688099783166732,20,2,18,1
logistic_ref,cpu,20260923,0,cn7,Max_Injection_Pressure,gt_train_median,0.6352098982042783,6,0,0.03094224257939553,0,0,0,0
logistic_ref,cpu,20260923,0,cn7,Max_Switch_Over_Pressure,le_train_median,-0.0104813786226104,104,1,0.09169310248525386,2,0,2,1
logistic_ref,cpu,20260923,0,cn7,Max_Switch_Over_Pressure,gt_train_median,-0.0104813786226104,90,2,0.3073688709929271,18,2,16,0
logistic_ref,cpu,20260923,0,rg3,Clamp_Close_Time,le_train_median,-0.3867898224103817,118,1,0.3943147492432452,8,0,8,1
logistic_ref,cpu,20260923,0,rg3,Clamp_Close_Time,gt_train_median,-0.3867898224103817,72,3,0.4662451372532138,11,0,11,3
logistic_ref,cpu,20260923,0,rg3,Max_Injection_Pressure,le_train_median,-0.1088018718162931,96,2,0.36144657165877714,3,0,3,2
logistic_ref,cpu,20260923,0,rg3,Max_Injection_Pressure,gt_train_median,-0.1088018718162931,94,2,0.48297786610310356,16,0,16,2
logistic_ref,cpu,20260923,0,rg3,Max_Switch_Over_Pressure,le_train_median,0.0757286837402434,112,3,0.36726491923510896,5,0,5,3
logistic_ref,cpu,20260923,0,rg3,Max_Switch_Over_Pressure,gt_train_median,0.0757286837402434,78,1,0.4995528120333606,14,0,14,1
logistic_ref,cpu,20260923,1,cn7,Clamp_Close_Time,le_train_median,-0.9024657082140384,118,0,0.1023829834181632,4,0,4,0
logistic_ref,cpu,20260923,1,cn7,Clamp_Close_Time,gt_train_median,-0.9024657082140384,78,3,0.2090614320544178,16,2,14,1
logistic_ref,cpu,20260923,1,cn7,Max_Injection_Pressure,le_train_median,0.6352098982042783,190,3,0.14630918010705538,20,2,18,1
logistic_ref,cpu,20260923,1,cn7,Max_Injection_Pressure,gt_train_median,0.6352098982042783,6,0,0.09820658720788696,0,0,0,0
logistic_ref,cpu,20260923,1,cn7,Max_Switch_Over_Pressure,le_train_median,-0.0104813786226104,120,2,0.1138644266666569,10,2,8,0
logistic_ref,cpu,20260923,1,cn7,Max_Switch_Over_Pressure,gt_train_median,-0.0104813786226104,76,1,0.19374016504722394,10,0,10,1
logistic_ref,cpu,20260923,1,rg3,Clamp_Close_Time,le_train_median,-0.3867898224103817,102,3,0.337474577374096,3,0,3,3
logistic_ref,cpu,20260923,1,rg3,Clamp_Close_Time,gt_train_median,-0.3867898224103817,86,1,0.4559103787944132,16,0,16,1
logistic_ref,cpu,20260923,1,rg3,Max_Injection_Pressure,le_train_median,-0.1088018718162931,122,2,0.37835252265322955,15,0,15,2
logistic_ref,cpu,20260923,1,rg3,Max_Injection_Pressure,gt_train_median,-0.1088018718162931,66,2,0.41623775310277755,4,0,4,2
logistic_ref,cpu,20260923,1,rg3,Max_Switch_Over_Pressure,le_train_median,0.0757286837402434,116,2,0.34945083755614875,11,0,11,2
logistic_ref,cpu,20260923,1,rg3,Max_Switch_Over_Pressure,gt_train_median,0.0757286837402434,72,2,0.4596444765550566,8,0,8,2
logistic_ref,cpu,20260923,2,cn7,Clamp_Close_Time,le_train_median,-0.9024657082140384,92,0,0.15040427320986685,2,0,2,0
logistic_ref,cpu,20260923,2,cn7,Clamp_Close_Time,gt_train_median,-0.9024657082140384,101,2,0.265972300674705,18,1,17,1
logistic_ref,cpu,20260923,2,cn7,Max_Injection_Pressure,le_train_median,0.6352098982042783,189,2,0.21475390870195993,20,1,19,1
logistic_ref,cpu,20260923,2,cn7,Max_Injection_Pressure,gt_train_median,0.6352098982042783,4,0,0.02797668969563024,0,0,0,0
logistic_ref,cpu,20260923,2,cn7,Max_Switch_Over_Pressure,le_train_median,-0.0104813786226104,106,0,0.11119769401705211,3,0,3,0
logistic_ref,cpu,20260923,2,cn7,Max_Switch_Over_Pressure,gt_train_median,-0.0104813786226104,87,2,0.33233839008787863,17,1,16,1
logistic_ref,cpu,20260923,2,rg3,Clamp_Close_Time,le_train_median,-0.3867898224103817,116,3,0.3747976630623405,7,1,6,2
logistic_ref,cpu,20260923,2,rg3,Clamp_Close_Time,gt_train_median,-0.3867898224103817,72,1,0.50981175119206,12,1,11,0
logistic_ref,cpu,20260923,2,rg3,Max_Injection_Pressure,le_train_median,-0.1088018718162931,118,3,0.38855252256104844,10,2,8,1
logistic_ref,cpu,20260923,2,rg3,Max_Injection_Pressure,gt_train_median,-0.1088018718162931,70,1,0.49048253341223014,9,0,9,1
logistic_ref,cpu,20260923,2,rg3,Max_Switch_Over_Pressure,le_train_median,0.0757286837402434,110,2,0.3751806454554424,6,1,5,1
logistic_ref,cpu,20260923,2,rg3,Max_Switch_Over_Pressure,gt_train_median,0.0757286837402434,78,2,0.4988859487302713,13,1,12,1
logistic_ref,cpu,20260923,3,cn7,Clamp_Close_Time,le_train_median,-0.9024657082140384,96,0,0.12252354801806863,4,0,4,0
logistic_ref,cpu,20260923,3,cn7,Clamp_Close_Time,gt_train_median,-0.9024657082140384,96,2,0.18951567449056225,16,1,15,1
logistic_ref,cpu,20260923,3,cn7,Max_Injection_Pressure,le_train_median,0.6352098982042783,184,2,0.160210611532182,20,1,19,1
logistic_ref,cpu,20260923,3,cn7,Max_Injection_Pressure,gt_train_median,0.6352098982042783,8,0,0.05962660486338424,0,0,0,0
logistic_ref,cpu,20260923,3,cn7,Max_Switch_Over_Pressure,le_train_median,-0.0104813786226104,112,0,0.1285330600749317,10,0,10,0
logistic_ref,cpu,20260923,3,cn7,Max_Switch_Over_Pressure,gt_train_median,-0.0104813786226104,80,2,0.19450078290545264,10,1,9,1
logistic_ref,cpu,20260923,3,rg3,Clamp_Close_Time,le_train_median,-0.3867898224103817,106,1,0.40552857495581435,13,0,13,1
logistic_ref,cpu,20260923,3,rg3,Clamp_Close_Time,gt_train_median,-0.3867898224103817,84,3,0.42131621214404724,6,0,6,3
logistic_ref,cpu,20260923,3,rg3,Max_Injection_Pressure,le_train_median,-0.1088018718162931,96,1,0.3992387164986022,8,0,8,1
logistic_ref,cpu,20260923,3,rg3,Max_Injection_Pressure,gt_train_median,-0.1088018718162931,94,3,0.42606036150585597,11,0,11,3
logistic_ref,cpu,20260923,3,rg3,Max_Switch_Over_Pressure,le_train_median,0.0757286837402434,106,3,0.38530774673213813,6,0,6,3
logistic_ref,cpu,20260923,3,rg3,Max_Switch_Over_Pressure,gt_train_median,0.0757286837402434,84,1,0.44683297156916235,13,0,13,1
logistic_ref,cpu,20260923,4,cn7,Clamp_Close_Time,le_train_median,-0.9024657082140384,100,0,0.09194906938047681,4,0,4,0
logistic_ref,cpu,20260923,4,cn7,Clamp_Close_Time,gt_train_median,-0.9024657082140384,92,3,0.2007068116696922,16,3,13,0
logistic_ref,cpu,20260923,4,cn7,Max_Injection_Pressure,le_train_median,0.6352098982042783,174,3,0.15234995113281802,20,3,17,0
logistic_ref,cpu,20260923,4,cn7,Max_Injection_Pressure,gt_train_median,0.6352098982042783,18,0,0.06394678414161266,0,0,0,0
logistic_ref,cpu,20260923,4,cn7,Max_Switch_Over_Pressure,le_train_median,-0.0104813786226104,102,0,0.08760771630156762,4,0,4,0
logistic_ref,cpu,20260923,4,cn7,Max_Switch_Over_Pressure,gt_train_median,-0.0104813786226104,90,3,0.20804385054332744,16,3,13,0
logistic_ref,cpu,20260923,4,rg3,Clamp_Close_Time,le_train_median,-0.3867898224103817,114,3,0.4334336502163678,10,0,10,3
logistic_ref,cpu,20260923,4,rg3,Clamp_Close_Time,gt_train_median,-0.3867898224103817,76,1,0.5558508456578388,9,0,9,1
logistic_ref,cpu,20260923,4,rg3,Max_Injection_Pressure,le_train_median,-0.1088018718162931,82,1,0.4949018881297847,9,0,9,1
logistic_ref,cpu,20260923,4,rg3,Max_Injection_Pressure,gt_train_median,-0.1088018718162931,108,3,0.4729087552594383,10,0,10,3
logistic_ref,cpu,20260923,4,rg3,Max_Switch_Over_Pressure,le_train_median,0.0757286837402434,94,2,0.46238146075714187,7,0,7,2
logistic_ref,cpu,20260923,4,rg3,Max_Switch_Over_Pressure,gt_train_median,0.0757286837402434,96,2,0.502002532119691,12,0,12,2
logistic_ref,cpu,20260924,0,cn7,Clamp_Close_Time,le_train_median,-0.9024657082140384,118,0,0.11353591739606111,4,0,4,0
logistic_ref,cpu,20260924,0,cn7,Clamp_Close_Time,gt_train_median,-0.9024657082140384,76,3,0.3131847736196662,16,2,14,1
logistic_ref,cpu,20260924,0,cn7,Max_Injection_Pressure,le_train_median,0.6352098982042783,188,3,0.19688099783166732,20,2,18,1
logistic_ref,cpu,20260924,0,cn7,Max_Injection_Pressure,gt_train_median,0.6352098982042783,6,0,0.03094224257939553,0,0,0,0
logistic_ref,cpu,20260924,0,cn7,Max_Switch_Over_Pressure,le_train_median,-0.0104813786226104,104,1,0.09169310248525386,2,0,2,1
logistic_ref,cpu,20260924,0,cn7,Max_Switch_Over_Pressure,gt_train_median,-0.0104813786226104,90,2,0.3073688709929271,18,2,16,0
logistic_ref,cpu,20260924,0,rg3,Clamp_Close_Time,le_train_median,-0.3867898224103817,118,1,0.3943147492432452,8,0,8,1
logistic_ref,cpu,20260924,0,rg3,Clamp_Close_Time,gt_train_median,-0.3867898224103817,72,3,0.4662451372532138,11,0,11,3
logistic_ref,cpu,20260924,0,rg3,Max_Injection_Pressure,le_train_median,-0.1088018718162931,96,2,0.36144657165877714,3,0,3,2
logistic_ref,cpu,20260924,0,rg3,Max_Injection_Pressure,gt_train_median,-0.1088018718162931,94,2,0.48297786610310356,16,0,16,2
logistic_ref,cpu,20260924,0,rg3,Max_Switch_Over_Pressure,le_train_median,0.0757286837402434,112,3,0.36726491923510896,5,0,5,3
logistic_ref,cpu,20260924,0,rg3,Max_Switch_Over_Pressure,gt_train_median,0.0757286837402434,78,1,0.4995528120333606,14,0,14,1
logistic_ref,cpu,20260924,1,cn7,Clamp_Close_Time,le_train_median,-0.9024657082140384,118,0,0.1023829834181632,4,0,4,0
logistic_ref,cpu,20260924,1,cn7,Clamp_Close_Time,gt_train_median,-0.9024657082140384,78,3,0.2090614320544178,16,2,14,1
logistic_ref,cpu,20260924,1,cn7,Max_Injection_Pressure,le_train_median,0.6352098982042783,190,3,0.14630918010705538,20,2,18,1
logistic_ref,cpu,20260924,1,cn7,Max_Injection_Pressure,gt_train_median,0.6352098982042783,6,0,0.09820658720788696,0,0,0,0
logistic_ref,cpu,20260924,1,cn7,Max_Switch_Over_Pressure,le_train_median,-0.0104813786226104,120,2,0.1138644266666569,10,2,8,0
logistic_ref,cpu,20260924,1,cn7,Max_Switch_Over_Pressure,gt_train_median,-0.0104813786226104,76,1,0.19374016504722394,10,0,10,1
logistic_ref,cpu,20260924,1,rg3,Clamp_Close_Time,le_train_median,-0.3867898224103817,102,3,0.337474577374096,3,0,3,3
logistic_ref,cpu,20260924,1,rg3,Clamp_Close_Time,gt_train_median,-0.3867898224103817,86,1,0.4559103787944132,16,0,16,1
logistic_ref,cpu,20260924,1,rg3,Max_Injection_Pressure,le_train_median,-0.1088018718162931,122,2,0.37835252265322955,15,0,15,2
logistic_ref,cpu,20260924,1,rg3,Max_Injection_Pressure,gt_train_median,-0.1088018718162931,66,2,0.41623775310277755,4,0,4,2
logistic_ref,cpu,20260924,1,rg3,Max_Switch_Over_Pressure,le_train_median,0.0757286837402434,116,2,0.34945083755614875,11,0,11,2
logistic_ref,cpu,20260924,1,rg3,Max_Switch_Over_Pressure,gt_train_median,0.0757286837402434,72,2,0.4596444765550566,8,0,8,2
logistic_ref,cpu,20260924,2,cn7,Clamp_Close_Time,le_train_median,-0.9024657082140384,92,0,0.15040427320986685,2,0,2,0
logistic_ref,cpu,20260924,2,cn7,Clamp_Close_Time,gt_train_median,-0.9024657082140384,101,2,0.265972300674705,18,1,17,1
logistic_ref,cpu,20260924,2,cn7,Max_Injection_Pressure,le_train_median,0.6352098982042783,189,2,0.21475390870195993,20,1,19,1
logistic_ref,cpu,20260924,2,cn7,Max_Injection_Pressure,gt_train_median,0.6352098982042783,4,0,0.02797668969563024,0,0,0,0
logistic_ref,cpu,20260924,2,cn7,Max_Switch_Over_Pressure,le_train_median,-0.0104813786226104,106,0,0.11119769401705211,3,0,3,0
logistic_ref,cpu,20260924,2,cn7,Max_Switch_Over_Pressure,gt_train_median,-0.0104813786226104,87,2,0.33233839008787863,17,1,16,1
logistic_ref,cpu,20260924,2,rg3,Clamp_Close_Time,le_train_median,-0.3867898224103817,116,3,0.3747976630623405,7,1,6,2
logistic_ref,cpu,20260924,2,rg3,Clamp_Close_Time,gt_train_median,-0.3867898224103817,72,1,0.50981175119206,12,1,11,0
logistic_ref,cpu,20260924,2,rg3,Max_Injection_Pressure,le_train_median,-0.1088018718162931,118,3,0.38855252256104844,10,2,8,1
logistic_ref,cpu,20260924,2,rg3,Max_Injection_Pressure,gt_train_median,-0.1088018718162931,70,1,0.49048253341223014,9,0,9,1
logistic_ref,cpu,20260924,2,rg3,Max_Switch_Over_Pressure,le_train_median,0.0757286837402434,110,2,0.3751806454554424,6,1,5,1
logistic_ref,cpu,20260924,2,rg3,Max_Switch_Over_Pressure,gt_train_median,0.0757286837402434,78,2,0.4988859487302713,13,1,12,1
logistic_ref,cpu,20260924,3,cn7,Clamp_Close_Time,le_train_median,-0.9024657082140384,96,0,0.12252354801806863,4,0,4,0
logistic_ref,cpu,20260924,3,cn7,Clamp_Close_Time,gt_train_median,-0.9024657082140384,96,2,0.18951567449056225,16,1,15,1
logistic_ref,cpu,20260924,3,cn7,Max_Injection_Pressure,le_train_median,0.6352098982042783,184,2,0.160210611532182,20,1,19,1
logistic_ref,cpu,20260924,3,cn7,Max_Injection_Pressure,gt_train_median,0.6352098982042783,8,0,0.05962660486338424,0,0,0,0
logistic_ref,cpu,20260924,3,cn7,Max_Switch_Over_Pressure,le_train_median,-0.0104813786226104,112,0,0.1285330600749317,10,0,10,0
logistic_ref,cpu,20260924,3,cn7,Max_Switch_Over_Pressure,gt_train_median,-0.0104813786226104,80,2,0.19450078290545264,10,1,9,1
logistic_ref,cpu,20260924,3,rg3,Clamp_Close_Time,le_train_median,-0.3867898224103817,106,1,0.40552857495581435,13,0,13,1
logistic_ref,cpu,20260924,3,rg3,Clamp_Close_Time,gt_train_median,-0.3867898224103817,84,3,0.42131621214404724,6,0,6,3
logistic_ref,cpu,20260924,3,rg3,Max_Injection_Pressure,le_train_median,-0.1088018718162931,96,1,0.3992387164986022,8,0,8,1
logistic_ref,cpu,20260924,3,rg3,Max_Injection_Pressure,gt_train_median,-0.1088018718162931,94,3,0.42606036150585597,11,0,11,3
logistic_ref,cpu,20260924,3,rg3,Max_Switch_Over_Pressure,le_train_median,0.0757286837402434,106,3,0.38530774673213813,6,0,6,3
logistic_ref,cpu,20260924,3,rg3,Max_Switch_Over_Pressure,gt_train_median,0.0757286837402434,84,1,0.44683297156916235,13,0,13,1
logistic_ref,cpu,20260924,4,cn7,Clamp_Close_Time,le_train_median,-0.9024657082140384,100,0,0.09194906938047681,4,0,4,0
logistic_ref,cpu,20260924,4,cn7,Clamp_Close_Time,gt_train_median,-0.9024657082140384,92,3,0.2007068116696922,16,3,13,0
logistic_ref,cpu,20260924,4,cn7,Max_Injection_Pressure,le_train_median,0.6352098982042783,174,3,0.15234995113281802,20,3,17,0
logistic_ref,cpu,20260924,4,cn7,Max_Injection_Pressure,gt_train_median,0.6352098982042783,18,0,0.06394678414161266,0,0,0,0
logistic_ref,cpu,20260924,4,cn7,Max_Switch_Over_Pressure,le_train_median,-0.0104813786226104,102,0,0.08760771630156762,4,0,4,0
logistic_ref,cpu,20260924,4,cn7,Max_Switch_Over_Pressure,gt_train_median,-0.0104813786226104,90,3,0.20804385054332744,16,3,13,0
logistic_ref,cpu,20260924,4,rg3,Clamp_Close_Time,le_train_median,-0.3867898224103817,114,3,0.4334336502163678,10,0,10,3
logistic_ref,cpu,20260924,4,rg3,Clamp_Close_Time,gt_train_median,-0.3867898224103817,76,1,0.5558508456578388,9,0,9,1
logistic_ref,cpu,20260924,4,rg3,Max_Injection_Pressure,le_train_median,-0.1088018718162931,82,1,0.4949018881297847,9,0,9,1
logistic_ref,cpu,20260924,4,rg3,Max_Injection_Pressure,gt_train_median,-0.1088018718162931,108,3,0.4729087552594383,10,0,10,3
logistic_ref,cpu,20260924,4,rg3,Max_Switch_Over_Pressure,le_train_median,0.0757286837402434,94,2,0.46238146075714187,7,0,7,2
logistic_ref,cpu,20260924,4,rg3,Max_Switch_Over_Pressure,gt_train_median,0.0757286837402434,96,2,0.502002532119691,12,0,12,2
lgbm_shallow,cpu,20260922,0,cn7,Clamp_Close_Time,le_train_median,-0.9024657082140384,118,0,0.014291145840516162,2,0,2,0
lgbm_shallow,cpu,20260922,0,cn7,Clamp_Close_Time,gt_train_median,-0.9024657082140384,76,3,0.13796991485249768,18,0,18,3
lgbm_shallow,cpu,20260922,0,cn7,Max_Injection_Pressure,le_train_median,0.6352098982042783,188,3,0.06426136328696513,20,0,20,3
lgbm_shallow,cpu,20260922,0,cn7,Max_Injection_Pressure,gt_train_median,0.6352098982042783,6,0,0.0151554066702145,0,0,0,0
lgbm_shallow,cpu,20260922,0,cn7,Max_Switch_Over_Pressure,le_train_median,-0.0104813786226104,104,1,0.03294152955108905,4,0,4,1
lgbm_shallow,cpu,20260922,0,cn7,Max_Switch_Over_Pressure,gt_train_median,-0.0104813786226104,90,2,0.09717944071841633,16,0,16,2
lgbm_shallow,cpu,20260922,0,rg3,Clamp_Close_Time,le_train_median,-0.3867898224103817,118,1,0.08553061817914889,9,0,9,1
lgbm_shallow,cpu,20260922,0,rg3,Clamp_Close_Time,gt_train_median,-0.3867898224103817,72,3,0.10435836203433789,10,1,9,2
lgbm_shallow,cpu,20260922,0,rg3,Max_Injection_Pressure,le_train_median,-0.1088018718162931,96,2,0.05539219967316369,4,1,3,1
lgbm_shallow,cpu,20260922,0,rg3,Max_Injection_Pressure,gt_train_median,-0.1088018718162931,94,2,0.13073153024455517,15,0,15,2
lgbm_shallow,cpu,20260922,0,rg3,Max_Switch_Over_Pressure,le_train_median,0.0757286837402434,112,3,0.08377416163542979,10,1,9,2
lgbm_shallow,cpu,20260922,0,rg3,Max_Switch_Over_Pressure,gt_train_median,0.0757286837402434,78,1,0.10543216549286875,9,0,9,1
lgbm_shallow,cpu,20260922,1,cn7,Clamp_Close_Time,le_train_median,-0.9024657082140384,118,0,0.005105154733017707,2,0,2,0
lgbm_shallow,cpu,20260922,1,cn7,Clamp_Close_Time,gt_train_median,-0.9024657082140384,78,3,0.053976413683839104,18,2,16,1
lgbm_shallow,cpu,20260922,1,cn7,Max_Injection_Pressure,le_train_median,0.6352098982042783,190,3,0.024882691032897745,18,2,16,1
lgbm_shallow,cpu,20260922,1,cn7,Max_Injection_Pressure,gt_train_median,0.6352098982042783,6,0,0.014142871597494451,2,0,2,0
lgbm_shallow,cpu,20260922,1,cn7,Max_Switch_Over_Pressure,le_train_median,-0.0104813786226104,120,2,0.011560479603382112,8,1,7,1
lgbm_shallow,cpu,20260922,1,cn7,Max_Switch_Over_Pressure,gt_train_median,-0.0104813786226104,76,1,0.04506988122933796,12,1,11,0
lgbm_shallow,cpu,20260922,1,rg3,Clamp_Close_Time,le_train_median,-0.3867898224103817,102,3,0.05226883423086771,3,0,3,3
lgbm_shallow,cpu,20260922,1,rg3,Clamp_Close_Time,gt_train_median,-0.3867898224103817,86,1,0.12556432924691976,16,0,16,1
lgbm_shallow,cpu,20260922,1,rg3,Max_Injection_Pressure,le_train_median,-0.1088018718162931,122,2,0.09452637978465292,16,0,16,2
lgbm_shallow,cpu,20260922,1,rg3,Max_Injection_Pressure,gt_train_median,-0.1088018718162931,66,2,0.06966265262205985,3,0,3,2
lgbm_shallow,cpu,20260922,1,rg3,Max_Switch_Over_Pressure,le_train_median,0.0757286837402434,116,2,0.09787531809984171,14,0,14,2
lgbm_shallow,cpu,20260922,1,rg3,Max_Switch_Over_Pressure,gt_train_median,0.0757286837402434,72,2,0.06633911815558291,5,0,5,2
lgbm_shallow,cpu,20260922,2,cn7,Clamp_Close_Time,le_train_median,-0.9024657082140384,92,0,0.02312832458915426,0,0,0,0
lgbm_shallow,cpu,20260922,2,cn7,Clamp_Close_Time,gt_train_median,-0.9024657082140384,101,2,0.11360715259318095,20,1,19,1
lgbm_shallow,cpu,20260922,2,cn7,Max_Injection_Pressure,le_train_median,0.6352098982042783,189,2,0.07191899059289711,20,1,19,1
lgbm_shallow,cpu,20260922,2,cn7,Max_Injection_Pressure,gt_train_median,0.6352098982042783,4,0,0.002359763013977768,0,0,0,0
lgbm_shallow,cpu,20260922,2,cn7,Max_Switch_Over_Pressure,le_train_median,-0.0104813786226104,106,0,0.04766464415665015,4,0,4,0
lgbm_shallow,cpu,20260922,2,cn7,Max_Switch_Over_Pressure,gt_train_median,-0.0104813786226104,87,2,0.0982721378564201,16,1,15,1
lgbm_shallow,cpu,20260922,2,rg3,Clamp_Close_Time,le_train_median,-0.3867898224103817,116,3,0.10575478275252145,12,0,12,3
lgbm_shallow,cpu,20260922,2,rg3,Clamp_Close_Time,gt_train_median,-0.3867898224103817,72,1,0.07830286095533127,7,1,6,0
lgbm_shallow,cpu,20260922,2,rg3,Max_Injection_Pressure,le_train_median,-0.1088018718162931,118,3,0.084155420038351,8,1,7,2
lgbm_shallow,cpu,20260922,2,rg3,Max_Injection_Pressure,gt_train_median,-0.1088018718162931,70,1,0.11392887462215602,11,0,11,1
lgbm_shallow,cpu,20260922,2,rg3,Max_Switch_Over_Pressure,le_train_median,0.0757286837402434,110,2,0.09241081720475149,11,1,10,1
lgbm_shallow,cpu,20260922,2,rg3,Max_Switch_Over_Pressure,gt_train_median,0.0757286837402434,78,2,0.09923296019940613,8,0,8,2
lgbm_shallow,cpu,20260922,3,cn7,Clamp_Close_Time,le_train_median,-0.9024657082140384,96,0,0.011836274271447777,2,0,2,0
lgbm_shallow,cpu,20260922,3,cn7,Clamp_Close_Time,gt_train_median,-0.9024657082140384,96,2,0.07553293713650015,18,1,17,1
lgbm_shallow,cpu,20260922,3,cn7,Max_Injection_Pressure,le_train_median,0.6352098982042783,184,2,0.04474855199064695,20,1,19,1
lgbm_shallow,cpu,20260922,3,cn7,Max_Injection_Pressure,gt_train_median,0.6352098982042783,8,0,0.019213841110495226,0,0,0,0
lgbm_shallow,cpu,20260922,3,cn7,Max_Switch_Over_Pressure,le_train_median,-0.0104813786226104,112,0,0.04110201493730031,10,0,10,0
lgbm_shallow,cpu,20260922,3,cn7,Max_Switch_Over_Pressure,gt_train_median,-0.0104813786226104,80,2,0.047300232777317076,10,1,9,1
lgbm_shallow,cpu,20260922,3,rg3,Clamp_Close_Time,le_train_median,-0.3867898224103817,106,1,0.12775980654400249,13,0,13,1
lgbm_shallow,cpu,20260922,3,rg3,Clamp_Close_Time,gt_train_median,-0.3867898224103817,84,3,0.10080654149579929,6,0,6,3
lgbm_shallow,cpu,20260922,3,rg3,Max_Injection_Pressure,le_train_median,-0.1088018718162931,96,1,0.1141515751719584,9,0,9,1
lgbm_shallow,cpu,20260922,3,rg3,Max_Injection_Pressure,gt_train_median,-0.1088018718162931,94,3,0.11757167832769576,10,0,10,3
lgbm_shallow,cpu,20260922,3,rg3,Max_Switch_Over_Pressure,le_train_median,0.0757286837402434,106,3,0.12474289779580619,11,0,11,3
lgbm_shallow,cpu,20260922,3,rg3,Max_Switch_Over_Pressure,gt_train_median,0.0757286837402434,84,1,0.10461359301138032,8,0,8,1
lgbm_shallow,cpu,20260922,4,cn7,Clamp_Close_Time,le_train_median,-0.9024657082140384,100,0,0.005596245799292498,0,0,0,0
lgbm_shallow,cpu,20260922,4,cn7,Clamp_Close_Time,gt_train_median,-0.9024657082140384,92,3,0.07430565728610398,20,3,17,0
lgbm_shallow,cpu,20260922,4,cn7,Max_Injection_Pressure,le_train_median,0.6352098982042783,174,3,0.041823698178382905,20,3,17,0
lgbm_shallow,cpu,20260922,4,cn7,Max_Injection_Pressure,gt_train_median,0.6352098982042783,18,0,0.006578975956232748,0,0,0,0
lgbm_shallow,cpu,20260922,4,cn7,Max_Switch_Over_Pressure,le_train_median,-0.0104813786226104,102,0,0.02705173279946358,8,0,8,0
lgbm_shallow,cpu,20260922,4,cn7,Max_Switch_Over_Pressure,gt_train_median,-0.0104813786226104,90,3,0.05151631449672811,12,3,9,0
lgbm_shallow,cpu,20260922,4,rg3,Clamp_Close_Time,le_train_median,-0.3867898224103817,114,3,0.14890152823701286,17,0,17,3
lgbm_shallow,cpu,20260922,4,rg3,Clamp_Close_Time,gt_train_median,-0.3867898224103817,76,1,0.0801446658537311,2,1,1,0
lgbm_shallow,cpu,20260922,4,rg3,Max_Injection_Pressure,le_train_median,-0.1088018718162931,82,1,0.09206756991897931,4,1,3,0
lgbm_shallow,cpu,20260922,4,rg3,Max_Injection_Pressure,gt_train_median,-0.1088018718162931,108,3,0.1436687786161734,15,0,15,3
lgbm_shallow,cpu,20260922,4,rg3,Max_Switch_Over_Pressure,le_train_median,0.0757286837402434,94,2,0.08978867627761701,3,1,2,1
lgbm_shallow,cpu,20260922,4,rg3,Max_Switch_Over_Pressure,gt_train_median,0.0757286837402434,96,2,0.1523503463938232,16,0,16,2
lgbm_shallow,cpu,20260923,0,cn7,Clamp_Close_Time,le_train_median,-0.9024657082140384,118,0,0.014291145840516162,2,0,2,0
lgbm_shallow,cpu,20260923,0,cn7,Clamp_Close_Time,gt_train_median,-0.9024657082140384,76,3,0.13796991485249768,18,0,18,3
lgbm_shallow,cpu,20260923,0,cn7,Max_Injection_Pressure,le_train_median,0.6352098982042783,188,3,0.06426136328696513,20,0,20,3
lgbm_shallow,cpu,20260923,0,cn7,Max_Injection_Pressure,gt_train_median,0.6352098982042783,6,0,0.0151554066702145,0,0,0,0
lgbm_shallow,cpu,20260923,0,cn7,Max_Switch_Over_Pressure,le_train_median,-0.0104813786226104,104,1,0.03294152955108905,4,0,4,1
lgbm_shallow,cpu,20260923,0,cn7,Max_Switch_Over_Pressure,gt_train_median,-0.0104813786226104,90,2,0.09717944071841633,16,0,16,2
lgbm_shallow,cpu,20260923,0,rg3,Clamp_Close_Time,le_train_median,-0.3867898224103817,118,1,0.08553061817914889,9,0,9,1
lgbm_shallow,cpu,20260923,0,rg3,Clamp_Close_Time,gt_train_median,-0.3867898224103817,72,3,0.10435836203433789,10,1,9,2
lgbm_shallow,cpu,20260923,0,rg3,Max_Injection_Pressure,le_train_median,-0.1088018718162931,96,2,0.05539219967316369,4,1,3,1
lgbm_shallow,cpu,20260923,0,rg3,Max_Injection_Pressure,gt_train_median,-0.1088018718162931,94,2,0.13073153024455517,15,0,15,2
lgbm_shallow,cpu,20260923,0,rg3,Max_Switch_Over_Pressure,le_train_median,0.0757286837402434,112,3,0.08377416163542979,10,1,9,2
lgbm_shallow,cpu,20260923,0,rg3,Max_Switch_Over_Pressure,gt_train_median,0.0757286837402434,78,1,0.10543216549286875,9,0,9,1
lgbm_shallow,cpu,20260923,1,cn7,Clamp_Close_Time,le_train_median,-0.9024657082140384,118,0,0.005105154733017707,2,0,2,0
lgbm_shallow,cpu,20260923,1,cn7,Clamp_Close_Time,gt_train_median,-0.9024657082140384,78,3,0.053976413683839104,18,2,16,1
lgbm_shallow,cpu,20260923,1,cn7,Max_Injection_Pressure,le_train_median,0.6352098982042783,190,3,0.024882691032897745,18,2,16,1
lgbm_shallow,cpu,20260923,1,cn7,Max_Injection_Pressure,gt_train_median,0.6352098982042783,6,0,0.014142871597494451,2,0,2,0
lgbm_shallow,cpu,20260923,1,cn7,Max_Switch_Over_Pressure,le_train_median,-0.0104813786226104,120,2,0.011560479603382112,8,1,7,1
lgbm_shallow,cpu,20260923,1,cn7,Max_Switch_Over_Pressure,gt_train_median,-0.0104813786226104,76,1,0.04506988122933796,12,1,11,0
lgbm_shallow,cpu,20260923,1,rg3,Clamp_Close_Time,le_train_median,-0.3867898224103817,102,3,0.05226883423086771,3,0,3,3
lgbm_shallow,cpu,20260923,1,rg3,Clamp_Close_Time,gt_train_median,-0.3867898224103817,86,1,0.12556432924691976,16,0,16,1
lgbm_shallow,cpu,20260923,1,rg3,Max_Injection_Pressure,le_train_median,-0.1088018718162931,122,2,0.09452637978465292,16,0,16,2
lgbm_shallow,cpu,20260923,1,rg3,Max_Injection_Pressure,gt_train_median,-0.1088018718162931,66,2,0.06966265262205985,3,0,3,2
lgbm_shallow,cpu,20260923,1,rg3,Max_Switch_Over_Pressure,le_train_median,0.0757286837402434,116,2,0.09787531809984171,14,0,14,2
lgbm_shallow,cpu,20260923,1,rg3,Max_Switch_Over_Pressure,gt_train_median,0.0757286837402434,72,2,0.06633911815558291,5,0,5,2
lgbm_shallow,cpu,20260923,2,cn7,Clamp_Close_Time,le_train_median,-0.9024657082140384,92,0,0.02312832458915426,0,0,0,0
lgbm_shallow,cpu,20260923,2,cn7,Clamp_Close_Time,gt_train_median,-0.9024657082140384,101,2,0.11360715259318095,20,1,19,1
lgbm_shallow,cpu,20260923,2,cn7,Max_Injection_Pressure,le_train_median,0.6352098982042783,189,2,0.07191899059289711,20,1,19,1
lgbm_shallow,cpu,20260923,2,cn7,Max_Injection_Pressure,gt_train_median,0.6352098982042783,4,0,0.002359763013977768,0,0,0,0
lgbm_shallow,cpu,20260923,2,cn7,Max_Switch_Over_Pressure,le_train_median,-0.0104813786226104,106,0,0.04766464415665015,4,0,4,0
lgbm_shallow,cpu,20260923,2,cn7,Max_Switch_Over_Pressure,gt_train_median,-0.0104813786226104,87,2,0.0982721378564201,16,1,15,1
lgbm_shallow,cpu,20260923,2,rg3,Clamp_Close_Time,le_train_median,-0.3867898224103817,116,3,0.10575478275252145,12,0,12,3
lgbm_shallow,cpu,20260923,2,rg3,Clamp_Close_Time,gt_train_median,-0.3867898224103817,72,1,0.07830286095533127,7,1,6,0
lgbm_shallow,cpu,20260923,2,rg3,Max_Injection_Pressure,le_train_median,-0.1088018718162931,118,3,0.084155420038351,8,1,7,2
lgbm_shallow,cpu,20260923,2,rg3,Max_Injection_Pressure,gt_train_median,-0.1088018718162931,70,1,0.11392887462215602,11,0,11,1
lgbm_shallow,cpu,20260923,2,rg3,Max_Switch_Over_Pressure,le_train_median,0.0757286837402434,110,2,0.09241081720475149,11,1,10,1
lgbm_shallow,cpu,20260923,2,rg3,Max_Switch_Over_Pressure,gt_train_median,0.0757286837402434,78,2,0.09923296019940613,8,0,8,2
lgbm_shallow,cpu,20260923,3,cn7,Clamp_Close_Time,le_train_median,-0.9024657082140384,96,0,0.011836274271447777,2,0,2,0
lgbm_shallow,cpu,20260923,3,cn7,Clamp_Close_Time,gt_train_median,-0.9024657082140384,96,2,0.07553293713650015,18,1,17,1
lgbm_shallow,cpu,20260923,3,cn7,Max_Injection_Pressure,le_train_median,0.6352098982042783,184,2,0.04474855199064695,20,1,19,1
lgbm_shallow,cpu,20260923,3,cn7,Max_Injection_Pressure,gt_train_median,0.6352098982042783,8,0,0.019213841110495226,0,0,0,0
lgbm_shallow,cpu,20260923,3,cn7,Max_Switch_Over_Pressure,le_train_median,-0.0104813786226104,112,0,0.04110201493730031,10,0,10,0
lgbm_shallow,cpu,20260923,3,cn7,Max_Switch_Over_Pressure,gt_train_median,-0.0104813786226104,80,2,0.047300232777317076,10,1,9,1
lgbm_shallow,cpu,20260923,3,rg3,Clamp_Close_Time,le_train_median,-0.3867898224103817,106,1,0.12775980654400249,13,0,13,1
lgbm_shallow,cpu,20260923,3,rg3,Clamp_Close_Time,gt_train_median,-0.3867898224103817,84,3,0.10080654149579929,6,0,6,3
lgbm_shallow,cpu,20260923,3,rg3,Max_Injection_Pressure,le_train_median,-0.1088018718162931,96,1,0.1141515751719584,9,0,9,1
lgbm_shallow,cpu,20260923,3,rg3,Max_Injection_Pressure,gt_train_median,-0.1088018718162931,94,3,0.11757167832769576,10,0,10,3
lgbm_shallow,cpu,20260923,3,rg3,Max_Switch_Over_Pressure,le_train_median,0.0757286837402434,106,3,0.12474289779580619,11,0,11,3
lgbm_shallow,cpu,20260923,3,rg3,Max_Switch_Over_Pressure,gt_train_median,0.0757286837402434,84,1,0.10461359301138032,8,0,8,1
lgbm_shallow,cpu,20260923,4,cn7,Clamp_Close_Time,le_train_median,-0.9024657082140384,100,0,0.005596245799292498,0,0,0,0
lgbm_shallow,cpu,20260923,4,cn7,Clamp_Close_Time,gt_train_median,-0.9024657082140384,92,3,0.07430565728610398,20,3,17,0
lgbm_shallow,cpu,20260923,4,cn7,Max_Injection_Pressure,le_train_median,0.6352098982042783,174,3,0.041823698178382905,20,3,17,0
lgbm_shallow,cpu,20260923,4,cn7,Max_Injection_Pressure,gt_train_median,0.6352098982042783,18,0,0.006578975956232748,0,0,0,0
lgbm_shallow,cpu,20260923,4,cn7,Max_Switch_Over_Pressure,le_train_median,-0.0104813786226104,102,0,0.02705173279946358,8,0,8,0
lgbm_shallow,cpu,20260923,4,cn7,Max_Switch_Over_Pressure,gt_train_median,-0.0104813786226104,90,3,0.05151631449672811,12,3,9,0
lgbm_shallow,cpu,20260923,4,rg3,Clamp_Close_Time,le_train_median,-0.3867898224103817,114,3,0.14890152823701286,17,0,17,3
lgbm_shallow,cpu,20260923,4,rg3,Clamp_Close_Time,gt_train_median,-0.3867898224103817,76,1,0.0801446658537311,2,1,1,0
lgbm_shallow,cpu,20260923,4,rg3,Max_Injection_Pressure,le_train_median,-0.1088018718162931,82,1,0.09206756991897931,4,1,3,0
lgbm_shallow,cpu,20260923,4,rg3,Max_Injection_Pressure,gt_train_median,-0.1088018718162931,108,3,0.1436687786161734,15,0,15,3
lgbm_shallow,cpu,20260923,4,rg3,Max_Switch_Over_Pressure,le_train_median,0.0757286837402434,94,2,0.08978867627761701,3,1,2,1
lgbm_shallow,cpu,20260923,4,rg3,Max_Switch_Over_Pressure,gt_train_median,0.0757286837402434,96,2,0.1523503463938232,16,0,16,2
lgbm_shallow,cpu,20260924,0,cn7,Clamp_Close_Time,le_train_median,-0.9024657082140384,118,0,0.014291145840516162,2,0,2,0
lgbm_shallow,cpu,20260924,0,cn7,Clamp_Close_Time,gt_train_median,-0.9024657082140384,76,3,0.13796991485249768,18,0,18,3
lgbm_shallow,cpu,20260924,0,cn7,Max_Injection_Pressure,le_train_median,0.6352098982042783,188,3,0.06426136328696513,20,0,20,3
lgbm_shallow,cpu,20260924,0,cn7,Max_Injection_Pressure,gt_train_median,0.6352098982042783,6,0,0.0151554066702145,0,0,0,0
lgbm_shallow,cpu,20260924,0,cn7,Max_Switch_Over_Pressure,le_train_median,-0.0104813786226104,104,1,0.03294152955108905,4,0,4,1
lgbm_shallow,cpu,20260924,0,cn7,Max_Switch_Over_Pressure,gt_train_median,-0.0104813786226104,90,2,0.09717944071841633,16,0,16,2
lgbm_shallow,cpu,20260924,0,rg3,Clamp_Close_Time,le_train_median,-0.3867898224103817,118,1,0.08553061817914889,9,0,9,1
lgbm_shallow,cpu,20260924,0,rg3,Clamp_Close_Time,gt_train_median,-0.3867898224103817,72,3,0.10435836203433789,10,1,9,2
lgbm_shallow,cpu,20260924,0,rg3,Max_Injection_Pressure,le_train_median,-0.1088018718162931,96,2,0.05539219967316369,4,1,3,1
lgbm_shallow,cpu,20260924,0,rg3,Max_Injection_Pressure,gt_train_median,-0.1088018718162931,94,2,0.13073153024455517,15,0,15,2
lgbm_shallow,cpu,20260924,0,rg3,Max_Switch_Over_Pressure,le_train_median,0.0757286837402434,112,3,0.08377416163542979,10,1,9,2
lgbm_shallow,cpu,20260924,0,rg3,Max_Switch_Over_Pressure,gt_train_median,0.0757286837402434,78,1,0.10543216549286875,9,0,9,1
lgbm_shallow,cpu,20260924,1,cn7,Clamp_Close_Time,le_train_median,-0.9024657082140384,118,0,0.005105154733017707,2,0,2,0
lgbm_shallow,cpu,20260924,1,cn7,Clamp_Close_Time,gt_train_median,-0.9024657082140384,78,3,0.053976413683839104,18,2,16,1
lgbm_shallow,cpu,20260924,1,cn7,Max_Injection_Pressure,le_train_median,0.6352098982042783,190,3,0.024882691032897745,18,2,16,1
lgbm_shallow,cpu,20260924,1,cn7,Max_Injection_Pressure,gt_train_median,0.6352098982042783,6,0,0.014142871597494451,2,0,2,0
lgbm_shallow,cpu,20260924,1,cn7,Max_Switch_Over_Pressure,le_train_median,-0.0104813786226104,120,2,0.011560479603382112,8,1,7,1
lgbm_shallow,cpu,20260924,1,cn7,Max_Switch_Over_Pressure,gt_train_median,-0.0104813786226104,76,1,0.04506988122933796,12,1,11,0
lgbm_shallow,cpu,20260924,1,rg3,Clamp_Close_Time,le_train_median,-0.3867898224103817,102,3,0.05226883423086771,3,0,3,3
lgbm_shallow,cpu,20260924,1,rg3,Clamp_Close_Time,gt_train_median,-0.3867898224103817,86,1,0.12556432924691976,16,0,16,1
lgbm_shallow,cpu,20260924,1,rg3,Max_Injection_Pressure,le_train_median,-0.1088018718162931,122,2,0.09452637978465292,16,0,16,2
lgbm_shallow,cpu,20260924,1,rg3,Max_Injection_Pressure,gt_train_median,-0.1088018718162931,66,2,0.06966265262205985,3,0,3,2
lgbm_shallow,cpu,20260924,1,rg3,Max_Switch_Over_Pressure,le_train_median,0.0757286837402434,116,2,0.09787531809984171,14,0,14,2
lgbm_shallow,cpu,20260924,1,rg3,Max_Switch_Over_Pressure,gt_train_median,0.0757286837402434,72,2,0.06633911815558291,5,0,5,2
lgbm_shallow,cpu,20260924,2,cn7,Clamp_Close_Time,le_train_median,-0.9024657082140384,92,0,0.02312832458915426,0,0,0,0
lgbm_shallow,cpu,20260924,2,cn7,Clamp_Close_Time,gt_train_median,-0.9024657082140384,101,2,0.11360715259318095,20,1,19,1
lgbm_shallow,cpu,20260924,2,cn7,Max_Injection_Pressure,le_train_median,0.6352098982042783,189,2,0.07191899059289711,20,1,19,1
lgbm_shallow,cpu,20260924,2,cn7,Max_Injection_Pressure,gt_train_median,0.6352098982042783,4,0,0.002359763013977768,0,0,0,0
lgbm_shallow,cpu,20260924,2,cn7,Max_Switch_Over_Pressure,le_train_median,-0.0104813786226104,106,0,0.04766464415665015,4,0,4,0
lgbm_shallow,cpu,20260924,2,cn7,Max_Switch_Over_Pressure,gt_train_median,-0.0104813786226104,87,2,0.0982721378564201,16,1,15,1
lgbm_shallow,cpu,20260924,2,rg3,Clamp_Close_Time,le_train_median,-0.3867898224103817,116,3,0.10575478275252145,12,0,12,3
lgbm_shallow,cpu,20260924,2,rg3,Clamp_Close_Time,gt_train_median,-0.3867898224103817,72,1,0.07830286095533127,7,1,6,0
lgbm_shallow,cpu,20260924,2,rg3,Max_Injection_Pressure,le_train_median,-0.1088018718162931,118,3,0.084155420038351,8,1,7,2
lgbm_shallow,cpu,20260924,2,rg3,Max_Injection_Pressure,gt_train_median,-0.1088018718162931,70,1,0.11392887462215602,11,0,11,1
lgbm_shallow,cpu,20260924,2,rg3,Max_Switch_Over_Pressure,le_train_median,0.0757286837402434,110,2,0.09241081720475149,11,1,10,1
lgbm_shallow,cpu,20260924,2,rg3,Max_Switch_Over_Pressure,gt_train_median,0.0757286837402434,78,2,0.09923296019940613,8,0,8,2
lgbm_shallow,cpu,20260924,3,cn7,Clamp_Close_Time,le_train_median,-0.9024657082140384,96,0,0.011836274271447777,2,0,2,0
lgbm_shallow,cpu,20260924,3,cn7,Clamp_Close_Time,gt_train_median,-0.9024657082140384,96,2,0.07553293713650015,18,1,17,1
lgbm_shallow,cpu,20260924,3,cn7,Max_Injection_Pressure,le_train_median,0.6352098982042783,184,2,0.04474855199064695,20,1,19,1
lgbm_shallow,cpu,20260924,3,cn7,Max_Injection_Pressure,gt_train_median,0.6352098982042783,8,0,0.019213841110495226,0,0,0,0
lgbm_shallow,cpu,20260924,3,cn7,Max_Switch_Over_Pressure,le_train_median,-0.0104813786226104,112,0,0.04110201493730031,10,0,10,0
lgbm_shallow,cpu,20260924,3,cn7,Max_Switch_Over_Pressure,gt_train_median,-0.0104813786226104,80,2,0.047300232777317076,10,1,9,1
lgbm_shallow,cpu,20260924,3,rg3,Clamp_Close_Time,le_train_median,-0.3867898224103817,106,1,0.12775980654400249,13,0,13,1
lgbm_shallow,cpu,20260924,3,rg3,Clamp_Close_Time,gt_train_median,-0.3867898224103817,84,3,0.10080654149579929,6,0,6,3
lgbm_shallow,cpu,20260924,3,rg3,Max_Injection_Pressure,le_train_median,-0.1088018718162931,96,1,0.1141515751719584,9,0,9,1
lgbm_shallow,cpu,20260924,3,rg3,Max_Injection_Pressure,gt_train_median,-0.1088018718162931,94,3,0.11757167832769576,10,0,10,3
lgbm_shallow,cpu,20260924,3,rg3,Max_Switch_Over_Pressure,le_train_median,0.0757286837402434,106,3,0.12474289779580619,11,0,11,3
lgbm_shallow,cpu,20260924,3,rg3,Max_Switch_Over_Pressure,gt_train_median,0.0757286837402434,84,1,0.10461359301138032,8,0,8,1
lgbm_shallow,cpu,20260924,4,cn7,Clamp_Close_Time,le_train_median,-0.9024657082140384,100,0,0.005596245799292498,0,0,0,0
lgbm_shallow,cpu,20260924,4,cn7,Clamp_Close_Time,gt_train_median,-0.9024657082140384,92,3,0.07430565728610398,20,3,17,0
lgbm_shallow,cpu,20260924,4,cn7,Max_Injection_Pressure,le_train_median,0.6352098982042783,174,3,0.041823698178382905,20,3,17,0
lgbm_shallow,cpu,20260924,4,cn7,Max_Injection_Pressure,gt_train_median,0.6352098982042783,18,0,0.006578975956232748,0,0,0,0
lgbm_shallow,cpu,20260924,4,cn7,Max_Switch_Over_Pressure,le_train_median,-0.0104813786226104,102,0,0.02705173279946358,8,0,8,0
lgbm_shallow,cpu,20260924,4,cn7,Max_Switch_Over_Pressure,gt_train_median,-0.0104813786226104,90,3,0.05151631449672811,12,3,9,0
lgbm_shallow,cpu,20260924,4,rg3,Clamp_Close_Time,le_train_median,-0.3867898224103817,114,3,0.14890152823701286,17,0,17,3
lgbm_shallow,cpu,20260924,4,rg3,Clamp_Close_Time,gt_train_median,-0.3867898224103817,76,1,0.0801446658537311,2,1,1,0
lgbm_shallow,cpu,20260924,4,rg3,Max_Injection_Pressure,le_train_median,-0.1088018718162931,82,1,0.09206756991897931,4,1,3,0
lgbm_shallow,cpu,20260924,4,rg3,Max_Injection_Pressure,gt_train_median,-0.1088018718162931,108,3,0.1436687786161734,15,0,15,3
lgbm_shallow,cpu,20260924,4,rg3,Max_Switch_Over_Pressure,le_train_median,0.0757286837402434,94,2,0.08978867627761701,3,1,2,1
lgbm_shallow,cpu,20260924,4,rg3,Max_Switch_Over_Pressure,gt_train_median,0.0757286837402434,96,2,0.1523503463938232,16,0,16,2
lgbm_regularized,cpu,20260922,0,cn7,Clamp_Close_Time,le_train_median,-0.9024657082140384,118,0,0.004717119724485348,0,0,0,0
lgbm_regularized,cpu,20260922,0,cn7,Clamp_Close_Time,gt_train_median,-0.9024657082140384,76,3,0.09325200071786326,20,2,18,1
lgbm_regularized,cpu,20260922,0,cn7,Max_Injection_Pressure,le_train_median,0.6352098982042783,188,3,0.04049466136479272,20,2,18,1
lgbm_regularized,cpu,20260922,0,cn7,Max_Injection_Pressure,gt_train_median,0.6352098982042783,6,0,0.005129307577641679,0,0,0,0
lgbm_regularized,cpu,20260922,0,cn7,Max_Switch_Over_Pressure,le_train_median,-0.0104813786226104,104,1,0.02032256126055054,4,0,4,1
lgbm_regularized,cpu,20260922,0,cn7,Max_Switch_Over_Pressure,gt_train_median,-0.0104813786226104,90,2,0.06144695345499582,16,2,14,0
lgbm_regularized,cpu,20260922,0,rg3,Clamp_Close_Time,le_train_median,-0.3867898224103817,118,1,0.048468160617326825,13,0,13,1
lgbm_regularized,cpu,20260922,0,rg3,Clamp_Close_Time,gt_train_median,-0.3867898224103817,72,3,0.0541819756251056,6,1,5,2
lgbm_regularized,cpu,20260922,0,rg3,Max_Injection_Pressure,le_train_median,-0.1088018718162931,96,2,0.033789287572727596,7,1,6,1
lgbm_regularized,cpu,20260922,0,rg3,Max_Injection_Pressure,gt_train_median,-0.1088018718162931,94,2,0.06783588926457787,12,0,12,2
lgbm_regularized,cpu,20260922,0,rg3,Max_Switch_Over_Pressure,le_train_median,0.0757286837402434,112,3,0.03833915688668083,9,1,8,2
lgbm_regularized,cpu,20260922,0,rg3,Max_Switch_Over_Pressure,gt_train_median,0.0757286837402434,78,1,0.06828666187876815,10,0,10,1
lgbm_regularized,cpu,20260922,1,cn7,Clamp_Close_Time,le_train_median,-0.9024657082140384,118,0,0.0018318481728665163,4,0,4,0
lgbm_regularized,cpu,20260922,1,cn7,Clamp_Close_Time,gt_train_median,-0.9024657082140384,78,3,0.03857764535809849,16,2,14,1
lgbm_regularized,cpu,20260922,1,cn7,Max_Injection_Pressure,le_train_median,0.6352098982042783,190,3,0.016875886517083792,20,2,18,1
lgbm_regularized,cpu,20260922,1,cn7,Max_Injection_Pressure,gt_train_median,0.6352098982042783,6,0,0.003132664014001592,0,0,0,0
lgbm_regularized,cpu,20260922,1,cn7,Max_Switch_Over_Pressure,le_train_median,-0.0104813786226104,120,2,0.007393257378087141,8,2,6,0
lgbm_regularized,cpu,20260922,1,cn7,Max_Switch_Over_Pressure,gt_train_median,-0.0104813786226104,76,1,0.030763467591572013,12,0,12,1
lgbm_regularized,cpu,20260922,1,rg3,Clamp_Close_Time,le_train_median,-0.3867898224103817,102,3,0.02908168489192489,6,0,6,3
lgbm_regularized,cpu,20260922,1,rg3,Clamp_Close_Time,gt_train_median,-0.3867898224103817,86,1,0.08017895052938787,13,0,13,1
lgbm_regularized,cpu,20260922,1,rg3,Max_Injection_Pressure,le_train_median,-0.1088018718162931,122,2,0.058338174137149805,13,0,13,2
lgbm_regularized,cpu,20260922,1,rg3,Max_Injection_Pressure,gt_train_median,-0.1088018718162931,66,2,0.041582793329869985,6,0,6,2
lgbm_regularized,cpu,20260922,1,rg3,Max_Switch_Over_Pressure,le_train_median,0.0757286837402434,116,2,0.055617340041761144,13,0,13,2
lgbm_regularized,cpu,20260922,1,rg3,Max_Switch_Over_Pressure,gt_train_median,0.0757286837402434,72,2,0.04736264110638058,6,0,6,2
lgbm_regularized,cpu,20260922,2,cn7,Clamp_Close_Time,le_train_median,-0.9024657082140384,92,0,0.005980517456036668,0,0,0,0
lgbm_regularized,cpu,20260922,2,cn7,Clamp_Close_Time,gt_train_median,-0.9024657082140384,101,2,0.05306053855024951,20,1,19,1
lgbm_regularized,cpu,20260922,2,cn7,Max_Injection_Pressure,le_train_median,0.6352098982042783,189,2,0.031256994071928806,20,1,19,1
lgbm_regularized,cpu,20260922,2,cn7,Max_Injection_Pressure,gt_train_median,0.6352098982042783,4,0,0.00043752998400693754,0,0,0,0
lgbm_regularized,cpu,20260922,2,cn7,Max_Switch_Over_Pressure,le_train_median,-0.0104813786226104,106,0,0.012936240760031588,4,0,4,0
lgbm_regularized,cpu,20260922,2,cn7,Max_Switch_Over_Pressure,gt_train_median,-0.0104813786226104,87,2,0.05216184458583016,16,1,15,1
lgbm_regularized,cpu,20260922,2,rg3,Clamp_Close_Time,le_train_median,-0.3867898224103817,116,3,0.03418166750982274,12,0,12,3
lgbm_regularized,cpu,20260922,2,rg3,Clamp_Close_Time,gt_train_median,-0.3867898224103817,72,1,0.03216550442910345,7,1,6,0
lgbm_regularized,cpu,20260922,2,rg3,Max_Injection_Pressure,le_train_median,-0.1088018718162931,118,3,0.029474475482224857,6,1,5,2
lgbm_regularized,cpu,20260922,2,rg3,Max_Injection_Pressure,gt_train_median,-0.1088018718162931,70,1,0.04004288061617647,13,0,13,1
lgbm_regularized,cpu,20260922,2,rg3,Max_Switch_Over_Pressure,le_train_median,0.0757286837402434,110,2,0.03264645274164706,9,1,8,1
lgbm_regularized,cpu,20260922,2,rg3,Max_Switch_Over_Pressure,gt_train_median,0.0757286837402434,78,2,0.03448564036479115,10,0,10,2
lgbm_regularized,cpu,20260922,3,cn7,Clamp_Close_Time,le_train_median,-0.9024657082140384,96,0,0.002808776874072395,0,0,0,0
lgbm_regularized,cpu,20260922,3,cn7,Clamp_Close_Time,gt_train_median,-0.9024657082140384,96,2,0.0346307347108416,20,2,18,0
lgbm_regularized,cpu,20260922,3,cn7,Max_Injection_Pressure,le_train_median,0.6352098982042783,184,2,0.01941037113399086,20,2,18,0
lgbm_regularized,cpu,20260922,3,cn7,Max_Injection_Pressure,gt_train_median,0.6352098982042783,8,0,0.002835602937178221,0,0,0,0
lgbm_regularized,cpu,20260922,3,cn7,Max_Switch_Over_Pressure,le_train_median,-0.0104813786226104,112,0,0.01698058585910896,10,0,10,0
lgbm_regularized,cpu,20260922,3,cn7,Max_Switch_Over_Pressure,gt_train_median,-0.0104813786226104,80,2,0.021154593699144245,10,2,8,0
lgbm_regularized,cpu,20260922,3,rg3,Clamp_Close_Time,le_train_median,-0.3867898224103817,106,1,0.06562151710734092,14,0,14,1
lgbm_regularized,cpu,20260922,3,rg3,Clamp_Close_Time,gt_train_median,-0.3867898224103817,84,3,0.03615006157326555,5,0,5,3
lgbm_regularized,cpu,20260922,3,rg3,Max_Injection_Pressure,le_train_median,-0.1088018718162931,96,1,0.046145806348421935,8,0,8,1
lgbm_regularized,cpu,20260922,3,rg3,Max_Injection_Pressure,gt_train_median,-0.1088018718162931,94,3,0.05917541038387168,11,0,11,3
lgbm_regularized,cpu,20260922,3,rg3,Max_Switch_Over_Pressure,le_train_median,0.0757286837402434,106,3,0.04758563061159896,9,0,9,3
lgbm_regularized,cpu,20260922,3,rg3,Max_Switch_Over_Pressure,gt_train_median,0.0757286837402434,84,1,0.05890963262741609,10,0,10,1
lgbm_regularized,cpu,20260922,4,cn7,Clamp_Close_Time,le_train_median,-0.9024657082140384,100,0,0.0032938707937677936,4,0,4,0
lgbm_regularized,cpu,20260922,4,cn7,Clamp_Close_Time,gt_train_median,-0.9024657082140384,92,3,0.04347006486140397,16,3,13,0
lgbm_regularized,cpu,20260922,4,cn7,Max_Injection_Pressure,le_train_median,0.6352098982042783,174,3,0.024605439624445603,20,3,17,0
lgbm_regularized,cpu,20260922,4,cn7,Max_Injection_Pressure,gt_train_median,0.6352098982042783,18,0,0.002627030665133887,0,0,0,0
lgbm_regularized,cpu,20260922,4,cn7,Max_Switch_Over_Pressure,le_train_median,-0.0104813786226104,102,0,0.018848077304453748,12,0,12,0
lgbm_regularized,cpu,20260922,4,cn7,Max_Switch_Over_Pressure,gt_train_median,-0.0104813786226104,90,3,0.026734768461907362,8,3,5,0
lgbm_regularized,cpu,20260922,4,rg3,Clamp_Close_Time,le_train_median,-0.3867898224103817,114,3,0.06497522179986424,19,1,18,2
lgbm_regularized,cpu,20260922,4,rg3,Clamp_Close_Time,gt_train_median,-0.3867898224103817,76,1,0.026953269969185994,0,0,0,1
lgbm_regularized,cpu,20260922,4,rg3,Max_Injection_Pressure,le_train_median,-0.1088018718162931,82,1,0.031406799619284255,2,0,2,1
lgbm_regularized,cpu,20260922,4,rg3,Max_Injection_Pressure,gt_train_median,-0.1088018718162931,108,3,0.0637061688339014,17,1,16,2
lgbm_regularized,cpu,20260922,4,rg3,Max_Switch_Over_Pressure,le_train_median,0.0757286837402434,94,2,0.03608570740948407,2,1,1,1
lgbm_regularized,cpu,20260922,4,rg3,Max_Switch_Over_Pressure,gt_train_median,0.0757286837402434,96,2,0.06316215944115788,17,0,17,2
lgbm_regularized,cpu,20260923,0,cn7,Clamp_Close_Time,le_train_median,-0.9024657082140384,118,0,0.005698562449554943,0,0,0,0
lgbm_regularized,cpu,20260923,0,cn7,Clamp_Close_Time,gt_train_median,-0.9024657082140384,76,3,0.09004928477673574,20,2,18,1
lgbm_regularized,cpu,20260923,0,cn7,Max_Injection_Pressure,le_train_median,0.6352098982042783,188,3,0.03983515974175916,20,2,18,1
lgbm_regularized,cpu,20260923,0,cn7,Max_Injection_Pressure,gt_train_median,0.6352098982042783,6,0,0.004527663438112786,0,0,0,0
lgbm_regularized,cpu,20260923,0,cn7,Max_Switch_Over_Pressure,le_train_median,-0.0104813786226104,104,1,0.020236321382277742,4,0,4,1
lgbm_regularized,cpu,20260923,0,cn7,Max_Switch_Over_Pressure,gt_train_median,-0.0104813786226104,90,2,0.0601288732035835,16,2,14,0
lgbm_regularized,cpu,20260923,0,rg3,Clamp_Close_Time,le_train_median,-0.3867898224103817,118,1,0.05199648572281354,13,0,13,1
lgbm_regularized,cpu,20260923,0,rg3,Clamp_Close_Time,gt_train_median,-0.3867898224103817,72,3,0.05365772528636164,6,1,5,2
lgbm_regularized,cpu,20260923,0,rg3,Max_Injection_Pressure,le_train_median,-0.1088018718162931,96,2,0.037622519034595764,7,1,6,1
lgbm_regularized,cpu,20260923,0,rg3,Max_Injection_Pressure,gt_train_median,-0.1088018718162931,94,2,0.06794872030413661,12,0,12,2
lgbm_regularized,cpu,20260923,0,rg3,Max_Switch_Over_Pressure,le_train_median,0.0757286837402434,112,3,0.04464239967663407,9,1,8,2
lgbm_regularized,cpu,20260923,0,rg3,Max_Switch_Over_Pressure,gt_train_median,0.0757286837402434,78,1,0.06408965092470537,10,0,10,1
lgbm_regularized,cpu,20260923,1,cn7,Clamp_Close_Time,le_train_median,-0.9024657082140384,118,0,0.0016041719738513712,2,0,2,0
lgbm_regularized,cpu,20260923,1,cn7,Clamp_Close_Time,gt_train_median,-0.9024657082140384,78,3,0.04042659263309585,18,2,16,1
lgbm_regularized,cpu,20260923,1,cn7,Max_Injection_Pressure,le_train_median,0.6352098982042783,190,3,0.017476607245680613,20,2,18,1
lgbm_regularized,cpu,20260923,1,cn7,Max_Injection_Pressure,gt_train_median,0.6352098982042783,6,0,0.0036685236027704203,0,0,0,0
lgbm_regularized,cpu,20260923,1,cn7,Max_Switch_Over_Pressure,le_train_median,-0.0104813786226104,120,2,0.006517415924855385,10,2,8,0
lgbm_regularized,cpu,20260923,1,cn7,Max_Switch_Over_Pressure,gt_train_median,-0.0104813786226104,76,1,0.0336904816751749,10,0,10,1
lgbm_regularized,cpu,20260923,1,rg3,Clamp_Close_Time,le_train_median,-0.3867898224103817,102,3,0.025640789415056087,4,0,4,3
lgbm_regularized,cpu,20260923,1,rg3,Clamp_Close_Time,gt_train_median,-0.3867898224103817,86,1,0.08208797618152125,15,0,15,1
lgbm_regularized,cpu,20260923,1,rg3,Max_Injection_Pressure,le_train_median,-0.1088018718162931,122,2,0.0596008360244625,13,0,13,2
lgbm_regularized,cpu,20260923,1,rg3,Max_Injection_Pressure,gt_train_median,-0.1088018718162931,66,2,0.03641855268124426,6,0,6,2
lgbm_regularized,cpu,20260923,1,rg3,Max_Switch_Over_Pressure,le_train_median,0.0757286837402434,116,2,0.05708707497972774,14,0,14,2
lgbm_regularized,cpu,20260923,1,rg3,Max_Switch_Over_Pressure,gt_train_median,0.0757286837402434,72,2,0.04240035797636288,5,0,5,2
lgbm_regularized,cpu,20260923,2,cn7,Clamp_Close_Time,le_train_median,-0.9024657082140384,92,0,0.006132294267275466,0,0,0,0
lgbm_regularized,cpu,20260923,2,cn7,Clamp_Close_Time,gt_train_median,-0.9024657082140384,101,2,0.06125281448563893,20,1,19,1
lgbm_regularized,cpu,20260923,2,cn7,Max_Injection_Pressure,le_train_median,0.6352098982042783,189,2,0.03571202161810617,20,1,19,1
lgbm_regularized,cpu,20260923,2,cn7,Max_Injection_Pressure,gt_train_median,0.6352098982042783,4,0,0.00028331245420194675,0,0,0,0
lgbm_regularized,cpu,20260923,2,cn7,Max_Switch_Over_Pressure,le_train_median,-0.0104813786226104,106,0,0.011753538421766425,4,0,4,0
lgbm_regularized,cpu,20260923,2,cn7,Max_Switch_Over_Pressure,gt_train_median,-0.0104813786226104,87,2,0.06327391106817967,16,1,15,1
lgbm_regularized,cpu,20260923,2,rg3,Clamp_Close_Time,le_train_median,-0.3867898224103817,116,3,0.03837625679990924,13,0,13,3
lgbm_regularized,cpu,20260923,2,rg3,Clamp_Close_Time,gt_train_median,-0.3867898224103817,72,1,0.03240144531106944,6,1,5,0
lgbm_regularized,cpu,20260923,2,rg3,Max_Injection_Pressure,le_train_median,-0.1088018718162931,118,3,0.031378467180715415,6,1,5,2
lgbm_regularized,cpu,20260923,2,rg3,Max_Injection_Pressure,gt_train_median,-0.1088018718162931,70,1,0.04402701034088646,13,0,13,1
lgbm_regularized,cpu,20260923,2,rg3,Max_Switch_Over_Pressure,le_train_median,0.0757286837402434,110,2,0.034184569373397096,8,1,7,1
lgbm_regularized,cpu,20260923,2,rg3,Max_Switch_Over_Pressure,gt_train_median,0.0757286837402434,78,2,0.038772400257856304,11,0,11,2
lgbm_regularized,cpu,20260923,3,cn7,Clamp_Close_Time,le_train_median,-0.9024657082140384,96,0,0.002748668224081128,2,0,2,0
lgbm_regularized,cpu,20260923,3,cn7,Clamp_Close_Time,gt_train_median,-0.9024657082140384,96,2,0.03271106885614065,18,2,16,0
lgbm_regularized,cpu,20260923,3,cn7,Max_Injection_Pressure,le_train_median,0.6352098982042783,184,2,0.01837201718060569,20,2,18,0
lgbm_regularized,cpu,20260923,3,cn7,Max_Injection_Pressure,gt_train_median,0.6352098982042783,8,0,0.0029604498087304133,0,0,0,0
lgbm_regularized,cpu,20260923,3,cn7,Max_Switch_Over_Pressure,le_train_median,-0.0104813786226104,112,0,0.015705519400067335,10,0,10,0
lgbm_regularized,cpu,20260923,3,cn7,Max_Switch_Over_Pressure,gt_train_median,-0.0104813786226104,80,2,0.020563957336171862,10,2,8,0
lgbm_regularized,cpu,20260923,3,rg3,Clamp_Close_Time,le_train_median,-0.3867898224103817,106,1,0.05946914412892582,11,0,11,1
lgbm_regularized,cpu,20260923,3,rg3,Clamp_Close_Time,gt_train_median,-0.3867898224103817,84,3,0.04243100790727814,8,0,8,3
lgbm_regularized,cpu,20260923,3,rg3,Max_Injection_Pressure,le_train_median,-0.1088018718162931,96,1,0.04916989624136663,12,0,12,1
lgbm_regularized,cpu,20260923,3,rg3,Max_Injection_Pressure,gt_train_median,-0.1088018718162931,94,3,0.05476195641176921,7,0,7,3
lgbm_regularized,cpu,20260923,3,rg3,Max_Switch_Over_Pressure,le_train_median,0.0757286837402434,106,3,0.05058909944295512,12,0,12,3
lgbm_regularized,cpu,20260923,3,rg3,Max_Switch_Over_Pressure,gt_train_median,0.0757286837402434,84,1,0.05363677858243164,7,0,7,1
lgbm_regularized,cpu,20260923,4,cn7,Clamp_Close_Time,le_train_median,-0.9024657082140384,100,0,0.0030853909358718886,4,0,4,0
lgbm_regularized,cpu,20260923,4,cn7,Clamp_Close_Time,gt_train_median,-0.9024657082140384,92,3,0.03814245821011574,16,3,13,0
lgbm_regularized,cpu,20260923,4,cn7,Max_Injection_Pressure,le_train_median,0.6352098982042783,174,3,0.021761267698678907,20,3,17,0
lgbm_regularized,cpu,20260923,4,cn7,Max_Injection_Pressure,gt_train_median,0.6352098982042783,18,0,0.0017324816304281805,0,0,0,0
lgbm_regularized,cpu,20260923,4,cn7,Max_Switch_Over_Pressure,le_train_median,-0.0104813786226104,102,0,0.01672638991461779,12,0,12,0
lgbm_regularized,cpu,20260923,4,cn7,Max_Switch_Over_Pressure,gt_train_median,-0.0104813786226104,90,3,0.023461705306964693,8,3,5,0
lgbm_regularized,cpu,20260923,4,rg3,Clamp_Close_Time,le_train_median,-0.3867898224103817,114,3,0.06932701093773973,18,1,17,2
lgbm_regularized,cpu,20260923,4,rg3,Clamp_Close_Time,gt_train_median,-0.3867898224103817,76,1,0.027116379541464584,1,0,1,1
lgbm_regularized,cpu,20260923,4,rg3,Max_Injection_Pressure,le_train_median,-0.1088018718162931,82,1,0.02964441059657285,2,0,2,1
lgbm_regularized,cpu,20260923,4,rg3,Max_Injection_Pressure,gt_train_median,-0.1088018718162931,108,3,0.06975261502902466,17,1,16,2
lgbm_regularized,cpu,20260923,4,rg3,Max_Switch_Over_Pressure,le_train_median,0.0757286837402434,94,2,0.038051707160779935,2,1,1,1
lgbm_regularized,cpu,20260923,4,rg3,Max_Switch_Over_Pressure,gt_train_median,0.0757286837402434,96,2,0.06653399603062837,17,0,17,2
lgbm_regularized,cpu,20260924,0,cn7,Clamp_Close_Time,le_train_median,-0.9024657082140384,118,0,0.005627657891487354,0,0,0,0
lgbm_regularized,cpu,20260924,0,cn7,Clamp_Close_Time,gt_train_median,-0.9024657082140384,76,3,0.09509954916714265,20,2,18,1
lgbm_regularized,cpu,20260924,0,cn7,Max_Injection_Pressure,le_train_median,0.6352098982042783,188,3,0.041686973332160315,20,2,18,1
lgbm_regularized,cpu,20260924,0,cn7,Max_Injection_Pressure,gt_train_median,0.6352098982042783,6,0,0.00907973024203498,0,0,0,0
lgbm_regularized,cpu,20260924,0,cn7,Max_Switch_Over_Pressure,le_train_median,-0.0104813786226104,104,1,0.021496714623405615,4,0,4,1
lgbm_regularized,cpu,20260924,0,cn7,Max_Switch_Over_Pressure,gt_train_median,-0.0104813786226104,90,2,0.0628441227451574,16,2,14,0
lgbm_regularized,cpu,20260924,0,rg3,Clamp_Close_Time,le_train_median,-0.3867898224103817,118,1,0.04983618739660584,13,0,13,1
lgbm_regularized,cpu,20260924,0,rg3,Clamp_Close_Time,gt_train_median,-0.3867898224103817,72,3,0.05371872462108605,6,1,5,2
lgbm_regularized,cpu,20260924,0,rg3,Max_Injection_Pressure,le_train_median,-0.1088018718162931,96,2,0.034486531970428336,8,1,7,1
lgbm_regularized,cpu,20260924,0,rg3,Max_Injection_Pressure,gt_train_median,-0.1088018718162931,94,2,0.06848628953570815,11,0,11,2
lgbm_regularized,cpu,20260924,0,rg3,Max_Switch_Over_Pressure,le_train_median,0.0757286837402434,112,3,0.03726512861140986,9,1,8,2
lgbm_regularized,cpu,20260924,0,rg3,Max_Switch_Over_Pressure,gt_train_median,0.0757286837402434,78,1,0.0714708189876895,10,0,10,1
lgbm_regularized,cpu,20260924,1,cn7,Clamp_Close_Time,le_train_median,-0.9024657082140384,118,0,0.0021589348770229945,2,0,2,0
lgbm_regularized,cpu,20260924,1,cn7,Clamp_Close_Time,gt_train_median,-0.9024657082140384,78,3,0.038042905019463204,18,2,16,1
lgbm_regularized,cpu,20260924,1,cn7,Max_Injection_Pressure,le_train_median,0.6352098982042783,190,3,0.016770075390432307,18,2,16,1
lgbm_regularized,cpu,20260924,1,cn7,Max_Injection_Pressure,gt_train_median,0.6352098982042783,6,0,0.005964430470783892,2,0,2,0
lgbm_regularized,cpu,20260924,1,cn7,Max_Switch_Over_Pressure,le_train_median,-0.0104813786226104,120,2,0.006573655904253604,10,2,8,0
lgbm_regularized,cpu,20260924,1,cn7,Max_Switch_Over_Pressure,gt_train_median,-0.0104813786226104,76,1,0.03201660787495276,10,0,10,1
lgbm_regularized,cpu,20260924,1,rg3,Clamp_Close_Time,le_train_median,-0.3867898224103817,102,3,0.02163149288031113,4,0,4,3
lgbm_regularized,cpu,20260924,1,rg3,Clamp_Close_Time,gt_train_median,-0.3867898224103817,86,1,0.07785363348105206,15,0,15,1
lgbm_regularized,cpu,20260924,1,rg3,Max_Injection_Pressure,le_train_median,-0.1088018718162931,122,2,0.05496740083214535,12,0,12,2
lgbm_regularized,cpu,20260924,1,rg3,Max_Injection_Pressure,gt_train_median,-0.1088018718162931,66,2,0.03326972502485575,7,0,7,2
lgbm_regularized,cpu,20260924,1,rg3,Max_Switch_Over_Pressure,le_train_median,0.0757286837402434,116,2,0.05310069481853592,11,0,11,2
lgbm_regularized,cpu,20260924,1,rg3,Max_Switch_Over_Pressure,gt_train_median,0.0757286837402434,72,2,0.038085335475167285,8,0,8,2
lgbm_regularized,cpu,20260924,2,cn7,Clamp_Close_Time,le_train_median,-0.9024657082140384,92,0,0.005825580476202313,0,0,0,0
lgbm_regularized,cpu,20260924,2,cn7,Clamp_Close_Time,gt_train_median,-0.9024657082140384,101,2,0.05544035067013362,20,1,19,1
lgbm_regularized,cpu,20260924,2,cn7,Max_Injection_Pressure,le_train_median,0.6352098982042783,189,2,0.032452971834680294,20,1,19,1
lgbm_regularized,cpu,20260924,2,cn7,Max_Injection_Pressure,gt_train_median,0.6352098982042783,4,0,0.0004542861848828104,0,0,0,0
lgbm_regularized,cpu,20260924,2,cn7,Max_Switch_Over_Pressure,le_train_median,-0.0104813786226104,106,0,0.011929712105745015,4,0,4,0
lgbm_regularized,cpu,20260924,2,cn7,Max_Switch_Over_Pressure,gt_train_median,-0.0104813786226104,87,2,0.055987118830863644,16,1,15,1
lgbm_regularized,cpu,20260924,2,rg3,Clamp_Close_Time,le_train_median,-0.3867898224103817,116,3,0.033392094880857995,10,0,10,3
lgbm_regularized,cpu,20260924,2,rg3,Clamp_Close_Time,gt_train_median,-0.3867898224103817,72,1,0.030856112536283745,9,1,8,0
lgbm_regularized,cpu,20260924,2,rg3,Max_Injection_Pressure,le_train_median,-0.1088018718162931,118,3,0.02925883939322977,8,1,7,2
lgbm_regularized,cpu,20260924,2,rg3,Max_Injection_Pressure,gt_train_median,-0.1088018718162931,70,1,0.03775114371986921,11,0,11,1
lgbm_regularized,cpu,20260924,2,rg3,Max_Switch_Over_Pressure,le_train_median,0.0757286837402434,110,2,0.032939796836294936,11,1,10,1
lgbm_regularized,cpu,20260924,2,rg3,Max_Switch_Over_Pressure,gt_train_median,0.0757286837402434,78,2,0.03168904431794249,8,0,8,2
lgbm_regularized,cpu,20260924,3,cn7,Clamp_Close_Time,le_train_median,-0.9024657082140384,96,0,0.002834630679232668,2,0,2,0
lgbm_regularized,cpu,20260924,3,cn7,Clamp_Close_Time,gt_train_median,-0.9024657082140384,96,2,0.03658661824341998,18,2,16,0
lgbm_regularized,cpu,20260924,3,cn7,Max_Injection_Pressure,le_train_median,0.6352098982042783,184,2,0.020429904725037192,20,2,18,0
lgbm_regularized,cpu,20260924,3,cn7,Max_Injection_Pressure,gt_train_median,0.6352098982042783,8,0,0.0031671783959764093,0,0,0,0
lgbm_regularized,cpu,20260924,3,cn7,Max_Switch_Over_Pressure,le_train_median,-0.0104813786226104,112,0,0.019123051969979203,10,0,10,0
lgbm_regularized,cpu,20260924,3,cn7,Max_Switch_Over_Pressure,gt_train_median,-0.0104813786226104,80,2,0.02053322594921229,10,2,8,0
lgbm_regularized,cpu,20260924,3,rg3,Clamp_Close_Time,le_train_median,-0.3867898224103817,106,1,0.05893361594489849,13,0,13,1
lgbm_regularized,cpu,20260924,3,rg3,Clamp_Close_Time,gt_train_median,-0.3867898224103817,84,3,0.03616673953118964,6,0,6,3
lgbm_regularized,cpu,20260924,3,rg3,Max_Injection_Pressure,le_train_median,-0.1088018718162931,96,1,0.04500990675410164,10,0,10,1
lgbm_regularized,cpu,20260924,3,rg3,Max_Injection_Pressure,gt_train_median,-0.1088018718162931,94,3,0.05280870598282353,9,0,9,3
lgbm_regularized,cpu,20260924,3,rg3,Max_Switch_Over_Pressure,le_train_median,0.0757286837402434,106,3,0.044111922630233,10,0,10,3
lgbm_regularized,cpu,20260924,3,rg3,Max_Switch_Over_Pressure,gt_train_median,0.0757286837402434,84,1,0.054870304904457975,9,0,9,1
lgbm_regularized,cpu,20260924,4,cn7,Clamp_Close_Time,le_train_median,-0.9024657082140384,100,0,0.003116633931288683,4,0,4,0
lgbm_regularized,cpu,20260924,4,cn7,Clamp_Close_Time,gt_train_median,-0.9024657082140384,92,3,0.044778999713431286,16,3,13,0
lgbm_regularized,cpu,20260924,4,cn7,Max_Injection_Pressure,le_train_median,0.6352098982042783,174,3,0.025192092609857827,20,3,17,0
lgbm_regularized,cpu,20260924,4,cn7,Max_Injection_Pressure,gt_train_median,0.6352098982042783,18,0,0.0026615140360713597,0,0,0,0
lgbm_regularized,cpu,20260924,4,cn7,Max_Switch_Over_Pressure,le_train_median,-0.0104813786226104,102,0,0.017829658427896432,12,0,12,0
lgbm_regularized,cpu,20260924,4,cn7,Max_Switch_Over_Pressure,gt_train_median,-0.0104813786226104,90,3,0.029030068967990107,8,3,5,0
lgbm_regularized,cpu,20260924,4,rg3,Clamp_Close_Time,le_train_median,-0.3867898224103817,114,3,0.07052721229704695,19,1,18,2
lgbm_regularized,cpu,20260924,4,rg3,Clamp_Close_Time,gt_train_median,-0.3867898224103817,76,1,0.025486345572999343,0,0,0,1
lgbm_regularized,cpu,20260924,4,rg3,Max_Injection_Pressure,le_train_median,-0.1088018718162931,82,1,0.03375232988865135,2,0,2,1
lgbm_regularized,cpu,20260924,4,rg3,Max_Injection_Pressure,gt_train_median,-0.1088018718162931,108,3,0.06675345754205454,17,1,16,2
lgbm_regularized,cpu,20260924,4,rg3,Max_Switch_Over_Pressure,le_train_median,0.0757286837402434,94,2,0.036843950664426695,3,1,2,1
lgbm_regularized,cpu,20260924,4,rg3,Max_Switch_Over_Pressure,gt_train_median,0.0757286837402434,96,2,0.06785138648911661,16,0,16,2
xgb_shallow,cpu,20260922,0,cn7,Clamp_Close_Time,le_train_median,-0.9024657082140384,118,0,0.0712494764287593,4,0,4,0
xgb_shallow,cpu,20260922,0,cn7,Clamp_Close_Time,gt_train_median,-0.9024657082140384,76,3,0.24581824355807744,16,2,14,1
xgb_shallow,cpu,20260922,0,cn7,Max_Injection_Pressure,le_train_median,0.6352098982042783,188,3,0.14247787892422142,20,2,18,1
xgb_shallow,cpu,20260922,0,cn7,Max_Injection_Pressure,gt_train_median,0.6352098982042783,6,0,0.05063058187564214,0,0,0,0
xgb_shallow,cpu,20260922,0,cn7,Max_Switch_Over_Pressure,le_train_median,-0.0104813786226104,104,1,0.08793884351885375,4,0,4,1
xgb_shallow,cpu,20260922,0,cn7,Max_Switch_Over_Pressure,gt_train_median,-0.0104813786226104,90,2,0.19937761114496325,16,2,14,0
xgb_shallow,cpu,20260922,0,rg3,Clamp_Close_Time,le_train_median,-0.3867898224103817,118,1,0.2184336928303464,13,0,13,1
xgb_shallow,cpu,20260922,0,rg3,Clamp_Close_Time,gt_train_median,-0.3867898224103817,72,3,0.23063674613109064,6,0,6,3
xgb_shallow,cpu,20260922,0,rg3,Max_Injection_Pressure,le_train_median,-0.1088018718162931,96,2,0.19093081931350753,5,0,5,2
xgb_shallow,cpu,20260922,0,rg3,Max_Injection_Pressure,gt_train_median,-0.1088018718162931,94,2,0.2558687534183264,14,0,14,2
xgb_shallow,cpu,20260922,0,rg3,Max_Switch_Over_Pressure,le_train_median,0.0757286837402434,112,3,0.2038009341839435,7,0,7,3
xgb_shallow,cpu,20260922,0,rg3,Max_Switch_Over_Pressure,gt_train_median,0.0757286837402434,78,1,0.25070919034381706,12,0,12,1
xgb_shallow,cpu,20260922,1,cn7,Clamp_Close_Time,le_train_median,-0.9024657082140384,118,0,0.03740841698521054,0,0,0,0
xgb_shallow,cpu,20260922,1,cn7,Clamp_Close_Time,gt_train_median,-0.9024657082140384,78,3,0.158585706152595,20,2,18,1
xgb_shallow,cpu,20260922,1,cn7,Max_Injection_Pressure,le_train_median,0.6352098982042783,190,3,0.0854192048832039,20,2,18,1
xgb_shallow,cpu,20260922,1,cn7,Max_Injection_Pressure,gt_train_median,0.6352098982042783,6,0,0.0923715593914191,0,0,0,0
xgb_shallow,cpu,20260922,1,cn7,Max_Switch_Over_Pressure,le_train_median,-0.0104813786226104,120,2,0.0680217686429387,10,2,8,0
xgb_shallow,cpu,20260922,1,cn7,Max_Switch_Over_Pressure,gt_train_median,-0.0104813786226104,76,1,0.1134377111447975,10,0,10,1
xgb_shallow,cpu,20260922,1,rg3,Clamp_Close_Time,le_train_median,-0.3867898224103817,102,3,0.18443260372926792,8,0,8,3
xgb_shallow,cpu,20260922,1,rg3,Clamp_Close_Time,gt_train_median,-0.3867898224103817,86,1,0.2386429185091063,11,1,10,0
xgb_shallow,cpu,20260922,1,rg3,Max_Injection_Pressure,le_train_median,-0.1088018718162931,122,2,0.1974046866974381,11,1,10,1
xgb_shallow,cpu,20260922,1,rg3,Max_Injection_Pressure,gt_train_median,-0.1088018718162931,66,2,0.23109158780425787,8,0,8,2
xgb_shallow,cpu,20260922,1,rg3,Max_Switch_Over_Pressure,le_train_median,0.0757286837402434,116,2,0.19078296695932231,13,1,12,1
xgb_shallow,cpu,20260922,1,rg3,Max_Switch_Over_Pressure,gt_train_median,0.0757286837402434,72,2,0.23895267229009834,6,0,6,2
xgb_shallow,cpu,20260922,2,cn7,Clamp_Close_Time,le_train_median,-0.9024657082140384,92,0,0.0994698419539339,2,0,2,0
xgb_shallow,cpu,20260922,2,cn7,Clamp_Close_Time,gt_train_median,-0.9024657082140384,101,2,0.18282778874629796,18,2,16,0
xgb_shallow,cpu,20260922,2,cn7,Max_Injection_Pressure,le_train_median,0.6352098982042783,189,2,0.14566541905145322,20,2,18,0
xgb_shallow,cpu,20260922,2,cn7,Max_Injection_Pressure,gt_train_median,0.6352098982042783,4,0,0.021516980603337288,0,0,0,0
xgb_shallow,cpu,20260922,2,cn7,Max_Switch_Over_Pressure,le_train_median,-0.0104813786226104,106,0,0.10522096406422415,6,0,6,0
xgb_shallow,cpu,20260922,2,cn7,Max_Switch_Over_Pressure,gt_train_median,-0.0104813786226104,87,2,0.18923459692333622,14,2,12,0
xgb_shallow,cpu,20260922,2,rg3,Clamp_Close_Time,le_train_median,-0.3867898224103817,116,3,0.24897724595563164,13,0,13,3
xgb_shallow,cpu,20260922,2,rg3,Clamp_Close_Time,gt_train_median,-0.3867898224103817,72,1,0.2285778241025077,6,1,5,0
xgb_shallow,cpu,20260922,2,rg3,Max_Injection_Pressure,le_train_median,-0.1088018718162931,118,3,0.22252691808646008,9,1,8,2
xgb_shallow,cpu,20260922,2,rg3,Max_Injection_Pressure,gt_train_median,-0.1088018718162931,70,1,0.27258267902902195,10,0,10,1
xgb_shallow,cpu,20260922,2,rg3,Max_Switch_Over_Pressure,le_train_median,0.0757286837402434,110,2,0.22860760309479453,11,1,10,1
xgb_shallow,cpu,20260922,2,rg3,Max_Switch_Over_Pressure,gt_train_median,0.0757286837402434,78,2,0.25887342981803113,8,0,8,2
xgb_shallow,cpu,20260922,3,cn7,Clamp_Close_Time,le_train_median,-0.9024657082140384,96,0,0.036979953156939395,0,0,0,0
xgb_shallow,cpu,20260922,3,cn7,Clamp_Close_Time,gt_train_median,-0.9024657082140384,96,2,0.17608014906484945,20,1,19,1
xgb_shallow,cpu,20260922,3,cn7,Max_Injection_Pressure,le_train_median,0.6352098982042783,184,2,0.10720757009846199,20,1,19,1
xgb_shallow,cpu,20260922,3,cn7,Max_Injection_Pressure,gt_train_median,0.6352098982042783,8,0,0.09094711439684033,0,0,0,0
xgb_shallow,cpu,20260922,3,cn7,Max_Switch_Over_Pressure,le_train_median,-0.0104813786226104,112,0,0.09275773104413279,10,0,10,0
xgb_shallow,cpu,20260922,3,cn7,Max_Switch_Over_Pressure,gt_train_median,-0.0104813786226104,80,2,0.12581129920436068,10,1,9,1
xgb_shallow,cpu,20260922,3,rg3,Clamp_Close_Time,le_train_median,-0.3867898224103817,106,1,0.2645454609520593,13,0,13,1
xgb_shallow,cpu,20260922,3,rg3,Clamp_Close_Time,gt_train_median,-0.3867898224103817,84,3,0.19777362274804286,6,0,6,3
xgb_shallow,cpu,20260922,3,rg3,Max_Injection_Pressure,le_train_median,-0.1088018718162931,96,1,0.23223538351400444,8,0,8,1
xgb_shallow,cpu,20260922,3,rg3,Max_Injection_Pressure,gt_train_median,-0.1088018718162931,94,3,0.23787453568520697,11,0,11,3
xgb_shallow,cpu,20260922,3,rg3,Max_Switch_Over_Pressure,le_train_median,0.0757286837402434,106,3,0.2315611237624906,10,0,10,3
xgb_shallow,cpu,20260922,3,rg3,Max_Switch_Over_Pressure,gt_train_median,0.0757286837402434,84,1,0.2393967149158319,9,0,9,1
xgb_shallow,cpu,20260922,4,cn7,Clamp_Close_Time,le_train_median,-0.9024657082140384,100,0,0.025992633812129497,0,0,0,0
xgb_shallow,cpu,20260922,4,cn7,Clamp_Close_Time,gt_train_median,-0.9024657082140384,92,3,0.15756370864160682,20,3,17,0
xgb_shallow,cpu,20260922,4,cn7,Max_Injection_Pressure,le_train_median,0.6352098982042783,174,3,0.09141949004354491,20,3,17,0
xgb_shallow,cpu,20260922,4,cn7,Max_Injection_Pressure,gt_train_median,0.6352098982042783,18,0,0.0660074060368869,0,0,0,0
xgb_shallow,cpu,20260922,4,cn7,Max_Switch_Over_Pressure,le_train_median,-0.0104813786226104,102,0,0.07286163902494545,10,0,10,0
xgb_shallow,cpu,20260922,4,cn7,Max_Switch_Over_Pressure,gt_train_median,-0.0104813786226104,90,3,0.10736930439662602,10,3,7,0
xgb_shallow,cpu,20260922,4,rg3,Clamp_Close_Time,le_train_median,-0.3867898224103817,114,3,0.29860408578819614,17,1,16,2
xgb_shallow,cpu,20260922,4,rg3,Clamp_Close_Time,gt_train_median,-0.3867898224103817,76,1,0.23501467645952576,2,0,2,1
xgb_shallow,cpu,20260922,4,rg3,Max_Injection_Pressure,le_train_median,-0.1088018718162931,82,1,0.25287888680652876,6,0,6,1
xgb_shallow,cpu,20260922,4,rg3,Max_Injection_Pressure,gt_train_median,-0.1088018718162931,108,3,0.28857326363558294,13,1,12,2
xgb_shallow,cpu,20260922,4,rg3,Max_Switch_Over_Pressure,le_train_median,0.0757286837402434,94,2,0.24164305476749198,6,0,6,2
xgb_shallow,cpu,20260922,4,rg3,Max_Switch_Over_Pressure,gt_train_median,0.0757286837402434,96,2,0.3040368129441049,13,1,12,1
xgb_shallow,cpu,20260923,0,cn7,Clamp_Close_Time,le_train_median,-0.9024657082140384,118,0,0.0712494764287593,4,0,4,0
xgb_shallow,cpu,20260923,0,cn7,Clamp_Close_Time,gt_train_median,-0.9024657082140384,76,3,0.24581824355807744,16,2,14,1
xgb_shallow,cpu,20260923,0,cn7,Max_Injection_Pressure,le_train_median,0.6352098982042783,188,3,0.14247787892422142,20,2,18,1
xgb_shallow,cpu,20260923,0,cn7,Max_Injection_Pressure,gt_train_median,0.6352098982042783,6,0,0.05063058187564214,0,0,0,0
xgb_shallow,cpu,20260923,0,cn7,Max_Switch_Over_Pressure,le_train_median,-0.0104813786226104,104,1,0.08793884351885375,4,0,4,1
xgb_shallow,cpu,20260923,0,cn7,Max_Switch_Over_Pressure,gt_train_median,-0.0104813786226104,90,2,0.19937761114496325,16,2,14,0
xgb_shallow,cpu,20260923,0,rg3,Clamp_Close_Time,le_train_median,-0.3867898224103817,118,1,0.2184336928303464,13,0,13,1
xgb_shallow,cpu,20260923,0,rg3,Clamp_Close_Time,gt_train_median,-0.3867898224103817,72,3,0.23063674613109064,6,0,6,3
xgb_shallow,cpu,20260923,0,rg3,Max_Injection_Pressure,le_train_median,-0.1088018718162931,96,2,0.19093081931350753,5,0,5,2
xgb_shallow,cpu,20260923,0,rg3,Max_Injection_Pressure,gt_train_median,-0.1088018718162931,94,2,0.2558687534183264,14,0,14,2
xgb_shallow,cpu,20260923,0,rg3,Max_Switch_Over_Pressure,le_train_median,0.0757286837402434,112,3,0.2038009341839435,7,0,7,3
xgb_shallow,cpu,20260923,0,rg3,Max_Switch_Over_Pressure,gt_train_median,0.0757286837402434,78,1,0.25070919034381706,12,0,12,1
xgb_shallow,cpu,20260923,1,cn7,Clamp_Close_Time,le_train_median,-0.9024657082140384,118,0,0.03740841698521054,0,0,0,0
xgb_shallow,cpu,20260923,1,cn7,Clamp_Close_Time,gt_train_median,-0.9024657082140384,78,3,0.158585706152595,20,2,18,1
xgb_shallow,cpu,20260923,1,cn7,Max_Injection_Pressure,le_train_median,0.6352098982042783,190,3,0.0854192048832039,20,2,18,1
xgb_shallow,cpu,20260923,1,cn7,Max_Injection_Pressure,gt_train_median,0.6352098982042783,6,0,0.0923715593914191,0,0,0,0
xgb_shallow,cpu,20260923,1,cn7,Max_Switch_Over_Pressure,le_train_median,-0.0104813786226104,120,2,0.0680217686429387,10,2,8,0
xgb_shallow,cpu,20260923,1,cn7,Max_Switch_Over_Pressure,gt_train_median,-0.0104813786226104,76,1,0.1134377111447975,10,0,10,1
xgb_shallow,cpu,20260923,1,rg3,Clamp_Close_Time,le_train_median,-0.3867898224103817,102,3,0.18443260372926792,8,0,8,3
xgb_shallow,cpu,20260923,1,rg3,Clamp_Close_Time,gt_train_median,-0.3867898224103817,86,1,0.2386429185091063,11,1,10,0
xgb_shallow,cpu,20260923,1,rg3,Max_Injection_Pressure,le_train_median,-0.1088018718162931,122,2,0.1974046866974381,11,1,10,1
xgb_shallow,cpu,20260923,1,rg3,Max_Injection_Pressure,gt_train_median,-0.1088018718162931,66,2,0.23109158780425787,8,0,8,2
xgb_shallow,cpu,20260923,1,rg3,Max_Switch_Over_Pressure,le_train_median,0.0757286837402434,116,2,0.19078296695932231,13,1,12,1
xgb_shallow,cpu,20260923,1,rg3,Max_Switch_Over_Pressure,gt_train_median,0.0757286837402434,72,2,0.23895267229009834,6,0,6,2
xgb_shallow,cpu,20260923,2,cn7,Clamp_Close_Time,le_train_median,-0.9024657082140384,92,0,0.0994698419539339,2,0,2,0
xgb_shallow,cpu,20260923,2,cn7,Clamp_Close_Time,gt_train_median,-0.9024657082140384,101,2,0.18282778874629796,18,2,16,0
xgb_shallow,cpu,20260923,2,cn7,Max_Injection_Pressure,le_train_median,0.6352098982042783,189,2,0.14566541905145322,20,2,18,0
xgb_shallow,cpu,20260923,2,cn7,Max_Injection_Pressure,gt_train_median,0.6352098982042783,4,0,0.021516980603337288,0,0,0,0
xgb_shallow,cpu,20260923,2,cn7,Max_Switch_Over_Pressure,le_train_median,-0.0104813786226104,106,0,0.10522096406422415,6,0,6,0
xgb_shallow,cpu,20260923,2,cn7,Max_Switch_Over_Pressure,gt_train_median,-0.0104813786226104,87,2,0.18923459692333622,14,2,12,0
xgb_shallow,cpu,20260923,2,rg3,Clamp_Close_Time,le_train_median,-0.3867898224103817,116,3,0.24897724595563164,13,0,13,3
xgb_shallow,cpu,20260923,2,rg3,Clamp_Close_Time,gt_train_median,-0.3867898224103817,72,1,0.2285778241025077,6,1,5,0
xgb_shallow,cpu,20260923,2,rg3,Max_Injection_Pressure,le_train_median,-0.1088018718162931,118,3,0.22252691808646008,9,1,8,2
xgb_shallow,cpu,20260923,2,rg3,Max_Injection_Pressure,gt_train_median,-0.1088018718162931,70,1,0.27258267902902195,10,0,10,1
xgb_shallow,cpu,20260923,2,rg3,Max_Switch_Over_Pressure,le_train_median,0.0757286837402434,110,2,0.22860760309479453,11,1,10,1
xgb_shallow,cpu,20260923,2,rg3,Max_Switch_Over_Pressure,gt_train_median,0.0757286837402434,78,2,0.25887342981803113,8,0,8,2
xgb_shallow,cpu,20260923,3,cn7,Clamp_Close_Time,le_train_median,-0.9024657082140384,96,0,0.036979953156939395,0,0,0,0
xgb_shallow,cpu,20260923,3,cn7,Clamp_Close_Time,gt_train_median,-0.9024657082140384,96,2,0.17608014906484945,20,1,19,1
xgb_shallow,cpu,20260923,3,cn7,Max_Injection_Pressure,le_train_median,0.6352098982042783,184,2,0.10720757009846199,20,1,19,1
xgb_shallow,cpu,20260923,3,cn7,Max_Injection_Pressure,gt_train_median,0.6352098982042783,8,0,0.09094711439684033,0,0,0,0
xgb_shallow,cpu,20260923,3,cn7,Max_Switch_Over_Pressure,le_train_median,-0.0104813786226104,112,0,0.09275773104413279,10,0,10,0
xgb_shallow,cpu,20260923,3,cn7,Max_Switch_Over_Pressure,gt_train_median,-0.0104813786226104,80,2,0.12581129920436068,10,1,9,1
xgb_shallow,cpu,20260923,3,rg3,Clamp_Close_Time,le_train_median,-0.3867898224103817,106,1,0.2645454609520593,13,0,13,1
xgb_shallow,cpu,20260923,3,rg3,Clamp_Close_Time,gt_train_median,-0.3867898224103817,84,3,0.19777362274804286,6,0,6,3
xgb_shallow,cpu,20260923,3,rg3,Max_Injection_Pressure,le_train_median,-0.1088018718162931,96,1,0.23223538351400444,8,0,8,1
xgb_shallow,cpu,20260923,3,rg3,Max_Injection_Pressure,gt_train_median,-0.1088018718162931,94,3,0.23787453568520697,11,0,11,3
xgb_shallow,cpu,20260923,3,rg3,Max_Switch_Over_Pressure,le_train_median,0.0757286837402434,106,3,0.2315611237624906,10,0,10,3
xgb_shallow,cpu,20260923,3,rg3,Max_Switch_Over_Pressure,gt_train_median,0.0757286837402434,84,1,0.2393967149158319,9,0,9,1
xgb_shallow,cpu,20260923,4,cn7,Clamp_Close_Time,le_train_median,-0.9024657082140384,100,0,0.025992633812129497,0,0,0,0
xgb_shallow,cpu,20260923,4,cn7,Clamp_Close_Time,gt_train_median,-0.9024657082140384,92,3,0.15756370864160682,20,3,17,0
xgb_shallow,cpu,20260923,4,cn7,Max_Injection_Pressure,le_train_median,0.6352098982042783,174,3,0.09141949004354491,20,3,17,0
xgb_shallow,cpu,20260923,4,cn7,Max_Injection_Pressure,gt_train_median,0.6352098982042783,18,0,0.0660074060368869,0,0,0,0
xgb_shallow,cpu,20260923,4,cn7,Max_Switch_Over_Pressure,le_train_median,-0.0104813786226104,102,0,0.07286163902494545,10,0,10,0
xgb_shallow,cpu,20260923,4,cn7,Max_Switch_Over_Pressure,gt_train_median,-0.0104813786226104,90,3,0.10736930439662602,10,3,7,0
xgb_shallow,cpu,20260923,4,rg3,Clamp_Close_Time,le_train_median,-0.3867898224103817,114,3,0.29860408578819614,17,1,16,2
xgb_shallow,cpu,20260923,4,rg3,Clamp_Close_Time,gt_train_median,-0.3867898224103817,76,1,0.23501467645952576,2,0,2,1
xgb_shallow,cpu,20260923,4,rg3,Max_Injection_Pressure,le_train_median,-0.1088018718162931,82,1,0.25287888680652876,6,0,6,1
xgb_shallow,cpu,20260923,4,rg3,Max_Injection_Pressure,gt_train_median,-0.1088018718162931,108,3,0.28857326363558294,13,1,12,2
xgb_shallow,cpu,20260923,4,rg3,Max_Switch_Over_Pressure,le_train_median,0.0757286837402434,94,2,0.24164305476749198,6,0,6,2
xgb_shallow,cpu,20260923,4,rg3,Max_Switch_Over_Pressure,gt_train_median,0.0757286837402434,96,2,0.3040368129441049,13,1,12,1
xgb_shallow,cpu,20260924,0,cn7,Clamp_Close_Time,le_train_median,-0.9024657082140384,118,0,0.0712494764287593,4,0,4,0
xgb_shallow,cpu,20260924,0,cn7,Clamp_Close_Time,gt_train_median,-0.9024657082140384,76,3,0.24581824355807744,16,2,14,1
xgb_shallow,cpu,20260924,0,cn7,Max_Injection_Pressure,le_train_median,0.6352098982042783,188,3,0.14247787892422142,20,2,18,1
xgb_shallow,cpu,20260924,0,cn7,Max_Injection_Pressure,gt_train_median,0.6352098982042783,6,0,0.05063058187564214,0,0,0,0
xgb_shallow,cpu,20260924,0,cn7,Max_Switch_Over_Pressure,le_train_median,-0.0104813786226104,104,1,0.08793884351885375,4,0,4,1
xgb_shallow,cpu,20260924,0,cn7,Max_Switch_Over_Pressure,gt_train_median,-0.0104813786226104,90,2,0.19937761114496325,16,2,14,0
xgb_shallow,cpu,20260924,0,rg3,Clamp_Close_Time,le_train_median,-0.3867898224103817,118,1,0.2184336928303464,13,0,13,1
xgb_shallow,cpu,20260924,0,rg3,Clamp_Close_Time,gt_train_median,-0.3867898224103817,72,3,0.23063674613109064,6,0,6,3
xgb_shallow,cpu,20260924,0,rg3,Max_Injection_Pressure,le_train_median,-0.1088018718162931,96,2,0.19093081931350753,5,0,5,2
xgb_shallow,cpu,20260924,0,rg3,Max_Injection_Pressure,gt_train_median,-0.1088018718162931,94,2,0.2558687534183264,14,0,14,2
xgb_shallow,cpu,20260924,0,rg3,Max_Switch_Over_Pressure,le_train_median,0.0757286837402434,112,3,0.2038009341839435,7,0,7,3
xgb_shallow,cpu,20260924,0,rg3,Max_Switch_Over_Pressure,gt_train_median,0.0757286837402434,78,1,0.25070919034381706,12,0,12,1
xgb_shallow,cpu,20260924,1,cn7,Clamp_Close_Time,le_train_median,-0.9024657082140384,118,0,0.03740841698521054,0,0,0,0
xgb_shallow,cpu,20260924,1,cn7,Clamp_Close_Time,gt_train_median,-0.9024657082140384,78,3,0.158585706152595,20,2,18,1
xgb_shallow,cpu,20260924,1,cn7,Max_Injection_Pressure,le_train_median,0.6352098982042783,190,3,0.0854192048832039,20,2,18,1
xgb_shallow,cpu,20260924,1,cn7,Max_Injection_Pressure,gt_train_median,0.6352098982042783,6,0,0.0923715593914191,0,0,0,0
xgb_shallow,cpu,20260924,1,cn7,Max_Switch_Over_Pressure,le_train_median,-0.0104813786226104,120,2,0.0680217686429387,10,2,8,0
xgb_shallow,cpu,20260924,1,cn7,Max_Switch_Over_Pressure,gt_train_median,-0.0104813786226104,76,1,0.1134377111447975,10,0,10,1
xgb_shallow,cpu,20260924,1,rg3,Clamp_Close_Time,le_train_median,-0.3867898224103817,102,3,0.18443260372926792,8,0,8,3
xgb_shallow,cpu,20260924,1,rg3,Clamp_Close_Time,gt_train_median,-0.3867898224103817,86,1,0.2386429185091063,11,1,10,0
xgb_shallow,cpu,20260924,1,rg3,Max_Injection_Pressure,le_train_median,-0.1088018718162931,122,2,0.1974046866974381,11,1,10,1
xgb_shallow,cpu,20260924,1,rg3,Max_Injection_Pressure,gt_train_median,-0.1088018718162931,66,2,0.23109158780425787,8,0,8,2
xgb_shallow,cpu,20260924,1,rg3,Max_Switch_Over_Pressure,le_train_median,0.0757286837402434,116,2,0.19078296695932231,13,1,12,1
xgb_shallow,cpu,20260924,1,rg3,Max_Switch_Over_Pressure,gt_train_median,0.0757286837402434,72,2,0.23895267229009834,6,0,6,2
xgb_shallow,cpu,20260924,2,cn7,Clamp_Close_Time,le_train_median,-0.9024657082140384,92,0,0.0994698419539339,2,0,2,0
xgb_shallow,cpu,20260924,2,cn7,Clamp_Close_Time,gt_train_median,-0.9024657082140384,101,2,0.18282778874629796,18,2,16,0
xgb_shallow,cpu,20260924,2,cn7,Max_Injection_Pressure,le_train_median,0.6352098982042783,189,2,0.14566541905145322,20,2,18,0
xgb_shallow,cpu,20260924,2,cn7,Max_Injection_Pressure,gt_train_median,0.6352098982042783,4,0,0.021516980603337288,0,0,0,0
xgb_shallow,cpu,20260924,2,cn7,Max_Switch_Over_Pressure,le_train_median,-0.0104813786226104,106,0,0.10522096406422415,6,0,6,0
xgb_shallow,cpu,20260924,2,cn7,Max_Switch_Over_Pressure,gt_train_median,-0.0104813786226104,87,2,0.18923459692333622,14,2,12,0
xgb_shallow,cpu,20260924,2,rg3,Clamp_Close_Time,le_train_median,-0.3867898224103817,116,3,0.24897724595563164,13,0,13,3
xgb_shallow,cpu,20260924,2,rg3,Clamp_Close_Time,gt_train_median,-0.3867898224103817,72,1,0.2285778241025077,6,1,5,0
xgb_shallow,cpu,20260924,2,rg3,Max_Injection_Pressure,le_train_median,-0.1088018718162931,118,3,0.22252691808646008,9,1,8,2
xgb_shallow,cpu,20260924,2,rg3,Max_Injection_Pressure,gt_train_median,-0.1088018718162931,70,1,0.27258267902902195,10,0,10,1
xgb_shallow,cpu,20260924,2,rg3,Max_Switch_Over_Pressure,le_train_median,0.0757286837402434,110,2,0.22860760309479453,11,1,10,1
xgb_shallow,cpu,20260924,2,rg3,Max_Switch_Over_Pressure,gt_train_median,0.0757286837402434,78,2,0.25887342981803113,8,0,8,2
xgb_shallow,cpu,20260924,3,cn7,Clamp_Close_Time,le_train_median,-0.9024657082140384,96,0,0.036979953156939395,0,0,0,0
xgb_shallow,cpu,20260924,3,cn7,Clamp_Close_Time,gt_train_median,-0.9024657082140384,96,2,0.17608014906484945,20,1,19,1
xgb_shallow,cpu,20260924,3,cn7,Max_Injection_Pressure,le_train_median,0.6352098982042783,184,2,0.10720757009846199,20,1,19,1
xgb_shallow,cpu,20260924,3,cn7,Max_Injection_Pressure,gt_train_median,0.6352098982042783,8,0,0.09094711439684033,0,0,0,0
xgb_shallow,cpu,20260924,3,cn7,Max_Switch_Over_Pressure,le_train_median,-0.0104813786226104,112,0,0.09275773104413279,10,0,10,0
xgb_shallow,cpu,20260924,3,cn7,Max_Switch_Over_Pressure,gt_train_median,-0.0104813786226104,80,2,0.12581129920436068,10,1,9,1
xgb_shallow,cpu,20260924,3,rg3,Clamp_Close_Time,le_train_median,-0.3867898224103817,106,1,0.2645454609520593,13,0,13,1
xgb_shallow,cpu,20260924,3,rg3,Clamp_Close_Time,gt_train_median,-0.3867898224103817,84,3,0.19777362274804286,6,0,6,3
xgb_shallow,cpu,20260924,3,rg3,Max_Injection_Pressure,le_train_median,-0.1088018718162931,96,1,0.23223538351400444,8,0,8,1
xgb_shallow,cpu,20260924,3,rg3,Max_Injection_Pressure,gt_train_median,-0.1088018718162931,94,3,0.23787453568520697,11,0,11,3
xgb_shallow,cpu,20260924,3,rg3,Max_Switch_Over_Pressure,le_train_median,0.0757286837402434,106,3,0.2315611237624906,10,0,10,3
xgb_shallow,cpu,20260924,3,rg3,Max_Switch_Over_Pressure,gt_train_median,0.0757286837402434,84,1,0.2393967149158319,9,0,9,1
xgb_shallow,cpu,20260924,4,cn7,Clamp_Close_Time,le_train_median,-0.9024657082140384,100,0,0.025992633812129497,0,0,0,0
xgb_shallow,cpu,20260924,4,cn7,Clamp_Close_Time,gt_train_median,-0.9024657082140384,92,3,0.15756370864160682,20,3,17,0
xgb_shallow,cpu,20260924,4,cn7,Max_Injection_Pressure,le_train_median,0.6352098982042783,174,3,0.09141949004354491,20,3,17,0
xgb_shallow,cpu,20260924,4,cn7,Max_Injection_Pressure,gt_train_median,0.6352098982042783,18,0,0.0660074060368869,0,0,0,0
xgb_shallow,cpu,20260924,4,cn7,Max_Switch_Over_Pressure,le_train_median,-0.0104813786226104,102,0,0.07286163902494545,10,0,10,0
xgb_shallow,cpu,20260924,4,cn7,Max_Switch_Over_Pressure,gt_train_median,-0.0104813786226104,90,3,0.10736930439662602,10,3,7,0
xgb_shallow,cpu,20260924,4,rg3,Clamp_Close_Time,le_train_median,-0.3867898224103817,114,3,0.29860408578819614,17,1,16,2
xgb_shallow,cpu,20260924,4,rg3,Clamp_Close_Time,gt_train_median,-0.3867898224103817,76,1,0.23501467645952576,2,0,2,1
xgb_shallow,cpu,20260924,4,rg3,Max_Injection_Pressure,le_train_median,-0.1088018718162931,82,1,0.25287888680652876,6,0,6,1
xgb_shallow,cpu,20260924,4,rg3,Max_Injection_Pressure,gt_train_median,-0.1088018718162931,108,3,0.28857326363558294,13,1,12,2
xgb_shallow,cpu,20260924,4,rg3,Max_Switch_Over_Pressure,le_train_median,0.0757286837402434,94,2,0.24164305476749198,6,0,6,2
xgb_shallow,cpu,20260924,4,rg3,Max_Switch_Over_Pressure,gt_train_median,0.0757286837402434,96,2,0.3040368129441049,13,1,12,1
xgb_regularized,cpu,20260922,0,cn7,Clamp_Close_Time,le_train_median,-0.9024657082140384,118,0,0.02677502102115965,0,0,0,0
xgb_regularized,cpu,20260922,0,cn7,Clamp_Close_Time,gt_train_median,-0.9024657082140384,76,3,0.16878493212004142,20,2,18,1
xgb_regularized,cpu,20260922,0,cn7,Max_Injection_Pressure,le_train_median,0.6352098982042783,188,3,0.08469932114685629,20,2,18,1
xgb_regularized,cpu,20260922,0,cn7,Max_Injection_Pressure,gt_train_median,0.6352098982042783,6,0,0.010605824335167805,0,0,0,0
xgb_regularized,cpu,20260922,0,cn7,Max_Switch_Over_Pressure,le_train_median,-0.0104813786226104,104,1,0.041211571025017366,6,0,6,1
xgb_regularized,cpu,20260922,0,cn7,Max_Switch_Over_Pressure,gt_train_median,-0.0104813786226104,90,2,0.13001226594464646,14,2,12,0
xgb_regularized,cpu,20260922,0,rg3,Clamp_Close_Time,le_train_median,-0.3867898224103817,118,1,0.12328417634323113,11,0,11,1
xgb_regularized,cpu,20260922,0,rg3,Clamp_Close_Time,gt_train_median,-0.3867898224103817,72,3,0.12832778392152655,8,1,7,2
xgb_regularized,cpu,20260922,0,rg3,Max_Injection_Pressure,le_train_median,-0.1088018718162931,96,2,0.0927423273921401,6,1,5,1
xgb_regularized,cpu,20260922,0,rg3,Max_Injection_Pressure,gt_train_median,-0.1088018718162931,94,2,0.15833904065112483,13,0,13,2
xgb_regularized,cpu,20260922,0,rg3,Max_Switch_Over_Pressure,le_train_median,0.0757286837402434,112,3,0.10543867244268768,10,1,9,2
xgb_regularized,cpu,20260922,0,rg3,Max_Switch_Over_Pressure,gt_train_median,0.0757286837402434,78,1,0.15356412740089956,9,0,9,1
xgb_regularized,cpu,20260922,1,cn7,Clamp_Close_Time,le_train_median,-0.9024657082140384,118,0,0.010479265672521729,0,0,0,0
xgb_regularized,cpu,20260922,1,cn7,Clamp_Close_Time,gt_train_median,-0.9024657082140384,78,3,0.08198922214647517,20,3,17,0
xgb_regularized,cpu,20260922,1,cn7,Max_Injection_Pressure,le_train_median,0.6352098982042783,190,3,0.039627736225099255,20,3,17,0
xgb_regularized,cpu,20260922,1,cn7,Max_Injection_Pressure,gt_train_median,0.6352098982042783,6,0,0.017073799002294738,0,0,0,0
xgb_regularized,cpu,20260922,1,cn7,Max_Switch_Over_Pressure,le_train_median,-0.0104813786226104,120,2,0.02387371652148431,10,2,8,0
xgb_regularized,cpu,20260922,1,cn7,Max_Switch_Over_Pressure,gt_train_median,-0.0104813786226104,76,1,0.06272193018690143,10,1,9,0
xgb_regularized,cpu,20260922,1,rg3,Clamp_Close_Time,le_train_median,-0.3867898224103817,102,3,0.08952282320744559,7,0,7,3
xgb_regularized,cpu,20260922,1,rg3,Clamp_Close_Time,gt_train_median,-0.3867898224103817,86,1,0.12952572012016939,12,0,12,1
xgb_regularized,cpu,20260922,1,rg3,Max_Injection_Pressure,le_train_median,-0.1088018718162931,122,2,0.10407184071258688,12,0,12,2
xgb_regularized,cpu,20260922,1,rg3,Max_Injection_Pressure,gt_train_median,-0.1088018718162931,66,2,0.11475417167512757,7,0,7,2
xgb_regularized,cpu,20260922,1,rg3,Max_Switch_Over_Pressure,le_train_median,0.0757286837402434,116,2,0.09954146225936711,12,0,12,2
xgb_regularized,cpu,20260922,1,rg3,Max_Switch_Over_Pressure,gt_train_median,0.0757286837402434,72,2,0.12116292049176991,7,0,7,2
xgb_regularized,cpu,20260922,2,cn7,Clamp_Close_Time,le_train_median,-0.9024657082140384,92,0,0.02079207786617031,0,0,0,0
xgb_regularized,cpu,20260922,2,cn7,Clamp_Close_Time,gt_train_median,-0.9024657082140384,101,2,0.13477348620855795,20,2,18,0
xgb_regularized,cpu,20260922,2,cn7,Max_Injection_Pressure,le_train_median,0.6352098982042783,189,2,0.08204538579451207,20,2,18,0
xgb_regularized,cpu,20260922,2,cn7,Max_Injection_Pressure,gt_train_median,0.6352098982042783,4,0,0.004603838897310197,0,0,0,0
xgb_regularized,cpu,20260922,2,cn7,Max_Switch_Over_Pressure,le_train_median,-0.0104813786226104,106,0,0.03527302441147666,4,0,4,0
xgb_regularized,cpu,20260922,2,cn7,Max_Switch_Over_Pressure,gt_train_median,-0.0104813786226104,87,2,0.13547186992109764,16,2,14,0
xgb_regularized,cpu,20260922,2,rg3,Clamp_Close_Time,le_train_median,-0.3867898224103817,116,3,0.12104390070227714,15,0,15,3
xgb_regularized,cpu,20260922,2,rg3,Clamp_Close_Time,gt_train_median,-0.3867898224103817,72,1,0.09857193698796134,4,1,3,0
xgb_regularized,cpu,20260922,2,rg3,Max_Injection_Pressure,le_train_median,-0.1088018718162931,118,3,0.09865193199997736,6,1,5,2
xgb_regularized,cpu,20260922,2,rg3,Max_Injection_Pressure,gt_train_median,-0.1088018718162931,70,1,0.13567634240857193,13,0,13,1
xgb_regularized,cpu,20260922,2,rg3,Max_Switch_Over_Pressure,le_train_median,0.0757286837402434,110,2,0.10455505196005106,8,1,7,1
xgb_regularized,cpu,20260922,2,rg3,Max_Switch_Over_Pressure,gt_train_median,0.0757286837402434,78,2,0.1235540542178429,11,0,11,2
xgb_regularized,cpu,20260922,3,cn7,Clamp_Close_Time,le_train_median,-0.9024657082140384,96,0,0.017503865020747373,2,0,2,0
xgb_regularized,cpu,20260922,3,cn7,Clamp_Close_Time,gt_train_median,-0.9024657082140384,96,2,0.07806215122521583,18,2,16,0
xgb_regularized,cpu,20260922,3,cn7,Max_Injection_Pressure,le_train_median,0.6352098982042783,184,2,0.048795178880580985,20,2,18,0
xgb_regularized,cpu,20260922,3,cn7,Max_Injection_Pressure,gt_train_median,0.6352098982042783,8,0,0.024503080698195845,0,0,0,0
xgb_regularized,cpu,20260922,3,cn7,Max_Switch_Over_Pressure,le_train_median,-0.0104813786226104,112,0,0.039151210987516345,10,0,10,0
xgb_regularized,cpu,20260922,3,cn7,Max_Switch_Over_Pressure,gt_train_median,-0.0104813786226104,80,2,0.059867524112632964,10,2,8,0
xgb_regularized,cpu,20260922,3,rg3,Clamp_Close_Time,le_train_median,-0.3867898224103817,106,1,0.14130947216993794,13,0,13,1
xgb_regularized,cpu,20260922,3,rg3,Clamp_Close_Time,gt_train_median,-0.3867898224103817,84,3,0.10297710005016554,6,0,6,3
xgb_regularized,cpu,20260922,3,rg3,Max_Injection_Pressure,le_train_median,-0.1088018718162931,96,1,0.12390873835344489,10,0,10,1
xgb_regularized,cpu,20260922,3,rg3,Max_Injection_Pressure,gt_train_median,-0.1088018718162931,94,3,0.1248259741733683,9,0,9,3
xgb_regularized,cpu,20260922,3,rg3,Max_Switch_Over_Pressure,le_train_median,0.0757286837402434,106,3,0.12071558182953664,12,0,12,3
xgb_regularized,cpu,20260922,3,rg3,Max_Switch_Over_Pressure,gt_train_median,0.0757286837402434,84,1,0.12896462833686245,7,0,7,1
xgb_regularized,cpu,20260922,4,cn7,Clamp_Close_Time,le_train_median,-0.9024657082140384,100,0,0.012564834458753466,0,0,0,0
xgb_regularized,cpu,20260922,4,cn7,Clamp_Close_Time,gt_train_median,-0.9024657082140384,92,3,0.08796312410951308,20,3,17,0
xgb_regularized,cpu,20260922,4,cn7,Max_Injection_Pressure,le_train_median,0.6352098982042783,174,3,0.05240382644315732,20,3,17,0
xgb_regularized,cpu,20260922,4,cn7,Max_Injection_Pressure,gt_train_median,0.6352098982042783,18,0,0.012823614602287611,0,0,0,0
xgb_regularized,cpu,20260922,4,cn7,Max_Switch_Over_Pressure,le_train_median,-0.0104813786226104,102,0,0.033085267700930586,8,0,8,0
xgb_regularized,cpu,20260922,4,cn7,Max_Switch_Over_Pressure,gt_train_median,-0.0104813786226104,90,3,0.06638215064950702,12,3,9,0
xgb_regularized,cpu,20260922,4,rg3,Clamp_Close_Time,le_train_median,-0.3867898224103817,114,3,0.16826102925105052,17,1,16,2
xgb_regularized,cpu,20260922,4,rg3,Clamp_Close_Time,gt_train_median,-0.3867898224103817,76,1,0.1058615738844597,2,0,2,1
xgb_regularized,cpu,20260922,4,rg3,Max_Injection_Pressure,le_train_median,-0.1088018718162931,82,1,0.11243726562981199,2,0,2,1
xgb_regularized,cpu,20260922,4,rg3,Max_Injection_Pressure,gt_train_median,-0.1088018718162931,108,3,0.16673501081661218,17,1,16,2
xgb_regularized,cpu,20260922,4,rg3,Max_Switch_Over_Pressure,le_train_median,0.0757286837402434,94,2,0.11273079167338128,6,1,5,1
xgb_regularized,cpu,20260922,4,rg3,Max_Switch_Over_Pressure,gt_train_median,0.0757286837402434,96,2,0.1732348180473006,13,0,13,2
xgb_regularized,cpu,20260923,0,cn7,Clamp_Close_Time,le_train_median,-0.9024657082140384,118,0,0.027775459761052567,0,0,0,0
xgb_regularized,cpu,20260923,0,cn7,Clamp_Close_Time,gt_train_median,-0.9024657082140384,76,3,0.17020896404957106,20,2,18,1
xgb_regularized,cpu,20260923,0,cn7,Max_Injection_Pressure,le_train_median,0.6352098982042783,188,3,0.08588124754680122,20,2,18,1
xgb_regularized,cpu,20260923,0,cn7,Max_Injection_Pressure,gt_train_median,0.6352098982042783,6,0,0.011285163462162018,0,0,0,0
xgb_regularized,cpu,20260923,0,cn7,Max_Switch_Over_Pressure,le_train_median,-0.0104813786226104,104,1,0.04425523718684697,6,0,6,1
xgb_regularized,cpu,20260923,0,cn7,Max_Switch_Over_Pressure,gt_train_median,-0.0104813786226104,90,2,0.1290093428015502,14,2,12,0
xgb_regularized,cpu,20260923,0,rg3,Clamp_Close_Time,le_train_median,-0.3867898224103817,118,1,0.13475631507729197,11,0,11,1
xgb_regularized,cpu,20260923,0,rg3,Clamp_Close_Time,gt_train_median,-0.3867898224103817,72,3,0.1282124178768653,8,1,7,2
xgb_regularized,cpu,20260923,0,rg3,Max_Injection_Pressure,le_train_median,-0.1088018718162931,96,2,0.09758217541093472,6,1,5,1
xgb_regularized,cpu,20260923,0,rg3,Max_Injection_Pressure,gt_train_median,-0.1088018718162931,94,2,0.16770904709367043,13,0,13,2
xgb_regularized,cpu,20260923,0,rg3,Max_Switch_Over_Pressure,le_train_median,0.0757286837402434,112,3,0.10987580745131709,8,1,7,2
xgb_regularized,cpu,20260923,0,rg3,Max_Switch_Over_Pressure,gt_train_median,0.0757286837402434,78,1,0.16444165168855435,11,0,11,1
xgb_regularized,cpu,20260923,1,cn7,Clamp_Close_Time,le_train_median,-0.9024657082140384,118,0,0.009317542340949777,0,0,0,0
xgb_regularized,cpu,20260923,1,cn7,Clamp_Close_Time,gt_train_median,-0.9024657082140384,78,3,0.09036566332603495,20,3,17,0
xgb_regularized,cpu,20260923,1,cn7,Max_Injection_Pressure,le_train_median,0.6352098982042783,190,3,0.042216913091741796,20,3,17,0
xgb_regularized,cpu,20260923,1,cn7,Max_Injection_Pressure,gt_train_median,0.6352098982042783,6,0,0.021129708038643003,0,0,0,0
xgb_regularized,cpu,20260923,1,cn7,Max_Switch_Over_Pressure,le_train_median,-0.0104813786226104,120,2,0.02684461358342863,10,2,8,0
xgb_regularized,cpu,20260923,1,cn7,Max_Switch_Over_Pressure,gt_train_median,-0.0104813786226104,76,1,0.06482418560067583,10,1,9,0
xgb_regularized,cpu,20260923,1,rg3,Clamp_Close_Time,le_train_median,-0.3867898224103817,102,3,0.08759973640097123,6,0,6,3
xgb_regularized,cpu,20260923,1,rg3,Clamp_Close_Time,gt_train_median,-0.3867898224103817,86,1,0.12635876344473557,13,0,13,1
xgb_regularized,cpu,20260923,1,rg3,Max_Injection_Pressure,le_train_median,-0.1088018718162931,122,2,0.10029254682728501,13,0,13,2
xgb_regularized,cpu,20260923,1,rg3,Max_Injection_Pressure,gt_train_median,-0.1088018718162931,66,2,0.11464145539723562,6,0,6,2
xgb_regularized,cpu,20260923,1,rg3,Max_Switch_Over_Pressure,le_train_median,0.0757286837402434,116,2,0.09691566901666851,11,0,11,2
xgb_regularized,cpu,20260923,1,rg3,Max_Switch_Over_Pressure,gt_train_median,0.0757286837402434,72,2,0.11888623837795523,8,0,8,2
xgb_regularized,cpu,20260923,2,cn7,Clamp_Close_Time,le_train_median,-0.9024657082140384,92,0,0.021026296371533332,0,0,0,0
xgb_regularized,cpu,20260923,2,cn7,Clamp_Close_Time,gt_train_median,-0.9024657082140384,101,2,0.1360773995016139,20,2,18,0
xgb_regularized,cpu,20260923,2,cn7,Max_Injection_Pressure,le_train_median,0.6352098982042783,189,2,0.08279745724229585,20,2,18,0
xgb_regularized,cpu,20260923,2,cn7,Max_Injection_Pressure,gt_train_median,0.6352098982042783,4,0,0.007379299262538552,0,0,0,0
xgb_regularized,cpu,20260923,2,cn7,Max_Switch_Over_Pressure,le_train_median,-0.0104813786226104,106,0,0.037737825804144004,4,0,4,0
xgb_regularized,cpu,20260923,2,cn7,Max_Switch_Over_Pressure,gt_train_median,-0.0104813786226104,87,2,0.13423019632879088,16,2,14,0
xgb_regularized,cpu,20260923,2,rg3,Clamp_Close_Time,le_train_median,-0.3867898224103817,116,3,0.11986146847203631,13,0,13,3
xgb_regularized,cpu,20260923,2,rg3,Clamp_Close_Time,gt_train_median,-0.3867898224103817,72,1,0.10489323667974935,6,1,5,0
xgb_regularized,cpu,20260923,2,rg3,Max_Injection_Pressure,le_train_median,-0.1088018718162931,118,3,0.09744416322495977,8,1,7,2
xgb_regularized,cpu,20260923,2,rg3,Max_Injection_Pressure,gt_train_median,-0.1088018718162931,70,1,0.14225474461647017,11,0,11,1
xgb_regularized,cpu,20260923,2,rg3,Max_Switch_Over_Pressure,le_train_median,0.0757286837402434,110,2,0.10420852760699663,9,1,8,1
xgb_regularized,cpu,20260923,2,rg3,Max_Switch_Over_Pressure,gt_train_median,0.0757286837402434,78,2,0.12811929931959662,10,0,10,2
xgb_regularized,cpu,20260923,3,cn7,Clamp_Close_Time,le_train_median,-0.9024657082140384,96,0,0.017586118699303672,2,0,2,0
xgb_regularized,cpu,20260923,3,cn7,Clamp_Close_Time,gt_train_median,-0.9024657082140384,96,2,0.0877091545892957,18,2,16,0
xgb_regularized,cpu,20260923,3,cn7,Max_Injection_Pressure,le_train_median,0.6352098982042783,184,2,0.05413898837919671,20,2,18,0
xgb_regularized,cpu,20260923,3,cn7,Max_Injection_Pressure,gt_train_median,0.6352098982042783,8,0,0.018346546741668135,0,0,0,0
xgb_regularized,cpu,20260923,3,cn7,Max_Switch_Over_Pressure,le_train_median,-0.0104813786226104,112,0,0.0438852688343364,8,0,8,0
xgb_regularized,cpu,20260923,3,cn7,Max_Switch_Over_Pressure,gt_train_median,-0.0104813786226104,80,2,0.0649149515782483,12,2,10,0
xgb_regularized,cpu,20260923,3,rg3,Clamp_Close_Time,le_train_median,-0.3867898224103817,106,1,0.15147392787830025,12,0,12,1
xgb_regularized,cpu,20260923,3,rg3,Clamp_Close_Time,gt_train_median,-0.3867898224103817,84,3,0.11197494551362026,7,0,7,3
xgb_regularized,cpu,20260923,3,rg3,Max_Injection_Pressure,le_train_median,-0.1088018718162931,96,1,0.13243154502318552,9,0,9,1
xgb_regularized,cpu,20260923,3,rg3,Max_Injection_Pressure,gt_train_median,-0.1088018718162931,94,3,0.1356245048512566,10,0,10,3
xgb_regularized,cpu,20260923,3,rg3,Max_Switch_Over_Pressure,le_train_median,0.0757286837402434,106,3,0.13194948281952232,11,0,11,3
xgb_regularized,cpu,20260923,3,rg3,Max_Switch_Over_Pressure,gt_train_median,0.0757286837402434,84,1,0.13661293570684002,8,0,8,1
xgb_regularized,cpu,20260923,4,cn7,Clamp_Close_Time,le_train_median,-0.9024657082140384,100,0,0.012388864546082914,0,0,0,0
xgb_regularized,cpu,20260923,4,cn7,Clamp_Close_Time,gt_train_median,-0.9024657082140384,92,3,0.0885957848032653,20,3,17,0
xgb_regularized,cpu,20260923,4,cn7,Max_Injection_Pressure,le_train_median,0.6352098982042783,174,3,0.05267979622813177,20,3,17,0
xgb_regularized,cpu,20260923,4,cn7,Max_Injection_Pressure,gt_train_median,0.6352098982042783,18,0,0.012411895156320598,0,0,0,0
xgb_regularized,cpu,20260923,4,cn7,Max_Switch_Over_Pressure,le_train_median,-0.0104813786226104,102,0,0.031170011507164613,8,0,8,0
xgb_regularized,cpu,20260923,4,cn7,Max_Switch_Over_Pressure,gt_train_median,-0.0104813786226104,90,3,0.06900397203086565,12,3,9,0
xgb_regularized,cpu,20260923,4,rg3,Clamp_Close_Time,le_train_median,-0.3867898224103817,114,3,0.17417636293950572,16,1,15,2
xgb_regularized,cpu,20260923,4,rg3,Clamp_Close_Time,gt_train_median,-0.3867898224103817,76,1,0.11534725421255357,3,0,3,1
xgb_regularized,cpu,20260923,4,rg3,Max_Injection_Pressure,le_train_median,-0.1088018718162931,82,1,0.1255014471073703,3,0,3,1
xgb_regularized,cpu,20260923,4,rg3,Max_Injection_Pressure,gt_train_median,-0.1088018718162931,108,3,0.16973498178197555,16,1,15,2
xgb_regularized,cpu,20260923,4,rg3,Max_Switch_Over_Pressure,le_train_median,0.0757286837402434,94,2,0.12072107264217227,3,1,2,1
xgb_regularized,cpu,20260923,4,rg3,Max_Switch_Over_Pressure,gt_train_median,0.0757286837402434,96,2,0.1799449569468076,16,0,16,2
xgb_regularized,cpu,20260924,0,cn7,Clamp_Close_Time,le_train_median,-0.9024657082140384,118,0,0.027603969790862274,0,0,0,0
xgb_regularized,cpu,20260924,0,cn7,Clamp_Close_Time,gt_train_median,-0.9024657082140384,76,3,0.1739938699909927,20,2,18,1
xgb_regularized,cpu,20260924,0,cn7,Max_Injection_Pressure,le_train_median,0.6352098982042783,188,3,0.08742521536298731,20,2,18,1
xgb_regularized,cpu,20260924,0,cn7,Max_Injection_Pressure,gt_train_median,0.6352098982042783,6,0,0.007477011065930128,0,0,0,0
xgb_regularized,cpu,20260924,0,cn7,Max_Switch_Over_Pressure,le_train_median,-0.0104813786226104,104,1,0.04150338945328258,6,0,6,1
xgb_regularized,cpu,20260924,0,cn7,Max_Switch_Over_Pressure,gt_train_median,-0.0104813786226104,90,2,0.13516055612773117,14,2,12,0
xgb_regularized,cpu,20260924,0,rg3,Clamp_Close_Time,le_train_median,-0.3867898224103817,118,1,0.12946783705472442,11,0,11,1
xgb_regularized,cpu,20260924,0,rg3,Clamp_Close_Time,gt_train_median,-0.3867898224103817,72,3,0.1254714869816477,8,1,7,2
xgb_regularized,cpu,20260924,0,rg3,Max_Injection_Pressure,le_train_median,-0.1088018718162931,96,2,0.09447740812902339,6,1,5,1
xgb_regularized,cpu,20260924,0,rg3,Max_Injection_Pressure,gt_train_median,-0.1088018718162931,94,2,0.16214170909308373,13,0,13,2
xgb_regularized,cpu,20260924,0,rg3,Max_Switch_Over_Pressure,le_train_median,0.0757286837402434,112,3,0.10090474623887401,8,1,7,2
xgb_regularized,cpu,20260924,0,rg3,Max_Switch_Over_Pressure,gt_train_median,0.0757286837402434,78,1,0.16679256738951573,11,0,11,1
xgb_regularized,cpu,20260924,1,cn7,Clamp_Close_Time,le_train_median,-0.9024657082140384,118,0,0.0100363711969556,0,0,0,0
xgb_regularized,cpu,20260924,1,cn7,Clamp_Close_Time,gt_train_median,-0.9024657082140384,78,3,0.08312043922845848,20,3,17,0
xgb_regularized,cpu,20260924,1,cn7,Max_Injection_Pressure,le_train_median,0.6352098982042783,190,3,0.03977098867425842,20,3,17,0
xgb_regularized,cpu,20260924,1,cn7,Max_Injection_Pressure,gt_train_median,0.6352098982042783,6,0,0.018533035491903622,0,0,0,0
xgb_regularized,cpu,20260924,1,cn7,Max_Switch_Over_Pressure,le_train_median,-0.0104813786226104,120,2,0.02383183253744695,10,2,8,0
xgb_regularized,cpu,20260924,1,cn7,Max_Switch_Over_Pressure,gt_train_median,-0.0104813786226104,76,1,0.06326139679693274,10,1,9,0
xgb_regularized,cpu,20260924,1,rg3,Clamp_Close_Time,le_train_median,-0.3867898224103817,102,3,0.08968149402233608,6,0,6,3
xgb_regularized,cpu,20260924,1,rg3,Clamp_Close_Time,gt_train_median,-0.3867898224103817,86,1,0.13371653651255508,13,0,13,1
xgb_regularized,cpu,20260924,1,rg3,Max_Injection_Pressure,le_train_median,-0.1088018718162931,122,2,0.10532306159892288,13,0,13,2
xgb_regularized,cpu,20260924,1,rg3,Max_Injection_Pressure,gt_train_median,-0.1088018718162931,66,2,0.11814728811044585,6,0,6,2
xgb_regularized,cpu,20260924,1,rg3,Max_Switch_Over_Pressure,le_train_median,0.0757286837402434,116,2,0.09882525149893401,11,0,11,2
xgb_regularized,cpu,20260924,1,rg3,Max_Switch_Over_Pressure,gt_train_median,0.0757286837402434,72,2,0.12754729661780098,8,0,8,2
xgb_regularized,cpu,20260924,2,cn7,Clamp_Close_Time,le_train_median,-0.9024657082140384,92,0,0.020479610051868647,0,0,0,0
xgb_regularized,cpu,20260924,2,cn7,Clamp_Close_Time,gt_train_median,-0.9024657082140384,101,2,0.1391025023733146,20,2,18,0
xgb_regularized,cpu,20260924,2,cn7,Max_Injection_Pressure,le_train_median,0.6352098982042783,189,2,0.08419396508073622,20,2,18,0
xgb_regularized,cpu,20260924,2,cn7,Max_Injection_Pressure,gt_train_median,0.6352098982042783,4,0,0.0052043660543859005,0,0,0,0
xgb_regularized,cpu,20260924,2,cn7,Max_Switch_Over_Pressure,le_train_median,-0.0104813786226104,106,0,0.03901684668270941,4,0,4,0
xgb_regularized,cpu,20260924,2,cn7,Max_Switch_Over_Pressure,gt_train_median,-0.0104813786226104,87,2,0.13560564501275277,16,2,14,0
xgb_regularized,cpu,20260924,2,rg3,Clamp_Close_Time,le_train_median,-0.3867898224103817,116,3,0.1158490661884947,13,0,13,3
xgb_regularized,cpu,20260924,2,rg3,Clamp_Close_Time,gt_train_median,-0.3867898224103817,72,1,0.10258954683215254,6,1,5,0
xgb_regularized,cpu,20260924,2,rg3,Max_Injection_Pressure,le_train_median,-0.1088018718162931,118,3,0.09593623295678931,8,1,7,2
xgb_regularized,cpu,20260924,2,rg3,Max_Injection_Pressure,gt_train_median,-0.1088018718162931,70,1,0.1357780508697033,11,0,11,1
xgb_regularized,cpu,20260924,2,rg3,Max_Switch_Over_Pressure,le_train_median,0.0757286837402434,110,2,0.1042387531562285,10,1,9,1
xgb_regularized,cpu,20260924,2,rg3,Max_Switch_Over_Pressure,gt_train_median,0.0757286837402434,78,2,0.11998302823840043,9,0,9,2
xgb_regularized,cpu,20260924,3,cn7,Clamp_Close_Time,le_train_median,-0.9024657082140384,96,0,0.015196437411456524,0,0,0,0
xgb_regularized,cpu,20260924,3,cn7,Clamp_Close_Time,gt_train_median,-0.9024657082140384,96,2,0.08447256141274313,20,2,18,0
xgb_regularized,cpu,20260924,3,cn7,Max_Injection_Pressure,le_train_median,0.6352098982042783,184,2,0.05096814889744248,20,2,18,0
xgb_regularized,cpu,20260924,3,cn7,Max_Injection_Pressure,gt_train_median,0.6352098982042783,8,0,0.02376056124921888,0,0,0,0
xgb_regularized,cpu,20260924,3,cn7,Max_Switch_Over_Pressure,le_train_median,-0.0104813786226104,112,0,0.03987944835431075,10,0,10,0
xgb_regularized,cpu,20260924,3,cn7,Max_Switch_Over_Pressure,gt_train_median,-0.0104813786226104,80,2,0.06377157089300453,10,2,8,0
xgb_regularized,cpu,20260924,3,rg3,Clamp_Close_Time,le_train_median,-0.3867898224103817,106,1,0.1621113830632618,14,0,14,1
xgb_regularized,cpu,20260924,3,rg3,Clamp_Close_Time,gt_train_median,-0.3867898224103817,84,3,0.10123718849250249,5,0,5,3
xgb_regularized,cpu,20260924,3,rg3,Max_Injection_Pressure,le_train_median,-0.1088018718162931,96,1,0.12931259305332787,9,0,9,1
xgb_regularized,cpu,20260924,3,rg3,Max_Injection_Pressure,gt_train_median,-0.1088018718162931,94,3,0.14120980324421792,10,0,10,3
xgb_regularized,cpu,20260924,3,rg3,Max_Switch_Over_Pressure,le_train_median,0.0757286837402434,106,3,0.12801871020874045,11,0,11,3
xgb_regularized,cpu,20260924,3,rg3,Max_Switch_Over_Pressure,gt_train_median,0.0757286837402434,84,1,0.1442588947136842,8,0,8,1
xgb_regularized,cpu,20260924,4,cn7,Clamp_Close_Time,le_train_median,-0.9024657082140384,100,0,0.012509450523648411,2,0,2,0
xgb_regularized,cpu,20260924,4,cn7,Clamp_Close_Time,gt_train_median,-0.9024657082140384,92,3,0.0877230576057311,18,3,15,0
xgb_regularized,cpu,20260924,4,cn7,Max_Injection_Pressure,le_train_median,0.6352098982042783,174,3,0.05234576373537681,20,3,17,0
xgb_regularized,cpu,20260924,4,cn7,Max_Injection_Pressure,gt_train_median,0.6352098982042783,18,0,0.011850192340918712,0,0,0,0
xgb_regularized,cpu,20260924,4,cn7,Max_Switch_Over_Pressure,le_train_median,-0.0104813786226104,102,0,0.03219853103955222,10,0,10,0
xgb_regularized,cpu,20260924,4,cn7,Max_Switch_Over_Pressure,gt_train_median,-0.0104813786226104,90,3,0.06708017984508641,10,3,7,0
xgb_regularized,cpu,20260924,4,rg3,Clamp_Close_Time,le_train_median,-0.3867898224103817,114,3,0.1739710207799809,18,1,17,2
xgb_regularized,cpu,20260924,4,rg3,Clamp_Close_Time,gt_train_median,-0.3867898224103817,76,1,0.1085377131637774,1,0,1,1
xgb_regularized,cpu,20260924,4,rg3,Max_Injection_Pressure,le_train_median,-0.1088018718162931,82,1,0.11837259350662552,3,0,3,1
xgb_regularized,cpu,20260924,4,rg3,Max_Injection_Pressure,gt_train_median,-0.1088018718162931,108,3,0.17013898057242235,16,1,15,2
xgb_regularized,cpu,20260924,4,rg3,Max_Switch_Over_Pressure,le_train_median,0.0757286837402434,94,2,0.118252555978425,3,1,2,1
xgb_regularized,cpu,20260924,4,rg3,Max_Switch_Over_Pressure,gt_train_median,0.0757286837402434,96,2,0.17672731570200995,16,0,16,2
catboost_ref,cpu,20260922,0,cn7,Clamp_Close_Time,le_train_median,-0.9024657082140384,118,0,0.016227466763166314,4,0,4,0
catboost_ref,cpu,20260922,0,cn7,Clamp_Close_Time,gt_train_median,-0.9024657082140384,76,3,0.08915801431086902,16,2,14,1
catboost_ref,cpu,20260922,0,cn7,Max_Injection_Pressure,le_train_median,0.6352098982042783,188,3,0.04610486231423509,20,2,18,1
catboost_ref,cpu,20260922,0,cn7,Max_Injection_Pressure,gt_train_median,0.6352098982042783,6,0,0.0038560084339124175,0,0,0,0
catboost_ref,cpu,20260922,0,cn7,Max_Switch_Over_Pressure,le_train_median,-0.0104813786226104,104,1,0.016071438935729678,2,0,2,1
catboost_ref,cpu,20260922,0,cn7,Max_Switch_Over_Pressure,gt_train_median,-0.0104813786226104,90,2,0.07799356129293092,18,2,16,0
catboost_ref,cpu,20260922,0,rg3,Clamp_Close_Time,le_train_median,-0.3867898224103817,118,1,0.07293780024983541,12,0,12,1
catboost_ref,cpu,20260922,0,rg3,Clamp_Close_Time,gt_train_median,-0.3867898224103817,72,3,0.07579708526295513,7,1,6,2
catboost_ref,cpu,20260922,0,rg3,Max_Injection_Pressure,le_train_median,-0.1088018718162931,96,2,0.05582538311846568,7,1,6,1
catboost_ref,cpu,20260922,0,rg3,Max_Injection_Pressure,gt_train_median,-0.1088018718162931,94,2,0.09260440201107065,12,0,12,2
catboost_ref,cpu,20260922,0,rg3,Max_Switch_Over_Pressure,le_train_median,0.0757286837402434,112,3,0.07105131355320501,13,1,12,2
catboost_ref,cpu,20260922,0,rg3,Max_Switch_Over_Pressure,gt_train_median,0.0757286837402434,78,1,0.07828594167249214,6,0,6,1
catboost_ref,cpu,20260922,1,cn7,Clamp_Close_Time,le_train_median,-0.9024657082140384,118,0,0.009194546371778118,2,0,2,0
catboost_ref,cpu,20260922,1,cn7,Clamp_Close_Time,gt_train_median,-0.9024657082140384,78,3,0.05409068026624513,18,2,16,1
catboost_ref,cpu,20260922,1,cn7,Max_Injection_Pressure,le_train_median,0.6352098982042783,190,3,0.027707720969464316,20,2,18,1
catboost_ref,cpu,20260922,1,cn7,Max_Injection_Pressure,gt_train_median,0.6352098982042783,6,0,0.00659375807311971,0,0,0,0
catboost_ref,cpu,20260922,1,cn7,Max_Switch_Over_Pressure,le_train_median,-0.0104813786226104,120,2,0.013239151182877528,10,2,8,0
catboost_ref,cpu,20260922,1,cn7,Max_Switch_Over_Pressure,gt_train_median,-0.0104813786226104,76,1,0.04888593935120573,10,0,10,1
catboost_ref,cpu,20260922,1,rg3,Clamp_Close_Time,le_train_median,-0.3867898224103817,102,3,0.03827964841935651,6,0,6,3
catboost_ref,cpu,20260922,1,rg3,Clamp_Close_Time,gt_train_median,-0.3867898224103817,86,1,0.07008262298065616,13,0,13,1
catboost_ref,cpu,20260922,1,rg3,Max_Injection_Pressure,le_train_median,-0.1088018718162931,122,2,0.047733713441431014,11,0,11,2
catboost_ref,cpu,20260922,1,rg3,Max_Injection_Pressure,gt_train_median,-0.1088018718162931,66,2,0.06224419204933651,8,0,8,2
catboost_ref,cpu,20260922,1,rg3,Max_Switch_Over_Pressure,le_train_median,0.0757286837402434,116,2,0.05699945089157161,14,0,14,2
catboost_ref,cpu,20260922,1,rg3,Max_Switch_Over_Pressure,gt_train_median,0.0757286837402434,72,2,0.04610685294011787,5,0,5,2
catboost_ref,cpu,20260922,2,cn7,Clamp_Close_Time,le_train_median,-0.9024657082140384,92,0,0.019191999124193275,0,0,0,0
catboost_ref,cpu,20260922,2,cn7,Clamp_Close_Time,gt_train_median,-0.9024657082140384,101,2,0.08486295598881696,20,0,20,2
catboost_ref,cpu,20260922,2,cn7,Max_Injection_Pressure,le_train_median,0.6352098982042783,189,2,0.05465834351524092,20,0,20,2
catboost_ref,cpu,20260922,2,cn7,Max_Injection_Pressure,gt_train_median,0.6352098982042783,4,0,0.001598887478940617,0,0,0,0
catboost_ref,cpu,20260922,2,cn7,Max_Switch_Over_Pressure,le_train_median,-0.0104813786226104,106,0,0.03362550107077227,4,0,4,0
catboost_ref,cpu,20260922,2,cn7,Max_Switch_Over_Pressure,gt_train_median,-0.0104813786226104,87,2,0.07784505012407397,16,0,16,2
catboost_ref,cpu,20260922,2,rg3,Clamp_Close_Time,le_train_median,-0.3867898224103817,116,3,0.07758559713328508,9,0,9,3
catboost_ref,cpu,20260922,2,rg3,Clamp_Close_Time,gt_train_median,-0.3867898224103817,72,1,0.06890102411629492,10,1,9,0
catboost_ref,cpu,20260922,2,rg3,Max_Injection_Pressure,le_train_median,-0.1088018718162931,118,3,0.06694237232670797,10,1,9,2
catboost_ref,cpu,20260922,2,rg3,Max_Injection_Pressure,gt_train_median,-0.1088018718162931,70,1,0.08659432956118236,9,0,9,1
catboost_ref,cpu,20260922,2,rg3,Max_Switch_Over_Pressure,le_train_median,0.0757286837402434,110,2,0.07089567444257025,10,1,9,1
catboost_ref,cpu,20260922,2,rg3,Max_Switch_Over_Pressure,gt_train_median,0.0757286837402434,78,2,0.07900357455322535,9,0,9,2
catboost_ref,cpu,20260922,3,cn7,Clamp_Close_Time,le_train_median,-0.9024657082140384,96,0,0.009698513633499438,2,0,2,0
catboost_ref,cpu,20260922,3,cn7,Clamp_Close_Time,gt_train_median,-0.9024657082140384,96,2,0.04724568089917241,18,2,16,0
catboost_ref,cpu,20260922,3,cn7,Max_Injection_Pressure,le_train_median,0.6352098982042783,184,2,0.029357875859337995,20,2,18,0
catboost_ref,cpu,20260922,3,cn7,Max_Injection_Pressure,gt_train_median,0.6352098982042783,8,0,0.008099189627288329,0,0,0,0
catboost_ref,cpu,20260922,3,cn7,Max_Switch_Over_Pressure,le_train_median,-0.0104813786226104,112,0,0.022888574015256274,10,0,10,0
catboost_ref,cpu,20260922,3,cn7,Max_Switch_Over_Pressure,gt_train_median,-0.0104813786226104,80,2,0.03628902981784744,10,2,8,0
catboost_ref,cpu,20260922,3,rg3,Clamp_Close_Time,le_train_median,-0.3867898224103817,106,1,0.09244426834497564,11,0,11,1
catboost_ref,cpu,20260922,3,rg3,Clamp_Close_Time,gt_train_median,-0.3867898224103817,84,3,0.08353376915052098,8,0,8,3
catboost_ref,cpu,20260922,3,rg3,Max_Injection_Pressure,le_train_median,-0.1088018718162931,96,1,0.07996650773724755,8,0,8,1
catboost_ref,cpu,20260922,3,rg3,Max_Injection_Pressure,gt_train_median,-0.1088018718162931,94,3,0.09722493947271721,11,0,11,3
catboost_ref,cpu,20260922,3,rg3,Max_Switch_Over_Pressure,le_train_median,0.0757286837402434,106,3,0.0939330997390716,12,0,12,3
catboost_ref,cpu,20260922,3,rg3,Max_Switch_Over_Pressure,gt_train_median,0.0757286837402434,84,1,0.08165500572463798,7,0,7,1
catboost_ref,cpu,20260922,4,cn7,Clamp_Close_Time,le_train_median,-0.9024657082140384,100,0,0.006951526386719904,0,0,0,0
catboost_ref,cpu,20260922,4,cn7,Clamp_Close_Time,gt_train_median,-0.9024657082140384,92,3,0.05844830457156933,20,3,17,0
catboost_ref,cpu,20260922,4,cn7,Max_Injection_Pressure,le_train_median,0.6352098982042783,174,3,0.034219851405783264,20,3,17,0
catboost_ref,cpu,20260922,4,cn7,Max_Injection_Pressure,gt_train_median,0.6352098982042783,18,0,0.0065634730361157035,0,0,0,0
catboost_ref,cpu,20260922,4,cn7,Max_Switch_Over_Pressure,le_train_median,-0.0104813786226104,102,0,0.0213553925748625,8,0,8,0
catboost_ref,cpu,20260922,4,cn7,Max_Switch_Over_Pressure,gt_train_median,-0.0104813786226104,90,3,0.043268295740226594,12,3,9,0
catboost_ref,cpu,20260922,4,rg3,Clamp_Close_Time,le_train_median,-0.3867898224103817,114,3,0.10512382405343086,15,1,14,2
catboost_ref,cpu,20260922,4,rg3,Clamp_Close_Time,gt_train_median,-0.3867898224103817,76,1,0.0698805773850171,4,0,4,1
catboost_ref,cpu,20260922,4,rg3,Max_Injection_Pressure,le_train_median,-0.1088018718162931,82,1,0.06834813239568212,6,0,6,1
catboost_ref,cpu,20260922,4,rg3,Max_Injection_Pressure,gt_train_median,-0.1088018718162931,108,3,0.1082453052491341,13,1,12,2
catboost_ref,cpu,20260922,4,rg3,Max_Switch_Over_Pressure,le_train_median,0.0757286837402434,94,2,0.07223435702105525,7,1,6,1
catboost_ref,cpu,20260922,4,rg3,Max_Switch_Over_Pressure,gt_train_median,0.0757286837402434,96,2,0.10942719024347103,12,0,12,2
catboost_ref,cpu,20260923,0,cn7,Clamp_Close_Time,le_train_median,-0.9024657082140384,118,0,0.015271201003250214,2,0,2,0
catboost_ref,cpu,20260923,0,cn7,Clamp_Close_Time,gt_train_median,-0.9024657082140384,76,3,0.0913322327605788,18,2,16,1
catboost_ref,cpu,20260923,0,cn7,Max_Injection_Pressure,le_train_median,0.6352098982042783,188,3,0.046255956515154836,20,2,18,1
catboost_ref,cpu,20260923,0,cn7,Max_Injection_Pressure,gt_train_median,0.6352098982042783,6,0,0.007855263889733883,0,0,0,0
catboost_ref,cpu,20260923,0,cn7,Max_Switch_Over_Pressure,le_train_median,-0.0104813786226104,104,1,0.01919743851301398,4,0,4,1
catboost_ref,cpu,20260923,0,cn7,Max_Switch_Over_Pressure,gt_train_median,-0.0104813786226104,90,2,0.07496353114260067,16,2,14,0
catboost_ref,cpu,20260923,0,rg3,Clamp_Close_Time,le_train_median,-0.3867898224103817,118,1,0.06677019956049472,10,0,10,1
catboost_ref,cpu,20260923,0,rg3,Clamp_Close_Time,gt_train_median,-0.3867898224103817,72,3,0.06973040706018353,9,1,8,2
catboost_ref,cpu,20260923,0,rg3,Max_Injection_Pressure,le_train_median,-0.1088018718162931,96,2,0.05633895411366984,8,1,7,1
catboost_ref,cpu,20260923,0,rg3,Max_Injection_Pressure,gt_train_median,-0.1088018718162931,94,2,0.07969077937829028,11,0,11,2
catboost_ref,cpu,20260923,0,rg3,Max_Switch_Over_Pressure,le_train_median,0.0757286837402434,112,3,0.06875747104172956,14,1,13,2
catboost_ref,cpu,20260923,0,rg3,Max_Switch_Over_Pressure,gt_train_median,0.0757286837402434,78,1,0.06664918076663948,5,0,5,1
catboost_ref,cpu,20260923,1,cn7,Clamp_Close_Time,le_train_median,-0.9024657082140384,118,0,0.0077694735173188395,4,0,4,0
catboost_ref,cpu,20260923,1,cn7,Clamp_Close_Time,gt_train_median,-0.9024657082140384,78,3,0.05682381723143521,16,2,14,1
catboost_ref,cpu,20260923,1,cn7,Max_Injection_Pressure,le_train_median,0.6352098982042783,190,3,0.027908661515106282,20,2,18,1
catboost_ref,cpu,20260923,1,cn7,Max_Injection_Pressure,gt_train_median,0.6352098982042783,6,0,0.00773498853756274,0,0,0,0
catboost_ref,cpu,20260923,1,cn7,Max_Switch_Over_Pressure,le_train_median,-0.0104813786226104,120,2,0.012726952442186431,8,2,6,0
catboost_ref,cpu,20260923,1,cn7,Max_Switch_Over_Pressure,gt_train_median,-0.0104813786226104,76,1,0.050287122710963125,12,0,12,1
catboost_ref,cpu,20260923,1,rg3,Clamp_Close_Time,le_train_median,-0.3867898224103817,102,3,0.0359092263565724,8,0,8,3
catboost_ref,cpu,20260923,1,rg3,Clamp_Close_Time,gt_train_median,-0.3867898224103817,86,1,0.06180769332625965,11,0,11,1
catboost_ref,cpu,20260923,1,rg3,Max_Injection_Pressure,le_train_median,-0.1088018718162931,122,2,0.04237091673397932,10,0,10,2
catboost_ref,cpu,20260923,1,rg3,Max_Injection_Pressure,gt_train_median,-0.1088018718162931,66,2,0.05771137686186718,9,0,9,2
catboost_ref,cpu,20260923,1,rg3,Max_Switch_Over_Pressure,le_train_median,0.0757286837402434,116,2,0.051156471753359446,11,0,11,2
catboost_ref,cpu,20260923,1,rg3,Max_Switch_Over_Pressure,gt_train_median,0.0757286837402434,72,2,0.04227849987554191,8,0,8,2
catboost_ref,cpu,20260923,2,cn7,Clamp_Close_Time,le_train_median,-0.9024657082140384,92,0,0.019518832684432334,0,0,0,0
catboost_ref,cpu,20260923,2,cn7,Clamp_Close_Time,gt_train_median,-0.9024657082140384,101,2,0.08211352839374986,20,0,20,2
catboost_ref,cpu,20260923,2,cn7,Max_Injection_Pressure,le_train_median,0.6352098982042783,189,2,0.0533216470284095,20,0,20,2
catboost_ref,cpu,20260923,2,cn7,Max_Injection_Pressure,gt_train_median,0.6352098982042783,4,0,0.002851921591778279,0,0,0,0
catboost_ref,cpu,20260923,2,cn7,Max_Switch_Over_Pressure,le_train_median,-0.0104813786226104,106,0,0.027008358560706002,4,0,4,0
catboost_ref,cpu,20260923,2,cn7,Max_Switch_Over_Pressure,gt_train_median,-0.0104813786226104,87,2,0.08306106858967437,16,0,16,2
catboost_ref,cpu,20260923,2,rg3,Clamp_Close_Time,le_train_median,-0.3867898224103817,116,3,0.07643204583909281,10,0,10,3
catboost_ref,cpu,20260923,2,rg3,Clamp_Close_Time,gt_train_median,-0.3867898224103817,72,1,0.06338486783010033,9,1,8,0
catboost_ref,cpu,20260923,2,rg3,Max_Injection_Pressure,le_train_median,-0.1088018718162931,118,3,0.057044958243708234,5,1,4,2
catboost_ref,cpu,20260923,2,rg3,Max_Injection_Pressure,gt_train_median,-0.1088018718162931,70,1,0.0956931818334917,14,0,14,1
catboost_ref,cpu,20260923,2,rg3,Max_Switch_Over_Pressure,le_train_median,0.0757286837402434,110,2,0.06001883312805263,9,1,8,1
catboost_ref,cpu,20260923,2,rg3,Max_Switch_Over_Pressure,gt_train_median,0.0757286837402434,78,2,0.08753533534636156,10,0,10,2
catboost_ref,cpu,20260923,3,cn7,Clamp_Close_Time,le_train_median,-0.9024657082140384,96,0,0.007862418005761878,2,0,2,0
catboost_ref,cpu,20260923,3,cn7,Clamp_Close_Time,gt_train_median,-0.9024657082140384,96,2,0.04428323252927214,18,2,16,0
catboost_ref,cpu,20260923,3,cn7,Max_Injection_Pressure,le_train_median,0.6352098982042783,184,2,0.026799117189477126,20,2,18,0
catboost_ref,cpu,20260923,3,cn7,Max_Injection_Pressure,gt_train_median,0.6352098982042783,8,0,0.009368111062434284,0,0,0,0
catboost_ref,cpu,20260923,3,cn7,Max_Switch_Over_Pressure,le_train_median,-0.0104813786226104,112,0,0.02400351863673649,10,0,10,0
catboost_ref,cpu,20260923,3,cn7,Max_Switch_Over_Pressure,gt_train_median,-0.0104813786226104,80,2,0.02896985455060973,10,2,8,0
catboost_ref,cpu,20260923,3,rg3,Clamp_Close_Time,le_train_median,-0.3867898224103817,106,1,0.08070497873675753,9,0,9,1
catboost_ref,cpu,20260923,3,rg3,Clamp_Close_Time,gt_train_median,-0.3867898224103817,84,3,0.07669715072782857,10,0,10,3
catboost_ref,cpu,20260923,3,rg3,Max_Injection_Pressure,le_train_median,-0.1088018718162931,96,1,0.07729455344527701,14,0,14,1
catboost_ref,cpu,20260923,3,rg3,Max_Injection_Pressure,gt_train_median,-0.1088018718162931,94,3,0.08060650294135434,5,0,5,3
catboost_ref,cpu,20260923,3,rg3,Max_Switch_Over_Pressure,le_train_median,0.0757286837402434,106,3,0.08882890928790818,16,0,16,3
catboost_ref,cpu,20260923,3,rg3,Max_Switch_Over_Pressure,gt_train_median,0.0757286837402434,84,1,0.06644552407994803,3,0,3,1
catboost_ref,cpu,20260923,4,cn7,Clamp_Close_Time,le_train_median,-0.9024657082140384,100,0,0.006874873098516703,0,0,0,0
catboost_ref,cpu,20260923,4,cn7,Clamp_Close_Time,gt_train_median,-0.9024657082140384,92,3,0.060489420610388166,20,3,17,0
catboost_ref,cpu,20260923,4,cn7,Max_Injection_Pressure,le_train_median,0.6352098982042783,174,3,0.035439862720559434,20,3,17,0
catboost_ref,cpu,20260923,4,cn7,Max_Injection_Pressure,gt_train_median,0.6352098982042783,18,0,0.004776549590557739,0,0,0,0
catboost_ref,cpu,20260923,4,cn7,Max_Switch_Over_Pressure,le_train_median,-0.0104813786226104,102,0,0.02264381434938446,6,0,6,0
catboost_ref,cpu,20260923,4,cn7,Max_Switch_Over_Pressure,gt_train_median,-0.0104813786226104,90,3,0.04380938824855741,14,3,11,0
catboost_ref,cpu,20260923,4,rg3,Clamp_Close_Time,le_train_median,-0.3867898224103817,114,3,0.10170841383531025,18,1,17,2
catboost_ref,cpu,20260923,4,rg3,Clamp_Close_Time,gt_train_median,-0.3867898224103817,76,1,0.06472822341475624,1,0,1,1
catboost_ref,cpu,20260923,4,rg3,Max_Injection_Pressure,le_train_median,-0.1088018718162931,82,1,0.06666645494075685,4,0,4,1
catboost_ref,cpu,20260923,4,rg3,Max_Injection_Pressure,gt_train_median,-0.1088018718162931,108,3,0.10229124862597018,15,1,14,2
catboost_ref,cpu,20260923,4,rg3,Max_Switch_Over_Pressure,le_train_median,0.0757286837402434,94,2,0.07345505497446933,5,1,4,1
catboost_ref,cpu,20260923,4,rg3,Max_Switch_Over_Pressure,gt_train_median,0.0757286837402434,96,2,0.10009717697027835,14,0,14,2
catboost_ref,cpu,20260924,0,cn7,Clamp_Close_Time,le_train_median,-0.9024657082140384,118,0,0.016667172883790687,4,0,4,0
catboost_ref,cpu,20260924,0,cn7,Clamp_Close_Time,gt_train_median,-0.9024657082140384,76,3,0.09421140399725932,16,2,14,1
catboost_ref,cpu,20260924,0,cn7,Max_Injection_Pressure,le_train_median,0.6352098982042783,188,3,0.04841836498761598,20,2,18,1
catboost_ref,cpu,20260924,0,cn7,Max_Injection_Pressure,gt_train_median,0.6352098982042783,6,0,0.004023414401200533,0,0,0,0
catboost_ref,cpu,20260924,0,cn7,Max_Switch_Over_Pressure,le_train_median,-0.0104813786226104,104,1,0.0194490509963212,2,0,2,1
catboost_ref,cpu,20260924,0,cn7,Max_Switch_Over_Pressure,gt_train_median,-0.0104813786226104,90,2,0.07893435333846226,18,2,16,0
catboost_ref,cpu,20260924,0,rg3,Clamp_Close_Time,le_train_median,-0.3867898224103817,118,1,0.07791328608752965,11,0,11,1
catboost_ref,cpu,20260924,0,rg3,Clamp_Close_Time,gt_train_median,-0.3867898224103817,72,3,0.07634084226558192,8,1,7,2
catboost_ref,cpu,20260924,0,rg3,Max_Injection_Pressure,le_train_median,-0.1088018718162931,96,2,0.06580090223963185,8,1,7,1
catboost_ref,cpu,20260924,0,rg3,Max_Injection_Pressure,gt_train_median,-0.1088018718162931,94,2,0.08907895517495465,11,0,11,2
catboost_ref,cpu,20260924,0,rg3,Max_Switch_Over_Pressure,le_train_median,0.0757286837402434,112,3,0.0769480909076958,14,1,13,2
catboost_ref,cpu,20260924,0,rg3,Max_Switch_Over_Pressure,gt_train_median,0.0757286837402434,78,1,0.07784772076651879,5,0,5,1
catboost_ref,cpu,20260924,1,cn7,Clamp_Close_Time,le_train_median,-0.9024657082140384,118,0,0.008424859197641197,4,0,4,0
catboost_ref,cpu,20260924,1,cn7,Clamp_Close_Time,gt_train_median,-0.9024657082140384,78,3,0.05733805883406344,16,1,15,2
catboost_ref,cpu,20260924,1,cn7,Max_Injection_Pressure,le_train_median,0.6352098982042783,190,3,0.02842549668753722,20,1,19,2
catboost_ref,cpu,20260924,1,cn7,Max_Injection_Pressure,gt_train_median,0.6352098982042783,6,0,0.01094293395775616,0,0,0,0
catboost_ref,cpu,20260924,1,cn7,Max_Switch_Over_Pressure,le_train_median,-0.0104813786226104,120,2,0.011807961570122741,8,1,7,1
catboost_ref,cpu,20260924,1,cn7,Max_Switch_Over_Pressure,gt_train_median,-0.0104813786226104,76,1,0.05328350771005106,12,0,12,1
catboost_ref,cpu,20260924,1,rg3,Clamp_Close_Time,le_train_median,-0.3867898224103817,102,3,0.03499467693780755,7,0,7,3
catboost_ref,cpu,20260924,1,rg3,Clamp_Close_Time,gt_train_median,-0.3867898224103817,86,1,0.06043603118442456,12,0,12,1
catboost_ref,cpu,20260924,1,rg3,Max_Injection_Pressure,le_train_median,-0.1088018718162931,122,2,0.04233483857295286,12,0,12,2
catboost_ref,cpu,20260924,1,rg3,Max_Injection_Pressure,gt_train_median,-0.1088018718162931,66,2,0.05457735490328232,7,0,7,2
catboost_ref,cpu,20260924,1,rg3,Max_Switch_Over_Pressure,le_train_median,0.0757286837402434,116,2,0.052487599530240264,16,0,16,2
catboost_ref,cpu,20260924,1,rg3,Max_Switch_Over_Pressure,gt_train_median,0.0757286837402434,72,2,0.03719991922234739,3,0,3,2
catboost_ref,cpu,20260924,2,cn7,Clamp_Close_Time,le_train_median,-0.9024657082140384,92,0,0.015342550347030422,0,0,0,0
catboost_ref,cpu,20260924,2,cn7,Clamp_Close_Time,gt_train_median,-0.9024657082140384,101,2,0.07847105647188198,20,0,20,2
catboost_ref,cpu,20260924,2,cn7,Max_Injection_Pressure,le_train_median,0.6352098982042783,189,2,0.049344249850847274,20,0,20,2
catboost_ref,cpu,20260924,2,cn7,Max_Injection_Pressure,gt_train_median,0.6352098982042783,4,0,0.002757028444186018,0,0,0,0
catboost_ref,cpu,20260924,2,cn7,Max_Switch_Over_Pressure,le_train_median,-0.0104813786226104,106,0,0.029373275547904178,4,0,4,0
catboost_ref,cpu,20260924,2,cn7,Max_Switch_Over_Pressure,gt_train_median,-0.0104813786226104,87,2,0.07153476008631074,16,0,16,2
catboost_ref,cpu,20260924,2,rg3,Clamp_Close_Time,le_train_median,-0.3867898224103817,116,3,0.08093952895467608,11,0,11,3
catboost_ref,cpu,20260924,2,rg3,Clamp_Close_Time,gt_train_median,-0.3867898224103817,72,1,0.0617432023831987,8,1,7,0
catboost_ref,cpu,20260924,2,rg3,Max_Injection_Pressure,le_train_median,-0.1088018718162931,118,3,0.0633499421512304,12,1,11,2
catboost_ref,cpu,20260924,2,rg3,Max_Injection_Pressure,gt_train_median,-0.1088018718162931,70,1,0.09084575366410777,7,0,7,1
catboost_ref,cpu,20260924,2,rg3,Max_Switch_Over_Pressure,le_train_median,0.0757286837402434,110,2,0.06737064587764928,12,1,11,1
catboost_ref,cpu,20260924,2,rg3,Max_Switch_Over_Pressure,gt_train_median,0.0757286837402434,78,2,0.08235544722809374,7,0,7,2
catboost_ref,cpu,20260924,3,cn7,Clamp_Close_Time,le_train_median,-0.9024657082140384,96,0,0.008527883927570805,2,0,2,0
catboost_ref,cpu,20260924,3,cn7,Clamp_Close_Time,gt_train_median,-0.9024657082140384,96,2,0.048026420546408016,18,2,16,0
catboost_ref,cpu,20260924,3,cn7,Max_Injection_Pressure,le_train_median,0.6352098982042783,184,2,0.02888607940692756,20,2,18,0
catboost_ref,cpu,20260924,3,cn7,Max_Injection_Pressure,gt_train_median,0.6352098982042783,8,0,0.014271827328412043,0,0,0,0
catboost_ref,cpu,20260924,3,cn7,Max_Switch_Over_Pressure,le_train_median,-0.0104813786226104,112,0,0.024374633020270098,10,0,10,0
catboost_ref,cpu,20260924,3,cn7,Max_Switch_Over_Pressure,gt_train_median,-0.0104813786226104,80,2,0.03374067914039645,10,2,8,0
catboost_ref,cpu,20260924,3,rg3,Clamp_Close_Time,le_train_median,-0.3867898224103817,106,1,0.09112564681441289,11,0,11,1
catboost_ref,cpu,20260924,3,rg3,Clamp_Close_Time,gt_train_median,-0.3867898224103817,84,3,0.08903304657299392,8,0,8,3
catboost_ref,cpu,20260924,3,rg3,Max_Injection_Pressure,le_train_median,-0.1088018718162931,96,1,0.0873375956839469,10,0,10,1
catboost_ref,cpu,20260924,3,rg3,Max_Injection_Pressure,gt_train_median,-0.1088018718162931,94,3,0.09312431158298247,9,0,9,3
catboost_ref,cpu,20260924,3,rg3,Max_Switch_Over_Pressure,le_train_median,0.0757286837402434,106,3,0.09754178461933724,12,0,12,3
catboost_ref,cpu,20260924,3,rg3,Max_Switch_Over_Pressure,gt_train_median,0.0757286837402434,84,1,0.08093649172392268,7,0,7,1
catboost_ref,cpu,20260924,4,cn7,Clamp_Close_Time,le_train_median,-0.9024657082140384,100,0,0.00785937237060052,2,0,2,0
catboost_ref,cpu,20260924,4,cn7,Clamp_Close_Time,gt_train_median,-0.9024657082140384,92,3,0.053109995524819986,18,3,15,0
catboost_ref,cpu,20260924,4,cn7,Max_Injection_Pressure,le_train_median,0.6352098982042783,174,3,0.031861669930848144,20,3,17,0
catboost_ref,cpu,20260924,4,cn7,Max_Injection_Pressure,gt_train_median,0.6352098982042783,18,0,0.0071181254097730335,0,0,0,0
catboost_ref,cpu,20260924,4,cn7,Max_Switch_Over_Pressure,le_train_median,-0.0104813786226104,102,0,0.02150086827912514,6,0,6,0
catboost_ref,cpu,20260924,4,cn7,Max_Switch_Over_Pressure,gt_train_median,-0.0104813786226104,90,3,0.03865520289858586,14,3,11,0
catboost_ref,cpu,20260924,4,rg3,Clamp_Close_Time,le_train_median,-0.3867898224103817,114,3,0.11204403415355393,15,1,14,2
catboost_ref,cpu,20260924,4,rg3,Clamp_Close_Time,gt_train_median,-0.3867898224103817,76,1,0.07748234073445862,4,0,4,1
catboost_ref,cpu,20260924,4,rg3,Max_Injection_Pressure,le_train_median,-0.1088018718162931,82,1,0.08074123396345387,3,0,3,1
catboost_ref,cpu,20260924,4,rg3,Max_Injection_Pressure,gt_train_median,-0.1088018718162931,108,3,0.1114897833733406,16,1,15,2
catboost_ref,cpu,20260924,4,rg3,Max_Switch_Over_Pressure,le_train_median,0.0757286837402434,94,2,0.08227376882647262,6,1,5,1
catboost_ref,cpu,20260924,4,rg3,Max_Switch_Over_Pressure,gt_train_median,0.0757286837402434,96,2,0.11383274499620394,13,0,13,2
catboost_regularized,cpu,20260922,0,cn7,Clamp_Close_Time,le_train_median,-0.9024657082140384,118,0,0.012272435206680851,2,0,2,0
catboost_regularized,cpu,20260922,0,cn7,Clamp_Close_Time,gt_train_median,-0.9024657082140384,76,3,0.07564912500907509,18,2,16,1
catboost_regularized,cpu,20260922,0,cn7,Max_Injection_Pressure,le_train_median,0.6352098982042783,188,3,0.03818510917389752,20,2,18,1
catboost_regularized,cpu,20260922,0,cn7,Max_Injection_Pressure,gt_train_median,0.6352098982042783,6,0,0.0031133883975520762,0,0,0,0
catboost_regularized,cpu,20260922,0,cn7,Max_Switch_Over_Pressure,le_train_median,-0.0104813786226104,104,1,0.015825278906745573,2,0,2,1
catboost_regularized,cpu,20260922,0,cn7,Max_Switch_Over_Pressure,gt_train_median,-0.0104813786226104,90,2,0.061685020541961205,18,2,16,0
catboost_regularized,cpu,20260922,0,rg3,Clamp_Close_Time,le_train_median,-0.3867898224103817,118,1,0.05532668791507996,11,0,11,1
catboost_regularized,cpu,20260922,0,rg3,Clamp_Close_Time,gt_train_median,-0.3867898224103817,72,3,0.06396964490674331,8,1,7,2
catboost_regularized,cpu,20260922,0,rg3,Max_Injection_Pressure,le_train_median,-0.1088018718162931,96,2,0.04565358079057844,8,1,7,1
catboost_regularized,cpu,20260922,0,rg3,Max_Injection_Pressure,gt_train_median,-0.1088018718162931,94,2,0.07182574309967472,11,0,11,2
catboost_regularized,cpu,20260922,0,rg3,Max_Switch_Over_Pressure,le_train_median,0.0757286837402434,112,3,0.055709935599363984,11,1,10,2
catboost_regularized,cpu,20260922,0,rg3,Max_Switch_Over_Pressure,gt_train_median,0.0757286837402434,78,1,0.06275449769405368,8,0,8,1
catboost_regularized,cpu,20260922,1,cn7,Clamp_Close_Time,le_train_median,-0.9024657082140384,118,0,0.0059633247103074915,2,0,2,0
catboost_regularized,cpu,20260922,1,cn7,Clamp_Close_Time,gt_train_median,-0.9024657082140384,78,3,0.04658507626763064,18,2,16,1
catboost_regularized,cpu,20260922,1,cn7,Max_Injection_Pressure,le_train_median,0.6352098982042783,190,3,0.022685397243497586,20,2,18,1
catboost_regularized,cpu,20260922,1,cn7,Max_Injection_Pressure,gt_train_median,0.6352098982042783,6,0,0.004513798071155302,0,0,0,0
catboost_regularized,cpu,20260922,1,cn7,Max_Switch_Over_Pressure,le_train_median,-0.0104813786226104,120,2,0.009675579612722352,10,2,8,0
catboost_regularized,cpu,20260922,1,cn7,Max_Switch_Over_Pressure,gt_train_median,-0.0104813786226104,76,1,0.041792614620589356,10,0,10,1
catboost_regularized,cpu,20260922,1,rg3,Clamp_Close_Time,le_train_median,-0.3867898224103817,102,3,0.02324830081964422,5,0,5,3
catboost_regularized,cpu,20260922,1,rg3,Clamp_Close_Time,gt_train_median,-0.3867898224103817,86,1,0.05030502917402892,14,0,14,1
catboost_regularized,cpu,20260922,1,rg3,Max_Injection_Pressure,le_train_median,-0.1088018718162931,122,2,0.03259214993247929,12,0,12,2
catboost_regularized,cpu,20260922,1,rg3,Max_Injection_Pressure,gt_train_median,-0.1088018718162931,66,2,0.04123207425466247,7,0,7,2
catboost_regularized,cpu,20260922,1,rg3,Max_Switch_Over_Pressure,le_train_median,0.0757286837402434,116,2,0.040400184993574444,14,0,14,2
catboost_regularized,cpu,20260922,1,rg3,Max_Switch_Over_Pressure,gt_train_median,0.0757286837402434,72,2,0.02793246851827169,5,0,5,2
catboost_regularized,cpu,20260922,2,cn7,Clamp_Close_Time,le_train_median,-0.9024657082140384,92,0,0.010547244269156021,2,0,2,0
catboost_regularized,cpu,20260922,2,cn7,Clamp_Close_Time,gt_train_median,-0.9024657082140384,101,2,0.056074650732940115,18,0,18,2
catboost_regularized,cpu,20260922,2,cn7,Max_Injection_Pressure,le_train_median,0.6352098982042783,189,2,0.03504765388402301,20,0,20,2
catboost_regularized,cpu,20260922,2,cn7,Max_Injection_Pressure,gt_train_median,0.6352098982042783,4,0,0.002469903177238735,0,0,0,0
catboost_regularized,cpu,20260922,2,cn7,Max_Switch_Over_Pressure,le_train_median,-0.0104813786226104,106,0,0.02127605307499854,6,0,6,0
catboost_regularized,cpu,20260922,2,cn7,Max_Switch_Over_Pressure,gt_train_median,-0.0104813786226104,87,2,0.05032901805562597,14,0,14,2
catboost_regularized,cpu,20260922,2,rg3,Clamp_Close_Time,le_train_median,-0.3867898224103817,116,3,0.04643248457618288,12,0,12,3
catboost_regularized,cpu,20260922,2,rg3,Clamp_Close_Time,gt_train_median,-0.3867898224103817,72,1,0.038841069038284576,7,1,6,0
catboost_regularized,cpu,20260922,2,rg3,Max_Injection_Pressure,le_train_median,-0.1088018718162931,118,3,0.035321457593870946,10,1,9,2
catboost_regularized,cpu,20260922,2,rg3,Max_Injection_Pressure,gt_train_median,-0.1088018718162931,70,1,0.057354188364527596,9,0,9,1
catboost_regularized,cpu,20260922,2,rg3,Max_Switch_Over_Pressure,le_train_median,0.0757286837402434,110,2,0.039486486009332106,9,1,8,1
catboost_regularized,cpu,20260922,2,rg3,Max_Switch_Over_Pressure,gt_train_median,0.0757286837402434,78,2,0.04922066308419451,10,0,10,2
catboost_regularized,cpu,20260922,3,cn7,Clamp_Close_Time,le_train_median,-0.9024657082140384,96,0,0.0062215503473376016,4,0,4,0
catboost_regularized,cpu,20260922,3,cn7,Clamp_Close_Time,gt_train_median,-0.9024657082140384,96,2,0.033528116720287375,16,2,14,0
catboost_regularized,cpu,20260922,3,cn7,Max_Injection_Pressure,le_train_median,0.6352098982042783,184,2,0.020592758374102755,20,2,18,0
catboost_regularized,cpu,20260922,3,cn7,Max_Injection_Pressure,gt_train_median,0.6352098982042783,8,0,0.0033625622071363614,0,0,0,0
catboost_regularized,cpu,20260922,3,cn7,Max_Switch_Over_Pressure,le_train_median,-0.0104813786226104,112,0,0.01754750031202351,12,0,12,0
catboost_regularized,cpu,20260922,3,cn7,Max_Switch_Over_Pressure,gt_train_median,-0.0104813786226104,80,2,0.02313310004431706,8,2,6,0
catboost_regularized,cpu,20260922,3,rg3,Clamp_Close_Time,le_train_median,-0.3867898224103817,106,1,0.061179443163459746,11,0,11,1
catboost_regularized,cpu,20260922,3,rg3,Clamp_Close_Time,gt_train_median,-0.3867898224103817,84,3,0.05886331034316935,8,0,8,3
catboost_regularized,cpu,20260922,3,rg3,Max_Injection_Pressure,le_train_median,-0.1088018718162931,96,1,0.05581718683915915,8,0,8,1
catboost_regularized,cpu,20260922,3,rg3,Max_Injection_Pressure,gt_train_median,-0.1088018718162931,94,3,0.06458605433610297,11,0,11,3
catboost_regularized,cpu,20260922,3,rg3,Max_Switch_Over_Pressure,le_train_median,0.0757286837402434,106,3,0.06617526559271711,12,0,12,3
catboost_regularized,cpu,20260922,3,rg3,Max_Switch_Over_Pressure,gt_train_median,0.0757286837402434,84,1,0.05255905823005883,7,0,7,1
catboost_regularized,cpu,20260922,4,cn7,Clamp_Close_Time,le_train_median,-0.9024657082140384,100,0,0.00490548323591785,2,0,2,0
catboost_regularized,cpu,20260922,4,cn7,Clamp_Close_Time,gt_train_median,-0.9024657082140384,92,3,0.04675234043762537,18,3,15,0
catboost_regularized,cpu,20260922,4,cn7,Max_Injection_Pressure,le_train_median,0.6352098982042783,174,3,0.026971764710026148,20,3,17,0
catboost_regularized,cpu,20260922,4,cn7,Max_Injection_Pressure,gt_train_median,0.6352098982042783,18,0,0.005482032461598265,0,0,0,0
catboost_regularized,cpu,20260922,4,cn7,Max_Switch_Over_Pressure,le_train_median,-0.0104813786226104,102,0,0.01599569216807356,8,0,8,0
catboost_regularized,cpu,20260922,4,cn7,Max_Switch_Over_Pressure,gt_train_median,-0.0104813786226104,90,3,0.03511336714122017,12,3,9,0
catboost_regularized,cpu,20260922,4,rg3,Clamp_Close_Time,le_train_median,-0.3867898224103817,114,3,0.07434030707096674,14,1,13,2
catboost_regularized,cpu,20260922,4,rg3,Clamp_Close_Time,gt_train_median,-0.3867898224103817,76,1,0.04754888138483061,5,0,5,1
catboost_regularized,cpu,20260922,4,rg3,Max_Injection_Pressure,le_train_median,-0.1088018718162931,82,1,0.04072230674337044,4,0,4,1
catboost_regularized,cpu,20260922,4,rg3,Max_Injection_Pressure,gt_train_median,-0.1088018718162931,108,3,0.08101185961463848,15,1,14,2
catboost_regularized,cpu,20260922,4,rg3,Max_Switch_Over_Pressure,le_train_median,0.0757286837402434,94,2,0.04737793061192405,6,1,5,1
catboost_regularized,cpu,20260922,4,rg3,Max_Switch_Over_Pressure,gt_train_median,0.0757286837402434,96,2,0.07953108868558825,13,0,13,2
catboost_regularized,cpu,20260923,0,cn7,Clamp_Close_Time,le_train_median,-0.9024657082140384,118,0,0.012732808524534992,4,0,4,0
catboost_regularized,cpu,20260923,0,cn7,Clamp_Close_Time,gt_train_median,-0.9024657082140384,76,3,0.07347573428001215,16,2,14,1
catboost_regularized,cpu,20260923,0,cn7,Max_Injection_Pressure,le_train_median,0.6352098982042783,188,3,0.037579361158383943,20,2,18,1
catboost_regularized,cpu,20260923,0,cn7,Max_Injection_Pressure,gt_train_median,0.6352098982042783,6,0,0.0036178855666450277,0,0,0,0
catboost_regularized,cpu,20260923,0,cn7,Max_Switch_Over_Pressure,le_train_median,-0.0104813786226104,104,1,0.014124817853207735,2,0,2,1
catboost_regularized,cpu,20260923,0,cn7,Max_Switch_Over_Pressure,gt_train_median,-0.0104813786226104,90,2,0.06241829060491608,18,2,16,0
catboost_regularized,cpu,20260923,0,rg3,Clamp_Close_Time,le_train_median,-0.3867898224103817,118,1,0.06275991339977748,11,0,11,1
catboost_regularized,cpu,20260923,0,rg3,Clamp_Close_Time,gt_train_median,-0.3867898224103817,72,3,0.0578939525049695,8,1,7,2
catboost_regularized,cpu,20260923,0,rg3,Max_Injection_Pressure,le_train_median,-0.1088018718162931,96,2,0.048193492641139056,9,1,8,1
catboost_regularized,cpu,20260923,0,rg3,Max_Injection_Pressure,gt_train_median,-0.1088018718162931,94,2,0.0739091390210872,10,0,10,2
catboost_regularized,cpu,20260923,0,rg3,Max_Switch_Over_Pressure,le_train_median,0.0757286837402434,112,3,0.05828075216146183,13,1,12,2
catboost_regularized,cpu,20260923,0,rg3,Max_Switch_Over_Pressure,gt_train_median,0.0757286837402434,78,1,0.06469987332625413,6,0,6,1
catboost_regularized,cpu,20260923,1,cn7,Clamp_Close_Time,le_train_median,-0.9024657082140384,118,0,0.005696827915097462,4,0,4,0
catboost_regularized,cpu,20260923,1,cn7,Clamp_Close_Time,gt_train_median,-0.9024657082140384,78,3,0.04132046999810442,16,2,14,1
catboost_regularized,cpu,20260923,1,cn7,Max_Injection_Pressure,le_train_median,0.6352098982042783,190,3,0.020320364426770213,20,2,18,1
catboost_regularized,cpu,20260923,1,cn7,Max_Injection_Pressure,gt_train_median,0.6352098982042783,6,0,0.005725518791217473,0,0,0,0
catboost_regularized,cpu,20260923,1,cn7,Max_Switch_Over_Pressure,le_train_median,-0.0104813786226104,120,2,0.008622301059563553,8,2,6,0
catboost_regularized,cpu,20260923,1,cn7,Max_Switch_Over_Pressure,gt_train_median,-0.0104813786226104,76,1,0.03763876614060551,12,0,12,1
catboost_regularized,cpu,20260923,1,rg3,Clamp_Close_Time,le_train_median,-0.3867898224103817,102,3,0.02364735883549796,3,0,3,3
catboost_regularized,cpu,20260923,1,rg3,Clamp_Close_Time,gt_train_median,-0.3867898224103817,86,1,0.047634179881304625,16,0,16,1
catboost_regularized,cpu,20260923,1,rg3,Max_Injection_Pressure,le_train_median,-0.1088018718162931,122,2,0.031600439231868276,14,0,14,2
catboost_regularized,cpu,20260923,1,rg3,Max_Injection_Pressure,gt_train_median,-0.1088018718162931,66,2,0.04020176492007667,5,0,5,2
catboost_regularized,cpu,20260923,1,rg3,Max_Switch_Over_Pressure,le_train_median,0.0757286837402434,116,2,0.03857252186053624,15,0,15,2
catboost_regularized,cpu,20260923,1,rg3,Max_Switch_Over_Pressure,gt_train_median,0.0757286837402434,72,2,0.028252187988760898,4,0,4,2
catboost_regularized,cpu,20260923,2,cn7,Clamp_Close_Time,le_train_median,-0.9024657082140384,92,0,0.010499503947209632,2,0,2,0
catboost_regularized,cpu,20260923,2,cn7,Clamp_Close_Time,gt_train_median,-0.9024657082140384,101,2,0.04808765551537341,18,0,18,2
catboost_regularized,cpu,20260923,2,cn7,Max_Injection_Pressure,le_train_median,0.6352098982042783,189,2,0.030772256355780955,20,0,20,2
catboost_regularized,cpu,20260923,2,cn7,Max_Injection_Pressure,gt_train_median,0.6352098982042783,4,0,0.0017127797383500907,0,0,0,0
catboost_regularized,cpu,20260923,2,cn7,Max_Switch_Over_Pressure,le_train_median,-0.0104813786226104,106,0,0.020679946509912363,6,0,6,0
catboost_regularized,cpu,20260923,2,cn7,Max_Switch_Over_Pressure,gt_train_median,-0.0104813786226104,87,2,0.04173256597868149,14,0,14,2
catboost_regularized,cpu,20260923,2,rg3,Clamp_Close_Time,le_train_median,-0.3867898224103817,116,3,0.0496960890726958,11,0,11,3
catboost_regularized,cpu,20260923,2,rg3,Clamp_Close_Time,gt_train_median,-0.3867898224103817,72,1,0.03321875294566521,8,1,7,0
catboost_regularized,cpu,20260923,2,rg3,Max_Injection_Pressure,le_train_median,-0.1088018718162931,118,3,0.036872486541653926,9,1,8,2
catboost_regularized,cpu,20260923,2,rg3,Max_Injection_Pressure,gt_train_median,-0.1088018718162931,70,1,0.05436490189436347,10,0,10,1
catboost_regularized,cpu,20260923,2,rg3,Max_Switch_Over_Pressure,le_train_median,0.0757286837402434,110,2,0.03869621231314633,11,1,10,1
catboost_regularized,cpu,20260923,2,rg3,Max_Switch_Over_Pressure,gt_train_median,0.0757286837402434,78,2,0.049998887052237324,8,0,8,2
catboost_regularized,cpu,20260923,3,cn7,Clamp_Close_Time,le_train_median,-0.9024657082140384,96,0,0.005919435540540536,2,0,2,0
catboost_regularized,cpu,20260923,3,cn7,Clamp_Close_Time,gt_train_median,-0.9024657082140384,96,2,0.02985567188882456,18,2,16,0
catboost_regularized,cpu,20260923,3,cn7,Max_Injection_Pressure,le_train_median,0.6352098982042783,184,2,0.018506324518138096,20,2,18,0
catboost_regularized,cpu,20260923,3,cn7,Max_Injection_Pressure,gt_train_median,0.6352098982042783,8,0,0.0036558252352049494,0,0,0,0
catboost_regularized,cpu,20260923,3,cn7,Max_Switch_Over_Pressure,le_train_median,-0.0104813786226104,112,0,0.013985435038665433,8,0,8,0
catboost_regularized,cpu,20260923,3,cn7,Max_Switch_Over_Pressure,gt_train_median,-0.0104813786226104,80,2,0.023350519861106516,12,2,10,0
catboost_regularized,cpu,20260923,3,rg3,Clamp_Close_Time,le_train_median,-0.3867898224103817,106,1,0.05891073963577141,11,0,11,1
catboost_regularized,cpu,20260923,3,rg3,Clamp_Close_Time,gt_train_median,-0.3867898224103817,84,3,0.05471831971689304,8,0,8,3
catboost_regularized,cpu,20260923,3,rg3,Max_Injection_Pressure,le_train_median,-0.1088018718162931,96,1,0.05060976558954879,8,0,8,1
catboost_regularized,cpu,20260923,3,rg3,Max_Injection_Pressure,gt_train_median,-0.1088018718162931,94,3,0.06364191235121382,11,0,11,3
catboost_regularized,cpu,20260923,3,rg3,Max_Switch_Over_Pressure,le_train_median,0.0757286837402434,106,3,0.05827681436236938,12,0,12,3
catboost_regularized,cpu,20260923,3,rg3,Max_Switch_Over_Pressure,gt_train_median,0.0757286837402434,84,1,0.05551827303809086,7,0,7,1
catboost_regularized,cpu,20260923,4,cn7,Clamp_Close_Time,le_train_median,-0.9024657082140384,100,0,0.005466772128194528,2,0,2,0
catboost_regularized,cpu,20260923,4,cn7,Clamp_Close_Time,gt_train_median,-0.9024657082140384,92,3,0.04816862372746128,18,3,15,0
catboost_regularized,cpu,20260923,4,cn7,Max_Injection_Pressure,le_train_median,0.6352098982042783,174,3,0.028054052640564778,20,3,17,0
catboost_regularized,cpu,20260923,4,cn7,Max_Injection_Pressure,gt_train_median,0.6352098982042783,18,0,0.005376968682645565,0,0,0,0
catboost_regularized,cpu,20260923,4,cn7,Max_Switch_Over_Pressure,le_train_median,-0.0104813786226104,102,0,0.01892436848100762,6,0,6,0
catboost_regularized,cpu,20260923,4,cn7,Max_Switch_Over_Pressure,gt_train_median,-0.0104813786226104,90,3,0.033865611229812374,14,3,11,0
catboost_regularized,cpu,20260923,4,rg3,Clamp_Close_Time,le_train_median,-0.3867898224103817,114,3,0.07662562563512265,15,1,14,2
catboost_regularized,cpu,20260923,4,rg3,Clamp_Close_Time,gt_train_median,-0.3867898224103817,76,1,0.047805195892986,4,0,4,1
catboost_regularized,cpu,20260923,4,rg3,Max_Injection_Pressure,le_train_median,-0.1088018718162931,82,1,0.04659958841939701,4,0,4,1
catboost_regularized,cpu,20260923,4,rg3,Max_Injection_Pressure,gt_train_median,-0.1088018718162931,108,3,0.0791421292581515,15,1,14,2
catboost_regularized,cpu,20260923,4,rg3,Max_Switch_Over_Pressure,le_train_median,0.0757286837402434,94,2,0.052055435710106436,6,1,5,1
catboost_regularized,cpu,20260923,4,rg3,Max_Switch_Over_Pressure,gt_train_median,0.0757286837402434,96,2,0.07786776305750952,13,0,13,2
catboost_regularized,cpu,20260924,0,cn7,Clamp_Close_Time,le_train_median,-0.9024657082140384,118,0,0.012406848235505002,2,0,2,0
catboost_regularized,cpu,20260924,0,cn7,Clamp_Close_Time,gt_train_median,-0.9024657082140384,76,3,0.07641859518325043,18,2,16,1
catboost_regularized,cpu,20260924,0,cn7,Max_Injection_Pressure,le_train_median,0.6352098982042783,188,3,0.03853613692103544,20,2,18,1
catboost_regularized,cpu,20260924,0,cn7,Max_Injection_Pressure,gt_train_median,0.6352098982042783,6,0,0.004504597426993193,0,0,0,0
catboost_regularized,cpu,20260924,0,cn7,Max_Switch_Over_Pressure,le_train_median,-0.0104813786226104,104,1,0.016510933405319148,4,0,4,1
catboost_regularized,cpu,20260924,0,cn7,Max_Switch_Over_Pressure,gt_train_median,-0.0104813786226104,90,2,0.061718713906260346,16,2,14,0
catboost_regularized,cpu,20260924,0,rg3,Clamp_Close_Time,le_train_median,-0.3867898224103817,118,1,0.05923301306363073,11,0,11,1
catboost_regularized,cpu,20260924,0,rg3,Clamp_Close_Time,gt_train_median,-0.3867898224103817,72,3,0.0645899011608338,8,1,7,2
catboost_regularized,cpu,20260924,0,rg3,Max_Injection_Pressure,le_train_median,-0.1088018718162931,96,2,0.051959157982288166,9,1,8,1
catboost_regularized,cpu,20260924,0,rg3,Max_Injection_Pressure,gt_train_median,-0.1088018718162931,94,2,0.07076477934881699,10,0,10,2
catboost_regularized,cpu,20260924,0,rg3,Max_Switch_Over_Pressure,le_train_median,0.0757286837402434,112,3,0.06026685179890447,11,1,10,2
catboost_regularized,cpu,20260924,0,rg3,Max_Switch_Over_Pressure,gt_train_median,0.0757286837402434,78,1,0.06269334645655333,8,0,8,1
catboost_regularized,cpu,20260924,1,cn7,Clamp_Close_Time,le_train_median,-0.9024657082140384,118,0,0.005781916480945498,6,0,6,0
catboost_regularized,cpu,20260924,1,cn7,Clamp_Close_Time,gt_train_median,-0.9024657082140384,78,3,0.0456590602647854,14,2,12,1
catboost_regularized,cpu,20260924,1,cn7,Max_Injection_Pressure,le_train_median,0.6352098982042783,190,3,0.02218530577448898,20,2,18,1
catboost_regularized,cpu,20260924,1,cn7,Max_Injection_Pressure,gt_train_median,0.6352098982042783,6,0,0.00474412470865405,0,0,0,0
catboost_regularized,cpu,20260924,1,cn7,Max_Switch_Over_Pressure,le_train_median,-0.0104813786226104,120,2,0.008760371582097396,6,2,4,0
catboost_regularized,cpu,20260924,1,cn7,Max_Switch_Over_Pressure,gt_train_median,-0.0104813786226104,76,1,0.042005634941488706,14,0,14,1
catboost_regularized,cpu,20260924,1,rg3,Clamp_Close_Time,le_train_median,-0.3867898224103817,102,3,0.023543350029175927,5,0,5,3
catboost_regularized,cpu,20260924,1,rg3,Clamp_Close_Time,gt_train_median,-0.3867898224103817,86,1,0.04806369402398754,14,0,14,1
catboost_regularized,cpu,20260924,1,rg3,Max_Injection_Pressure,le_train_median,-0.1088018718162931,122,2,0.0345732100506891,14,0,14,2
catboost_regularized,cpu,20260924,1,rg3,Max_Injection_Pressure,gt_train_median,-0.1088018718162931,66,2,0.03510557216446675,5,0,5,2
catboost_regularized,cpu,20260924,1,rg3,Max_Switch_Over_Pressure,le_train_median,0.0757286837402434,116,2,0.03929610050483029,15,0,15,2
catboost_regularized,cpu,20260924,1,rg3,Max_Switch_Over_Pressure,gt_train_median,0.0757286837402434,72,2,0.0274521073677578,4,0,4,2
catboost_regularized,cpu,20260924,2,cn7,Clamp_Close_Time,le_train_median,-0.9024657082140384,92,0,0.009136984309381169,2,0,2,0
catboost_regularized,cpu,20260924,2,cn7,Clamp_Close_Time,gt_train_median,-0.9024657082140384,101,2,0.053087095148103836,18,0,18,2
catboost_regularized,cpu,20260924,2,cn7,Max_Injection_Pressure,le_train_median,0.6352098982042783,189,2,0.03276993660824562,20,0,20,2
catboost_regularized,cpu,20260924,2,cn7,Max_Injection_Pressure,gt_train_median,0.6352098982042783,4,0,0.0022202868657830318,0,0,0,0
catboost_regularized,cpu,20260924,2,cn7,Max_Switch_Over_Pressure,le_train_median,-0.0104813786226104,106,0,0.020521827935566735,6,0,6,0
catboost_regularized,cpu,20260924,2,cn7,Max_Switch_Over_Pressure,gt_train_median,-0.0104813786226104,87,2,0.04628833799139633,14,0,14,2
catboost_regularized,cpu,20260924,2,rg3,Clamp_Close_Time,le_train_median,-0.3867898224103817,116,3,0.050484580040908715,17,1,16,2
catboost_regularized,cpu,20260924,2,rg3,Clamp_Close_Time,gt_train_median,-0.3867898224103817,72,1,0.02989380497418111,2,0,2,1
catboost_regularized,cpu,20260924,2,rg3,Max_Injection_Pressure,le_train_median,-0.1088018718162931,118,3,0.03661567820952974,12,1,11,2
catboost_regularized,cpu,20260924,2,rg3,Max_Injection_Pressure,gt_train_median,-0.1088018718162931,70,1,0.05268450305945635,7,0,7,1
catboost_regularized,cpu,20260924,2,rg3,Max_Switch_Over_Pressure,le_train_median,0.0757286837402434,110,2,0.037975874582713,8,0,8,2
catboost_regularized,cpu,20260924,2,rg3,Max_Switch_Over_Pressure,gt_train_median,0.0757286837402434,78,2,0.04911819280497465,11,1,10,1
catboost_regularized,cpu,20260924,3,cn7,Clamp_Close_Time,le_train_median,-0.9024657082140384,96,0,0.005629823976881626,0,0,0,0
catboost_regularized,cpu,20260924,3,cn7,Clamp_Close_Time,gt_train_median,-0.9024657082140384,96,2,0.03313184841255506,20,2,18,0
catboost_regularized,cpu,20260924,3,cn7,Max_Injection_Pressure,le_train_median,0.6352098982042783,184,2,0.019974330621723647,20,2,18,0
catboost_regularized,cpu,20260924,3,cn7,Max_Injection_Pressure,gt_train_median,0.6352098982042783,8,0,0.005730464373596364,0,0,0,0
catboost_regularized,cpu,20260924,3,cn7,Max_Switch_Over_Pressure,le_train_median,-0.0104813786226104,112,0,0.01562685535109128,8,0,8,0
catboost_regularized,cpu,20260924,3,cn7,Max_Switch_Over_Pressure,gt_train_median,-0.0104813786226104,80,2,0.02463640937579622,12,2,10,0
catboost_regularized,cpu,20260924,3,rg3,Clamp_Close_Time,le_train_median,-0.3867898224103817,106,1,0.059532758969345824,9,0,9,1
catboost_regularized,cpu,20260924,3,rg3,Clamp_Close_Time,gt_train_median,-0.3867898224103817,84,3,0.05737614672818644,10,0,10,3
catboost_regularized,cpu,20260924,3,rg3,Max_Injection_Pressure,le_train_median,-0.1088018718162931,96,1,0.056288945967531034,11,0,11,1
catboost_regularized,cpu,20260924,3,rg3,Max_Injection_Pressure,gt_train_median,-0.1088018718162931,94,3,0.06091840386207808,8,0,8,3
catboost_regularized,cpu,20260924,3,rg3,Max_Switch_Over_Pressure,le_train_median,0.0757286837402434,106,3,0.061503713991190166,14,0,14,3
catboost_regularized,cpu,20260924,3,rg3,Max_Switch_Over_Pressure,gt_train_median,0.0757286837402434,84,1,0.054888989200620956,5,0,5,1
catboost_regularized,cpu,20260924,4,cn7,Clamp_Close_Time,le_train_median,-0.9024657082140384,100,0,0.005950090511310594,2,0,2,0
catboost_regularized,cpu,20260924,4,cn7,Clamp_Close_Time,gt_train_median,-0.9024657082140384,92,3,0.05207525767774657,18,3,15,0
catboost_regularized,cpu,20260924,4,cn7,Max_Injection_Pressure,le_train_median,0.6352098982042783,174,3,0.03033176116192489,20,3,17,0
catboost_regularized,cpu,20260924,4,cn7,Max_Injection_Pressure,gt_train_median,0.6352098982042783,18,0,0.006011461961600717,0,0,0,0
catboost_regularized,cpu,20260924,4,cn7,Max_Switch_Over_Pressure,le_train_median,-0.0104813786226104,102,0,0.019417774771181458,8,0,8,0
catboost_regularized,cpu,20260924,4,cn7,Max_Switch_Over_Pressure,gt_train_median,-0.0104813786226104,90,3,0.03783688589803594,12,3,9,0
catboost_regularized,cpu,20260924,4,rg3,Clamp_Close_Time,le_train_median,-0.3867898224103817,114,3,0.07110700702821456,16,1,15,2
catboost_regularized,cpu,20260924,4,rg3,Clamp_Close_Time,gt_train_median,-0.3867898224103817,76,1,0.042096603041533336,3,0,3,1
catboost_regularized,cpu,20260924,4,rg3,Max_Injection_Pressure,le_train_median,-0.1088018718162931,82,1,0.03842014557535337,4,0,4,1
catboost_regularized,cpu,20260924,4,rg3,Max_Injection_Pressure,gt_train_median,-0.1088018718162931,108,3,0.07551008051105569,15,1,14,2
catboost_regularized,cpu,20260924,4,rg3,Max_Switch_Over_Pressure,le_train_median,0.0757286837402434,94,2,0.04480078881177538,7,1,6,1
catboost_regularized,cpu,20260924,4,rg3,Max_Switch_Over_Pressure,gt_train_median,0.0757286837402434,96,2,0.07389860920902193,12,0,12,2
