pipeline,seed,contract,fraction,machine,n,positives,k,tp,fp,fn,tn,precision,recall,f1,accuracy,fpr,fdr,ap,auc
pair_a1,20260922,historical_pooled,0.05,all,1913,33,97,10,87,23,1793,0.10309278350515463,0.30303030303030304,0.15384615384615385,0.9424986931521171,0.04627659574468085,0.8969072164948454,0.10231077080458197,0.7937701482914249
pair_a1,20260922,historical_pooled,0.05,cn7,967,13,49,9,40,4,914,0.1836734693877551,0.6923076923076923,0.2903225806451613,0.954498448810755,0.041928721174004195,0.8163265306122449,0.32557672923748937,0.9654491211094984
pair_a1,20260922,historical_pooled,0.05,rg3,946,20,48,1,47,19,879,0.020833333333333332,0.05,0.029411764705882353,0.9302325581395349,0.05075593952483801,0.9791666666666666,0.0332793722676852,0.5719222462203024
pair_a1,20260922,batch_allocated,0.05,all,1913,33,97,9,88,24,1792,0.09278350515463918,0.2727272727272727,0.13846153846153847,0.9414532148457919,0.04680851063829787,0.9072164948453608,0.10231077080458197,0.7937701482914249
pair_a1,20260922,batch_allocated,0.05,cn7,967,13,49,8,41,5,913,0.16326530612244897,0.6153846153846154,0.25806451612903225,0.9524301964839711,0.0429769392033543,0.8367346938775511,0.32557672923748937,0.9654491211094984
pair_a1,20260922,batch_allocated,0.05,rg3,946,20,48,1,47,19,879,0.020833333333333332,0.05,0.029411764705882353,0.9302325581395349,0.05075593952483801,0.9791666666666666,0.0332793722676852,0.5719222462203024
pair_a1,20260922,historical_pooled,0.075,all,1913,33,144,13,131,20,1749,0.09027777777777778,0.3939393939393939,0.14689265536723164,0.9210663878724517,0.06968085106382979,0.9097222222222222,0.10231077080458197,0.7937701482914249
pair_a1,20260922,historical_pooled,0.075,cn7,967,13,73,10,63,3,891,0.136986301369863,0.7692307692307693,0.23255813953488372,0.9317476732161324,0.0660377358490566,0.863013698630137,0.32557672923748937,0.9654491211094984
pair_a1,20260922,historical_pooled,0.075,rg3,946,20,71,3,68,17,858,0.04225352112676056,0.15,0.06593406593406594,0.9101479915433404,0.0734341252699784,0.9577464788732394,0.0332793722676852,0.5719222462203024
pair_a1,20260922,batch_allocated,0.075,all,1913,33,144,14,130,19,1750,0.09722222222222222,0.42424242424242425,0.15819209039548024,0.9221118661787768,0.06914893617021277,0.9027777777777778,0.10231077080458197,0.7937701482914249
pair_a1,20260922,batch_allocated,0.075,cn7,967,13,73,11,62,2,892,0.1506849315068493,0.8461538461538461,0.2558139534883721,0.9338159255429163,0.0649895178197065,0.8493150684931506,0.32557672923748937,0.9654491211094984
pair_a1,20260922,batch_allocated,0.075,rg3,946,20,71,3,68,17,858,0.04225352112676056,0.15,0.06593406593406594,0.9101479915433404,0.0734341252699784,0.9577464788732394,0.0332793722676852,0.5719222462203024
pair_a1,20260922,historical_pooled,0.1,all,1913,33,192,15,177,18,1703,0.078125,0.45454545454545453,0.13333333333333333,0.8980658651332984,0.09414893617021276,0.921875,0.10231077080458197,0.7937701482914249
pair_a1,20260922,historical_pooled,0.1,cn7,967,13,97,12,85,1,869,0.12371134020618557,0.9230769230769231,0.21818181818181817,0.9110651499482937,0.08909853249475891,0.8762886597938144,0.32557672923748937,0.9654491211094984
pair_a1,20260922,historical_pooled,0.1,rg3,946,20,95,3,92,17,834,0.031578947368421054,0.15,0.05217391304347826,0.8847780126849895,0.09935205183585313,0.968421052631579,0.0332793722676852,0.5719222462203024
pair_a1,20260922,batch_allocated,0.1,all,1913,33,192,17,175,16,1705,0.08854166666666667,0.5151515151515151,0.1511111111111111,0.9001568217459488,0.09308510638297872,0.9114583333333334,0.10231077080458197,0.7937701482914249
pair_a1,20260922,batch_allocated,0.1,cn7,967,13,97,13,84,0,870,0.13402061855670103,1.0,0.23636363636363636,0.9131334022750776,0.0880503144654088,0.865979381443299,0.32557672923748937,0.9654491211094984
pair_a1,20260922,batch_allocated,0.1,rg3,946,20,95,4,91,16,835,0.042105263157894736,0.2,0.06956521739130435,0.8868921775898521,0.09827213822894168,0.9578947368421052,0.0332793722676852,0.5719222462203024
pair_a0,20260922,historical_pooled,0.05,all,1913,33,97,9,88,24,1792,0.09278350515463918,0.2727272727272727,0.13846153846153847,0.9414532148457919,0.04680851063829787,0.9072164948453608,0.09411602017922797,0.7680770470664088
pair_a0,20260922,historical_pooled,0.05,cn7,967,13,49,9,40,4,914,0.1836734693877551,0.6923076923076923,0.2903225806451613,0.954498448810755,0.041928721174004195,0.8163265306122449,0.32557672923748937,0.9654491211094984
pair_a0,20260922,historical_pooled,0.05,rg3,946,20,48,0,48,20,878,0.0,0.0,0.0,0.9281183932346723,0.05183585313174946,1.0,0.022358350666125272,0.4921166306695464
pair_a0,20260922,batch_allocated,0.05,all,1913,33,97,8,89,25,1791,0.08247422680412371,0.24242424242424243,0.12307692307692308,0.9404077365394669,0.04734042553191489,0.9175257731958762,0.09411602017922797,0.7680770470664088
pair_a0,20260922,batch_allocated,0.05,cn7,967,13,49,8,41,5,913,0.16326530612244897,0.6153846153846154,0.25806451612903225,0.9524301964839711,0.0429769392033543,0.8367346938775511,0.32557672923748937,0.9654491211094984
pair_a0,20260922,batch_allocated,0.05,rg3,946,20,48,0,48,20,878,0.0,0.0,0.0,0.9281183932346723,0.05183585313174946,1.0,0.022358350666125272,0.4921166306695464
pair_a0,20260922,historical_pooled,0.075,all,1913,33,144,11,133,22,1747,0.0763888888888889,0.3333333333333333,0.12429378531073447,0.9189754312598014,0.07074468085106383,0.9236111111111112,0.09411602017922797,0.7680770470664088
pair_a0,20260922,historical_pooled,0.075,cn7,967,13,73,10,63,3,891,0.136986301369863,0.7692307692307693,0.23255813953488372,0.9317476732161324,0.0660377358490566,0.863013698630137,0.32557672923748937,0.9654491211094984
pair_a0,20260922,historical_pooled,0.075,rg3,946,20,71,1,70,19,856,0.014084507042253521,0.05,0.02197802197802198,0.9059196617336153,0.0755939524838013,0.9859154929577465,0.022358350666125272,0.4921166306695464
pair_a0,20260922,batch_allocated,0.075,all,1913,33,144,12,132,21,1748,0.08333333333333333,0.36363636363636365,0.13559322033898305,0.9200209095661265,0.07021276595744681,0.9166666666666666,0.09411602017922797,0.7680770470664088
pair_a0,20260922,batch_allocated,0.075,cn7,967,13,73,11,62,2,892,0.1506849315068493,0.8461538461538461,0.2558139534883721,0.9338159255429163,0.0649895178197065,0.8493150684931506,0.32557672923748937,0.9654491211094984
pair_a0,20260922,batch_allocated,0.075,rg3,946,20,71,1,70,19,856,0.014084507042253521,0.05,0.02197802197802198,0.9059196617336153,0.0755939524838013,0.9859154929577465,0.022358350666125272,0.4921166306695464
pair_a0,20260922,historical_pooled,0.1,all,1913,33,192,13,179,20,1701,0.06770833333333333,0.3939393939393939,0.11555555555555555,0.8959749085206482,0.09521276595744681,0.9322916666666666,0.09411602017922797,0.7680770470664088
pair_a0,20260922,historical_pooled,0.1,cn7,967,13,97,12,85,1,869,0.12371134020618557,0.9230769230769231,0.21818181818181817,0.9110651499482937,0.08909853249475891,0.8762886597938144,0.32557672923748937,0.9654491211094984
pair_a0,20260922,historical_pooled,0.1,rg3,946,20,95,1,94,19,832,0.010526315789473684,0.05,0.017391304347826087,0.8805496828752643,0.10151187904967603,0.9894736842105263,0.022358350666125272,0.4921166306695464
pair_a0,20260922,batch_allocated,0.1,all,1913,33,192,14,178,19,1702,0.07291666666666667,0.42424242424242425,0.12444444444444444,0.8970203868269734,0.09468085106382979,0.9270833333333334,0.09411602017922797,0.7680770470664088
pair_a0,20260922,batch_allocated,0.1,cn7,967,13,97,13,84,0,870,0.13402061855670103,1.0,0.23636363636363636,0.9131334022750776,0.0880503144654088,0.865979381443299,0.32557672923748937,0.9654491211094984
pair_a0,20260922,batch_allocated,0.1,rg3,946,20,95,1,94,19,832,0.010526315789473684,0.05,0.017391304347826087,0.8805496828752643,0.10151187904967603,0.9894736842105263,0.022358350666125272,0.4921166306695464
pair_a0.25,20260922,historical_pooled,0.05,all,1913,33,97,10,87,23,1793,0.10309278350515463,0.30303030303030304,0.15384615384615385,0.9424986931521171,0.04627659574468085,0.8969072164948454,0.10205185091674054,0.7737830431979368
pair_a0.25,20260922,historical_pooled,0.05,cn7,967,13,49,9,40,4,914,0.1836734693877551,0.6923076923076923,0.2903225806451613,0.954498448810755,0.041928721174004195,0.8163265306122449,0.32557672923748937,0.9654491211094984
pair_a0.25,20260922,historical_pooled,0.05,rg3,946,20,48,1,47,19,879,0.020833333333333332,0.05,0.029411764705882353,0.9302325581395349,0.05075593952483801,0.9791666666666666,0.02761652647674244,0.5092872570194384
pair_a0.25,20260922,batch_allocated,0.05,all,1913,33,97,9,88,24,1792,0.09278350515463918,0.2727272727272727,0.13846153846153847,0.9414532148457919,0.04680851063829787,0.9072164948453608,0.10205185091674054,0.7737830431979368
pair_a0.25,20260922,batch_allocated,0.05,cn7,967,13,49,8,41,5,913,0.16326530612244897,0.6153846153846154,0.25806451612903225,0.9524301964839711,0.0429769392033543,0.8367346938775511,0.32557672923748937,0.9654491211094984
pair_a0.25,20260922,batch_allocated,0.05,rg3,946,20,48,1,47,19,879,0.020833333333333332,0.05,0.029411764705882353,0.9302325581395349,0.05075593952483801,0.9791666666666666,0.02761652647674244,0.5092872570194384
pair_a0.25,20260922,historical_pooled,0.075,all,1913,33,144,12,132,21,1748,0.08333333333333333,0.36363636363636365,0.13559322033898305,0.9200209095661265,0.07021276595744681,0.9166666666666666,0.10205185091674054,0.7737830431979368
pair_a0.25,20260922,historical_pooled,0.075,cn7,967,13,73,10,63,3,891,0.136986301369863,0.7692307692307693,0.23255813953488372,0.9317476732161324,0.0660377358490566,0.863013698630137,0.32557672923748937,0.9654491211094984
pair_a0.25,20260922,historical_pooled,0.075,rg3,946,20,71,2,69,18,857,0.028169014084507043,0.1,0.04395604395604396,0.9080338266384778,0.07451403887688984,0.971830985915493,0.02761652647674244,0.5092872570194384
pair_a0.25,20260922,batch_allocated,0.075,all,1913,33,144,13,131,20,1749,0.09027777777777778,0.3939393939393939,0.14689265536723164,0.9210663878724517,0.06968085106382979,0.9097222222222222,0.10205185091674054,0.7737830431979368
pair_a0.25,20260922,batch_allocated,0.075,cn7,967,13,73,11,62,2,892,0.1506849315068493,0.8461538461538461,0.2558139534883721,0.9338159255429163,0.0649895178197065,0.8493150684931506,0.32557672923748937,0.9654491211094984
pair_a0.25,20260922,batch_allocated,0.075,rg3,946,20,71,2,69,18,857,0.028169014084507043,0.1,0.04395604395604396,0.9080338266384778,0.07451403887688984,0.971830985915493,0.02761652647674244,0.5092872570194384
pair_a0.25,20260922,historical_pooled,0.1,all,1913,33,192,14,178,19,1702,0.07291666666666667,0.42424242424242425,0.12444444444444444,0.8970203868269734,0.09468085106382979,0.9270833333333334,0.10205185091674054,0.7737830431979368
pair_a0.25,20260922,historical_pooled,0.1,cn7,967,13,97,12,85,1,869,0.12371134020618557,0.9230769230769231,0.21818181818181817,0.9110651499482937,0.08909853249475891,0.8762886597938144,0.32557672923748937,0.9654491211094984
pair_a0.25,20260922,historical_pooled,0.1,rg3,946,20,95,2,93,18,833,0.021052631578947368,0.1,0.034782608695652174,0.8826638477801269,0.10043196544276457,0.9789473684210527,0.02761652647674244,0.5092872570194384
pair_a0.25,20260922,batch_allocated,0.1,all,1913,33,192,15,177,18,1703,0.078125,0.45454545454545453,0.13333333333333333,0.8980658651332984,0.09414893617021276,0.921875,0.10205185091674054,0.7737830431979368
pair_a0.25,20260922,batch_allocated,0.1,cn7,967,13,97,13,84,0,870,0.13402061855670103,1.0,0.23636363636363636,0.9131334022750776,0.0880503144654088,0.865979381443299,0.32557672923748937,0.9654491211094984
pair_a0.25,20260922,batch_allocated,0.1,rg3,946,20,95,2,93,18,833,0.021052631578947368,0.1,0.034782608695652174,0.8826638477801269,0.10043196544276457,0.9789473684210527,0.02761652647674244,0.5092872570194384
pair_a0.5,20260922,historical_pooled,0.05,all,1913,33,97,11,86,22,1794,0.1134020618556701,0.3333333333333333,0.16923076923076924,0.9435441714584423,0.045744680851063826,0.8865979381443299,0.0948503540289063,0.7771679561573179
pair_a0.5,20260922,historical_pooled,0.05,cn7,967,13,49,9,40,4,914,0.1836734693877551,0.6923076923076923,0.2903225806451613,0.954498448810755,0.041928721174004195,0.8163265306122449,0.32557672923748937,0.9654491211094984
pair_a0.5,20260922,historical_pooled,0.05,rg3,946,20,48,2,46,18,880,0.041666666666666664,0.1,0.058823529411764705,0.9323467230443975,0.04967602591792657,0.9583333333333334,0.028221798651856093,0.5249999999999999
pair_a0.5,20260922,batch_allocated,0.05,all,1913,33,97,10,87,23,1793,0.10309278350515463,0.30303030303030304,0.15384615384615385,0.9424986931521171,0.04627659574468085,0.8969072164948454,0.0948503540289063,0.7771679561573179
pair_a0.5,20260922,batch_allocated,0.05,cn7,967,13,49,8,41,5,913,0.16326530612244897,0.6153846153846154,0.25806451612903225,0.9524301964839711,0.0429769392033543,0.8367346938775511,0.32557672923748937,0.9654491211094984
pair_a0.5,20260922,batch_allocated,0.05,rg3,946,20,48,2,46,18,880,0.041666666666666664,0.1,0.058823529411764705,0.9323467230443975,0.04967602591792657,0.9583333333333334,0.028221798651856093,0.5249999999999999
pair_a0.5,20260922,historical_pooled,0.075,all,1913,33,144,13,131,20,1749,0.09027777777777778,0.3939393939393939,0.14689265536723164,0.9210663878724517,0.06968085106382979,0.9097222222222222,0.0948503540289063,0.7771679561573179
pair_a0.5,20260922,historical_pooled,0.075,cn7,967,13,73,10,63,3,891,0.136986301369863,0.7692307692307693,0.23255813953488372,0.9317476732161324,0.0660377358490566,0.863013698630137,0.32557672923748937,0.9654491211094984
pair_a0.5,20260922,historical_pooled,0.075,rg3,946,20,71,3,68,17,858,0.04225352112676056,0.15,0.06593406593406594,0.9101479915433404,0.0734341252699784,0.9577464788732394,0.028221798651856093,0.5249999999999999
pair_a0.5,20260922,batch_allocated,0.075,all,1913,33,144,14,130,19,1750,0.09722222222222222,0.42424242424242425,0.15819209039548024,0.9221118661787768,0.06914893617021277,0.9027777777777778,0.0948503540289063,0.7771679561573179
pair_a0.5,20260922,batch_allocated,0.075,cn7,967,13,73,11,62,2,892,0.1506849315068493,0.8461538461538461,0.2558139534883721,0.9338159255429163,0.0649895178197065,0.8493150684931506,0.32557672923748937,0.9654491211094984
pair_a0.5,20260922,batch_allocated,0.075,rg3,946,20,71,3,68,17,858,0.04225352112676056,0.15,0.06593406593406594,0.9101479915433404,0.0734341252699784,0.9577464788732394,0.028221798651856093,0.5249999999999999
pair_a0.5,20260922,historical_pooled,0.1,all,1913,33,192,16,176,17,1704,0.08333333333333333,0.48484848484848486,0.14222222222222222,0.8991113434396236,0.09361702127659574,0.9166666666666666,0.0948503540289063,0.7771679561573179
pair_a0.5,20260922,historical_pooled,0.1,cn7,967,13,97,12,85,1,869,0.12371134020618557,0.9230769230769231,0.21818181818181817,0.9110651499482937,0.08909853249475891,0.8762886597938144,0.32557672923748937,0.9654491211094984
pair_a0.5,20260922,historical_pooled,0.1,rg3,946,20,95,4,91,16,835,0.042105263157894736,0.2,0.06956521739130435,0.8868921775898521,0.09827213822894168,0.9578947368421052,0.028221798651856093,0.5249999999999999
pair_a0.5,20260922,batch_allocated,0.1,all,1913,33,192,17,175,16,1705,0.08854166666666667,0.5151515151515151,0.1511111111111111,0.9001568217459488,0.09308510638297872,0.9114583333333334,0.0948503540289063,0.7771679561573179
pair_a0.5,20260922,batch_allocated,0.1,cn7,967,13,97,13,84,0,870,0.13402061855670103,1.0,0.23636363636363636,0.9131334022750776,0.0880503144654088,0.865979381443299,0.32557672923748937,0.9654491211094984
pair_a0.5,20260922,batch_allocated,0.1,rg3,946,20,95,4,91,16,835,0.042105263157894736,0.2,0.06956521739130435,0.8868921775898521,0.09827213822894168,0.9578947368421052,0.028221798651856093,0.5249999999999999
rank_pairwise,20260922,historical_pooled,0.05,all,1913,33,97,10,87,23,1793,0.10309278350515463,0.30303030303030304,0.15384615384615385,0.9424986931521171,0.04627659574468085,0.8969072164948454,0.10249381920638244,0.7999274661508704
rank_pairwise,20260922,historical_pooled,0.05,cn7,967,13,49,9,40,4,914,0.1836734693877551,0.6923076923076923,0.2903225806451613,0.954498448810755,0.041928721174004195,0.8163265306122449,0.32557672923748937,0.9654491211094984
rank_pairwise,20260922,historical_pooled,0.05,rg3,946,20,48,1,47,19,879,0.020833333333333332,0.05,0.029411764705882353,0.9302325581395349,0.05075593952483801,0.9791666666666666,0.035284417004496874,0.5890928725701944
rank_pairwise,20260922,batch_allocated,0.05,all,1913,33,97,9,88,24,1792,0.09278350515463918,0.2727272727272727,0.13846153846153847,0.9414532148457919,0.04680851063829787,0.9072164948453608,0.10249381920638244,0.7999274661508704
rank_pairwise,20260922,batch_allocated,0.05,cn7,967,13,49,8,41,5,913,0.16326530612244897,0.6153846153846154,0.25806451612903225,0.9524301964839711,0.0429769392033543,0.8367346938775511,0.32557672923748937,0.9654491211094984
rank_pairwise,20260922,batch_allocated,0.05,rg3,946,20,48,1,47,19,879,0.020833333333333332,0.05,0.029411764705882353,0.9302325581395349,0.05075593952483801,0.9791666666666666,0.035284417004496874,0.5890928725701944
rank_pairwise,20260922,historical_pooled,0.075,all,1913,33,144,12,132,21,1748,0.08333333333333333,0.36363636363636365,0.13559322033898305,0.9200209095661265,0.07021276595744681,0.9166666666666666,0.10249381920638244,0.7999274661508704
rank_pairwise,20260922,historical_pooled,0.075,cn7,967,13,73,10,63,3,891,0.136986301369863,0.7692307692307693,0.23255813953488372,0.9317476732161324,0.0660377358490566,0.863013698630137,0.32557672923748937,0.9654491211094984
rank_pairwise,20260922,historical_pooled,0.075,rg3,946,20,71,2,69,18,857,0.028169014084507043,0.1,0.04395604395604396,0.9080338266384778,0.07451403887688984,0.971830985915493,0.035284417004496874,0.5890928725701944
rank_pairwise,20260922,batch_allocated,0.075,all,1913,33,144,14,130,19,1750,0.09722222222222222,0.42424242424242425,0.15819209039548024,0.9221118661787768,0.06914893617021277,0.9027777777777778,0.10249381920638244,0.7999274661508704
rank_pairwise,20260922,batch_allocated,0.075,cn7,967,13,73,11,62,2,892,0.1506849315068493,0.8461538461538461,0.2558139534883721,0.9338159255429163,0.0649895178197065,0.8493150684931506,0.32557672923748937,0.9654491211094984
rank_pairwise,20260922,batch_allocated,0.075,rg3,946,20,71,3,68,17,858,0.04225352112676056,0.15,0.06593406593406594,0.9101479915433404,0.0734341252699784,0.9577464788732394,0.035284417004496874,0.5890928725701944
rank_pairwise,20260922,historical_pooled,0.1,all,1913,33,192,16,176,17,1704,0.08333333333333333,0.48484848484848486,0.14222222222222222,0.8991113434396236,0.09361702127659574,0.9166666666666666,0.10249381920638244,0.7999274661508704
rank_pairwise,20260922,historical_pooled,0.1,cn7,967,13,97,12,85,1,869,0.12371134020618557,0.9230769230769231,0.21818181818181817,0.9110651499482937,0.08909853249475891,0.8762886597938144,0.32557672923748937,0.9654491211094984
rank_pairwise,20260922,historical_pooled,0.1,rg3,946,20,95,4,91,16,835,0.042105263157894736,0.2,0.06956521739130435,0.8868921775898521,0.09827213822894168,0.9578947368421052,0.035284417004496874,0.5890928725701944
rank_pairwise,20260922,batch_allocated,0.1,all,1913,33,192,17,175,16,1705,0.08854166666666667,0.5151515151515151,0.1511111111111111,0.9001568217459488,0.09308510638297872,0.9114583333333334,0.10249381920638244,0.7999274661508704
rank_pairwise,20260922,batch_allocated,0.1,cn7,967,13,97,13,84,0,870,0.13402061855670103,1.0,0.23636363636363636,0.9131334022750776,0.0880503144654088,0.865979381443299,0.32557672923748937,0.9654491211094984
rank_pairwise,20260922,batch_allocated,0.1,rg3,946,20,95,4,91,16,835,0.042105263157894736,0.2,0.06956521739130435,0.8868921775898521,0.09827213822894168,0.9578947368421052,0.035284417004496874,0.5890928725701944
rank_ndcg,20260922,historical_pooled,0.05,all,1913,33,97,9,88,24,1792,0.09278350515463918,0.2727272727272727,0.13846153846153847,0.9414532148457919,0.04680851063829787,0.9072164948453608,0.08244019407425246,0.7529738878143134
rank_ndcg,20260922,historical_pooled,0.05,cn7,967,13,49,9,40,4,914,0.1836734693877551,0.6923076923076923,0.2903225806451613,0.954498448810755,0.041928721174004195,0.8163265306122449,0.32557672923748937,0.9654491211094984
rank_ndcg,20260922,historical_pooled,0.05,rg3,946,20,48,0,48,20,878,0.0,0.0,0.0,0.9281183932346723,0.05183585313174946,1.0,0.020495525255931832,0.45145788336933046
rank_ndcg,20260922,batch_allocated,0.05,all,1913,33,97,8,89,25,1791,0.08247422680412371,0.24242424242424243,0.12307692307692308,0.9404077365394669,0.04734042553191489,0.9175257731958762,0.08244019407425246,0.7529738878143134
rank_ndcg,20260922,batch_allocated,0.05,cn7,967,13,49,8,41,5,913,0.16326530612244897,0.6153846153846154,0.25806451612903225,0.9524301964839711,0.0429769392033543,0.8367346938775511,0.32557672923748937,0.9654491211094984
rank_ndcg,20260922,batch_allocated,0.05,rg3,946,20,48,0,48,20,878,0.0,0.0,0.0,0.9281183932346723,0.05183585313174946,1.0,0.020495525255931832,0.45145788336933046
rank_ndcg,20260922,historical_pooled,0.075,all,1913,33,144,11,133,22,1747,0.0763888888888889,0.3333333333333333,0.12429378531073447,0.9189754312598014,0.07074468085106383,0.9236111111111112,0.08244019407425246,0.7529738878143134
rank_ndcg,20260922,historical_pooled,0.075,cn7,967,13,73,10,63,3,891,0.136986301369863,0.7692307692307693,0.23255813953488372,0.9317476732161324,0.0660377358490566,0.863013698630137,0.32557672923748937,0.9654491211094984
rank_ndcg,20260922,historical_pooled,0.075,rg3,946,20,71,1,70,19,856,0.014084507042253521,0.05,0.02197802197802198,0.9059196617336153,0.0755939524838013,0.9859154929577465,0.020495525255931832,0.45145788336933046
rank_ndcg,20260922,batch_allocated,0.075,all,1913,33,144,12,132,21,1748,0.08333333333333333,0.36363636363636365,0.13559322033898305,0.9200209095661265,0.07021276595744681,0.9166666666666666,0.08244019407425246,0.7529738878143134
rank_ndcg,20260922,batch_allocated,0.075,cn7,967,13,73,11,62,2,892,0.1506849315068493,0.8461538461538461,0.2558139534883721,0.9338159255429163,0.0649895178197065,0.8493150684931506,0.32557672923748937,0.9654491211094984
rank_ndcg,20260922,batch_allocated,0.075,rg3,946,20,71,1,70,19,856,0.014084507042253521,0.05,0.02197802197802198,0.9059196617336153,0.0755939524838013,0.9859154929577465,0.020495525255931832,0.45145788336933046
rank_ndcg,20260922,historical_pooled,0.1,all,1913,33,192,14,178,19,1702,0.07291666666666667,0.42424242424242425,0.12444444444444444,0.8970203868269734,0.09468085106382979,0.9270833333333334,0.08244019407425246,0.7529738878143134
rank_ndcg,20260922,historical_pooled,0.1,cn7,967,13,97,12,85,1,869,0.12371134020618557,0.9230769230769231,0.21818181818181817,0.9110651499482937,0.08909853249475891,0.8762886597938144,0.32557672923748937,0.9654491211094984
rank_ndcg,20260922,historical_pooled,0.1,rg3,946,20,95,2,93,18,833,0.021052631578947368,0.1,0.034782608695652174,0.8826638477801269,0.10043196544276457,0.9789473684210527,0.020495525255931832,0.45145788336933046
rank_ndcg,20260922,batch_allocated,0.1,all,1913,33,192,15,177,18,1703,0.078125,0.45454545454545453,0.13333333333333333,0.8980658651332984,0.09414893617021276,0.921875,0.08244019407425246,0.7529738878143134
rank_ndcg,20260922,batch_allocated,0.1,cn7,967,13,97,13,84,0,870,0.13402061855670103,1.0,0.23636363636363636,0.9131334022750776,0.0880503144654088,0.865979381443299,0.32557672923748937,0.9654491211094984
rank_ndcg,20260922,batch_allocated,0.1,rg3,946,20,95,2,93,18,833,0.021052631578947368,0.1,0.034782608695652174,0.8826638477801269,0.10043196544276457,0.9789473684210527,0.020495525255931832,0.45145788336933046
mix_pairwise,20260922,historical_pooled,0.05,all,1913,33,97,10,87,23,1793,0.10309278350515463,0.30303030303030304,0.15384615384615385,0.9424986931521171,0.04627659574468085,0.8969072164948454,0.11899306701445109,0.7972840103159252
mix_pairwise,20260922,historical_pooled,0.05,cn7,967,13,49,9,40,4,914,0.1836734693877551,0.6923076923076923,0.2903225806451613,0.954498448810755,0.041928721174004195,0.8163265306122449,0.32557672923748937,0.9654491211094984
mix_pairwise,20260922,historical_pooled,0.05,rg3,946,20,48,1,47,19,879,0.020833333333333332,0.05,0.029411764705882353,0.9302325581395349,0.05075593952483801,0.9791666666666666,0.042069571136093054,0.5816414686825054
mix_pairwise,20260922,batch_allocated,0.05,all,1913,33,97,9,88,24,1792,0.09278350515463918,0.2727272727272727,0.13846153846153847,0.9414532148457919,0.04680851063829787,0.9072164948453608,0.11899306701445109,0.7972840103159252
mix_pairwise,20260922,batch_allocated,0.05,cn7,967,13,49,8,41,5,913,0.16326530612244897,0.6153846153846154,0.25806451612903225,0.9524301964839711,0.0429769392033543,0.8367346938775511,0.32557672923748937,0.9654491211094984
mix_pairwise,20260922,batch_allocated,0.05,rg3,946,20,48,1,47,19,879,0.020833333333333332,0.05,0.029411764705882353,0.9302325581395349,0.05075593952483801,0.9791666666666666,0.042069571136093054,0.5816414686825054
mix_pairwise,20260922,historical_pooled,0.075,all,1913,33,144,12,132,21,1748,0.08333333333333333,0.36363636363636365,0.13559322033898305,0.9200209095661265,0.07021276595744681,0.9166666666666666,0.11899306701445109,0.7972840103159252
mix_pairwise,20260922,historical_pooled,0.075,cn7,967,13,73,10,63,3,891,0.136986301369863,0.7692307692307693,0.23255813953488372,0.9317476732161324,0.0660377358490566,0.863013698630137,0.32557672923748937,0.9654491211094984
mix_pairwise,20260922,historical_pooled,0.075,rg3,946,20,71,2,69,18,857,0.028169014084507043,0.1,0.04395604395604396,0.9080338266384778,0.07451403887688984,0.971830985915493,0.042069571136093054,0.5816414686825054
mix_pairwise,20260922,batch_allocated,0.075,all,1913,33,144,13,131,20,1749,0.09027777777777778,0.3939393939393939,0.14689265536723164,0.9210663878724517,0.06968085106382979,0.9097222222222222,0.11899306701445109,0.7972840103159252
mix_pairwise,20260922,batch_allocated,0.075,cn7,967,13,73,11,62,2,892,0.1506849315068493,0.8461538461538461,0.2558139534883721,0.9338159255429163,0.0649895178197065,0.8493150684931506,0.32557672923748937,0.9654491211094984
mix_pairwise,20260922,batch_allocated,0.075,rg3,946,20,71,2,69,18,857,0.028169014084507043,0.1,0.04395604395604396,0.9080338266384778,0.07451403887688984,0.971830985915493,0.042069571136093054,0.5816414686825054
mix_pairwise,20260922,historical_pooled,0.1,all,1913,33,192,16,176,17,1704,0.08333333333333333,0.48484848484848486,0.14222222222222222,0.8991113434396236,0.09361702127659574,0.9166666666666666,0.11899306701445109,0.7972840103159252
mix_pairwise,20260922,historical_pooled,0.1,cn7,967,13,97,12,85,1,869,0.12371134020618557,0.9230769230769231,0.21818181818181817,0.9110651499482937,0.08909853249475891,0.8762886597938144,0.32557672923748937,0.9654491211094984
mix_pairwise,20260922,historical_pooled,0.1,rg3,946,20,95,4,91,16,835,0.042105263157894736,0.2,0.06956521739130435,0.8868921775898521,0.09827213822894168,0.9578947368421052,0.042069571136093054,0.5816414686825054
mix_pairwise,20260922,batch_allocated,0.1,all,1913,33,192,18,174,15,1706,0.09375,0.5454545454545454,0.16,0.9012023000522739,0.0925531914893617,0.90625,0.11899306701445109,0.7972840103159252
mix_pairwise,20260922,batch_allocated,0.1,cn7,967,13,97,13,84,0,870,0.13402061855670103,1.0,0.23636363636363636,0.9131334022750776,0.0880503144654088,0.865979381443299,0.32557672923748937,0.9654491211094984
mix_pairwise,20260922,batch_allocated,0.1,rg3,946,20,95,5,90,15,836,0.05263157894736842,0.25,0.08695652173913043,0.8890063424947146,0.09719222462203024,0.9473684210526315,0.042069571136093054,0.5816414686825054
mix_ndcg,20260922,historical_pooled,0.05,all,1913,33,97,11,86,22,1794,0.1134020618556701,0.3333333333333333,0.16923076923076924,0.9435441714584423,0.045744680851063826,0.8865979381443299,0.12202832196772544,0.7771196002578981
mix_ndcg,20260922,historical_pooled,0.05,cn7,967,13,49,9,40,4,914,0.1836734693877551,0.6923076923076923,0.2903225806451613,0.954498448810755,0.041928721174004195,0.8163265306122449,0.32557672923748937,0.9654491211094984
mix_ndcg,20260922,historical_pooled,0.05,rg3,946,20,48,2,46,18,880,0.041666666666666664,0.1,0.058823529411764705,0.9323467230443975,0.04967602591792657,0.9583333333333334,0.028042228444444324,0.5127969762419007
mix_ndcg,20260922,batch_allocated,0.05,all,1913,33,97,10,87,23,1793,0.10309278350515463,0.30303030303030304,0.15384615384615385,0.9424986931521171,0.04627659574468085,0.8969072164948454,0.12202832196772544,0.7771196002578981
mix_ndcg,20260922,batch_allocated,0.05,cn7,967,13,49,8,41,5,913,0.16326530612244897,0.6153846153846154,0.25806451612903225,0.9524301964839711,0.0429769392033543,0.8367346938775511,0.32557672923748937,0.9654491211094984
mix_ndcg,20260922,batch_allocated,0.05,rg3,946,20,48,2,46,18,880,0.041666666666666664,0.1,0.058823529411764705,0.9323467230443975,0.04967602591792657,0.9583333333333334,0.028042228444444324,0.5127969762419007
mix_ndcg,20260922,historical_pooled,0.075,all,1913,33,144,12,132,21,1748,0.08333333333333333,0.36363636363636365,0.13559322033898305,0.9200209095661265,0.07021276595744681,0.9166666666666666,0.12202832196772544,0.7771196002578981
mix_ndcg,20260922,historical_pooled,0.075,cn7,967,13,73,10,63,3,891,0.136986301369863,0.7692307692307693,0.23255813953488372,0.9317476732161324,0.0660377358490566,0.863013698630137,0.32557672923748937,0.9654491211094984
mix_ndcg,20260922,historical_pooled,0.075,rg3,946,20,71,2,69,18,857,0.028169014084507043,0.1,0.04395604395604396,0.9080338266384778,0.07451403887688984,0.971830985915493,0.028042228444444324,0.5127969762419007
mix_ndcg,20260922,batch_allocated,0.075,all,1913,33,144,14,130,19,1750,0.09722222222222222,0.42424242424242425,0.15819209039548024,0.9221118661787768,0.06914893617021277,0.9027777777777778,0.12202832196772544,0.7771196002578981
mix_ndcg,20260922,batch_allocated,0.075,cn7,967,13,73,11,62,2,892,0.1506849315068493,0.8461538461538461,0.2558139534883721,0.9338159255429163,0.0649895178197065,0.8493150684931506,0.32557672923748937,0.9654491211094984
mix_ndcg,20260922,batch_allocated,0.075,rg3,946,20,71,3,68,17,858,0.04225352112676056,0.15,0.06593406593406594,0.9101479915433404,0.0734341252699784,0.9577464788732394,0.028042228444444324,0.5127969762419007
mix_ndcg,20260922,historical_pooled,0.1,all,1913,33,192,17,175,16,1705,0.08854166666666667,0.5151515151515151,0.1511111111111111,0.9001568217459488,0.09308510638297872,0.9114583333333334,0.12202832196772544,0.7771196002578981
mix_ndcg,20260922,historical_pooled,0.1,cn7,967,13,97,12,85,1,869,0.12371134020618557,0.9230769230769231,0.21818181818181817,0.9110651499482937,0.08909853249475891,0.8762886597938144,0.32557672923748937,0.9654491211094984
mix_ndcg,20260922,historical_pooled,0.1,rg3,946,20,95,5,90,15,836,0.05263157894736842,0.25,0.08695652173913043,0.8890063424947146,0.09719222462203024,0.9473684210526315,0.028042228444444324,0.5127969762419007
mix_ndcg,20260922,batch_allocated,0.1,all,1913,33,192,17,175,16,1705,0.08854166666666667,0.5151515151515151,0.1511111111111111,0.9001568217459488,0.09308510638297872,0.9114583333333334,0.12202832196772544,0.7771196002578981
mix_ndcg,20260922,batch_allocated,0.1,cn7,967,13,97,13,84,0,870,0.13402061855670103,1.0,0.23636363636363636,0.9131334022750776,0.0880503144654088,0.865979381443299,0.32557672923748937,0.9654491211094984
mix_ndcg,20260922,batch_allocated,0.1,rg3,946,20,95,4,91,16,835,0.042105263157894736,0.2,0.06956521739130435,0.8868921775898521,0.09827213822894168,0.9578947368421052,0.028042228444444324,0.5127969762419007
cat_row_a1,20260922,historical_pooled,0.05,all,1913,33,97,10,87,23,1793,0.10309278350515463,0.30303030303030304,0.15384615384615385,0.9424986931521171,0.04627659574468085,0.8969072164948454,0.09990234817123399,0.7882575757575758
cat_row_a1,20260922,historical_pooled,0.05,cn7,967,13,49,9,40,4,914,0.1836734693877551,0.6923076923076923,0.2903225806451613,0.954498448810755,0.041928721174004195,0.8163265306122449,0.32557672923748937,0.9654491211094984
cat_row_a1,20260922,historical_pooled,0.05,rg3,946,20,48,1,47,19,879,0.020833333333333332,0.05,0.029411764705882353,0.9302325581395349,0.05075593952483801,0.9791666666666666,0.032487109865830636,0.556695464362851
cat_row_a1,20260922,batch_allocated,0.05,all,1913,33,97,9,88,24,1792,0.09278350515463918,0.2727272727272727,0.13846153846153847,0.9414532148457919,0.04680851063829787,0.9072164948453608,0.09990234817123399,0.7882575757575758
cat_row_a1,20260922,batch_allocated,0.05,cn7,967,13,49,8,41,5,913,0.16326530612244897,0.6153846153846154,0.25806451612903225,0.9524301964839711,0.0429769392033543,0.8367346938775511,0.32557672923748937,0.9654491211094984
cat_row_a1,20260922,batch_allocated,0.05,rg3,946,20,48,1,47,19,879,0.020833333333333332,0.05,0.029411764705882353,0.9302325581395349,0.05075593952483801,0.9791666666666666,0.032487109865830636,0.556695464362851
cat_row_a1,20260922,historical_pooled,0.075,all,1913,33,144,12,132,21,1748,0.08333333333333333,0.36363636363636365,0.13559322033898305,0.9200209095661265,0.07021276595744681,0.9166666666666666,0.09990234817123399,0.7882575757575758
cat_row_a1,20260922,historical_pooled,0.075,cn7,967,13,73,10,63,3,891,0.136986301369863,0.7692307692307693,0.23255813953488372,0.9317476732161324,0.0660377358490566,0.863013698630137,0.32557672923748937,0.9654491211094984
cat_row_a1,20260922,historical_pooled,0.075,rg3,946,20,71,2,69,18,857,0.028169014084507043,0.1,0.04395604395604396,0.9080338266384778,0.07451403887688984,0.971830985915493,0.032487109865830636,0.556695464362851
cat_row_a1,20260922,batch_allocated,0.075,all,1913,33,144,13,131,20,1749,0.09027777777777778,0.3939393939393939,0.14689265536723164,0.9210663878724517,0.06968085106382979,0.9097222222222222,0.09990234817123399,0.7882575757575758
cat_row_a1,20260922,batch_allocated,0.075,cn7,967,13,73,11,62,2,892,0.1506849315068493,0.8461538461538461,0.2558139534883721,0.9338159255429163,0.0649895178197065,0.8493150684931506,0.32557672923748937,0.9654491211094984
cat_row_a1,20260922,batch_allocated,0.075,rg3,946,20,71,2,69,18,857,0.028169014084507043,0.1,0.04395604395604396,0.9080338266384778,0.07451403887688984,0.971830985915493,0.032487109865830636,0.556695464362851
cat_row_a1,20260922,historical_pooled,0.1,all,1913,33,192,16,176,17,1704,0.08333333333333333,0.48484848484848486,0.14222222222222222,0.8991113434396236,0.09361702127659574,0.9166666666666666,0.09990234817123399,0.7882575757575758
cat_row_a1,20260922,historical_pooled,0.1,cn7,967,13,97,12,85,1,869,0.12371134020618557,0.9230769230769231,0.21818181818181817,0.9110651499482937,0.08909853249475891,0.8762886597938144,0.32557672923748937,0.9654491211094984
cat_row_a1,20260922,historical_pooled,0.1,rg3,946,20,95,4,91,16,835,0.042105263157894736,0.2,0.06956521739130435,0.8868921775898521,0.09827213822894168,0.9578947368421052,0.032487109865830636,0.556695464362851
cat_row_a1,20260922,batch_allocated,0.1,all,1913,33,192,17,175,16,1705,0.08854166666666667,0.5151515151515151,0.1511111111111111,0.9001568217459488,0.09308510638297872,0.9114583333333334,0.09990234817123399,0.7882575757575758
cat_row_a1,20260922,batch_allocated,0.1,cn7,967,13,97,13,84,0,870,0.13402061855670103,1.0,0.23636363636363636,0.9131334022750776,0.0880503144654088,0.865979381443299,0.32557672923748937,0.9654491211094984
cat_row_a1,20260922,batch_allocated,0.1,rg3,946,20,95,4,91,16,835,0.042105263157894736,0.2,0.06956521739130435,0.8868921775898521,0.09827213822894168,0.9578947368421052,0.032487109865830636,0.556695464362851
cat_event_a1,20260922,historical_pooled,0.05,all,1913,33,97,11,86,22,1794,0.1134020618556701,0.3333333333333333,0.16923076923076924,0.9435441714584423,0.045744680851063826,0.8865979381443299,0.09797547413465518,0.79821889103804
cat_event_a1,20260922,historical_pooled,0.05,cn7,967,13,49,9,40,4,914,0.1836734693877551,0.6923076923076923,0.2903225806451613,0.954498448810755,0.041928721174004195,0.8163265306122449,0.32557672923748937,0.9654491211094984
cat_event_a1,20260922,historical_pooled,0.05,rg3,946,20,48,2,46,18,880,0.041666666666666664,0.1,0.058823529411764705,0.9323467230443975,0.04967602591792657,0.9583333333333334,0.03330574442263496,0.5880129589632829
cat_event_a1,20260922,batch_allocated,0.05,all,1913,33,97,10,87,23,1793,0.10309278350515463,0.30303030303030304,0.15384615384615385,0.9424986931521171,0.04627659574468085,0.8969072164948454,0.09797547413465518,0.79821889103804
cat_event_a1,20260922,batch_allocated,0.05,cn7,967,13,49,8,41,5,913,0.16326530612244897,0.6153846153846154,0.25806451612903225,0.9524301964839711,0.0429769392033543,0.8367346938775511,0.32557672923748937,0.9654491211094984
cat_event_a1,20260922,batch_allocated,0.05,rg3,946,20,48,2,46,18,880,0.041666666666666664,0.1,0.058823529411764705,0.9323467230443975,0.04967602591792657,0.9583333333333334,0.03330574442263496,0.5880129589632829
cat_event_a1,20260922,historical_pooled,0.075,all,1913,33,144,12,132,21,1748,0.08333333333333333,0.36363636363636365,0.13559322033898305,0.9200209095661265,0.07021276595744681,0.9166666666666666,0.09797547413465518,0.79821889103804
cat_event_a1,20260922,historical_pooled,0.075,cn7,967,13,73,10,63,3,891,0.136986301369863,0.7692307692307693,0.23255813953488372,0.9317476732161324,0.0660377358490566,0.863013698630137,0.32557672923748937,0.9654491211094984
cat_event_a1,20260922,historical_pooled,0.075,rg3,946,20,71,2,69,18,857,0.028169014084507043,0.1,0.04395604395604396,0.9080338266384778,0.07451403887688984,0.971830985915493,0.03330574442263496,0.5880129589632829
cat_event_a1,20260922,batch_allocated,0.075,all,1913,33,144,13,131,20,1749,0.09027777777777778,0.3939393939393939,0.14689265536723164,0.9210663878724517,0.06968085106382979,0.9097222222222222,0.09797547413465518,0.79821889103804
cat_event_a1,20260922,batch_allocated,0.075,cn7,967,13,73,11,62,2,892,0.1506849315068493,0.8461538461538461,0.2558139534883721,0.9338159255429163,0.0649895178197065,0.8493150684931506,0.32557672923748937,0.9654491211094984
cat_event_a1,20260922,batch_allocated,0.075,rg3,946,20,71,2,69,18,857,0.028169014084507043,0.1,0.04395604395604396,0.9080338266384778,0.07451403887688984,0.971830985915493,0.03330574442263496,0.5880129589632829
cat_event_a1,20260922,historical_pooled,0.1,all,1913,33,192,15,177,18,1703,0.078125,0.45454545454545453,0.13333333333333333,0.8980658651332984,0.09414893617021276,0.921875,0.09797547413465518,0.79821889103804
cat_event_a1,20260922,historical_pooled,0.1,cn7,967,13,97,12,85,1,869,0.12371134020618557,0.9230769230769231,0.21818181818181817,0.9110651499482937,0.08909853249475891,0.8762886597938144,0.32557672923748937,0.9654491211094984
cat_event_a1,20260922,historical_pooled,0.1,rg3,946,20,95,3,92,17,834,0.031578947368421054,0.15,0.05217391304347826,0.8847780126849895,0.09935205183585313,0.968421052631579,0.03330574442263496,0.5880129589632829
cat_event_a1,20260922,batch_allocated,0.1,all,1913,33,192,16,176,17,1704,0.08333333333333333,0.48484848484848486,0.14222222222222222,0.8991113434396236,0.09361702127659574,0.9166666666666666,0.09797547413465518,0.79821889103804
cat_event_a1,20260922,batch_allocated,0.1,cn7,967,13,97,13,84,0,870,0.13402061855670103,1.0,0.23636363636363636,0.9131334022750776,0.0880503144654088,0.865979381443299,0.32557672923748937,0.9654491211094984
cat_event_a1,20260922,batch_allocated,0.1,rg3,946,20,95,3,92,17,834,0.031578947368421054,0.15,0.05217391304347826,0.8847780126849895,0.09935205183585313,0.968421052631579,0.03330574442263496,0.5880129589632829
cat_row_a0,20260922,historical_pooled,0.05,all,1913,33,97,10,87,23,1793,0.10309278350515463,0.30303030303030304,0.15384615384615385,0.9424986931521171,0.04627659574468085,0.8969072164948454,0.0880461065934945,0.7686250805931658
cat_row_a0,20260922,historical_pooled,0.05,cn7,967,13,49,9,40,4,914,0.1836734693877551,0.6923076923076923,0.2903225806451613,0.954498448810755,0.041928721174004195,0.8163265306122449,0.32557672923748937,0.9654491211094984
cat_row_a0,20260922,historical_pooled,0.05,rg3,946,20,48,1,47,19,879,0.020833333333333332,0.05,0.029411764705882353,0.9302325581395349,0.05075593952483801,0.9791666666666666,0.024542536462511838,0.49514038876889843
cat_row_a0,20260922,batch_allocated,0.05,all,1913,33,97,9,88,24,1792,0.09278350515463918,0.2727272727272727,0.13846153846153847,0.9414532148457919,0.04680851063829787,0.9072164948453608,0.0880461065934945,0.7686250805931658
cat_row_a0,20260922,batch_allocated,0.05,cn7,967,13,49,8,41,5,913,0.16326530612244897,0.6153846153846154,0.25806451612903225,0.9524301964839711,0.0429769392033543,0.8367346938775511,0.32557672923748937,0.9654491211094984
cat_row_a0,20260922,batch_allocated,0.05,rg3,946,20,48,1,47,19,879,0.020833333333333332,0.05,0.029411764705882353,0.9302325581395349,0.05075593952483801,0.9791666666666666,0.024542536462511838,0.49514038876889843
cat_row_a0,20260922,historical_pooled,0.075,all,1913,33,144,11,133,22,1747,0.0763888888888889,0.3333333333333333,0.12429378531073447,0.9189754312598014,0.07074468085106383,0.9236111111111112,0.0880461065934945,0.7686250805931658
cat_row_a0,20260922,historical_pooled,0.075,cn7,967,13,73,10,63,3,891,0.136986301369863,0.7692307692307693,0.23255813953488372,0.9317476732161324,0.0660377358490566,0.863013698630137,0.32557672923748937,0.9654491211094984
cat_row_a0,20260922,historical_pooled,0.075,rg3,946,20,71,1,70,19,856,0.014084507042253521,0.05,0.02197802197802198,0.9059196617336153,0.0755939524838013,0.9859154929577465,0.024542536462511838,0.49514038876889843
cat_row_a0,20260922,batch_allocated,0.075,all,1913,33,144,12,132,21,1748,0.08333333333333333,0.36363636363636365,0.13559322033898305,0.9200209095661265,0.07021276595744681,0.9166666666666666,0.0880461065934945,0.7686250805931658
cat_row_a0,20260922,batch_allocated,0.075,cn7,967,13,73,11,62,2,892,0.1506849315068493,0.8461538461538461,0.2558139534883721,0.9338159255429163,0.0649895178197065,0.8493150684931506,0.32557672923748937,0.9654491211094984
cat_row_a0,20260922,batch_allocated,0.075,rg3,946,20,71,1,70,19,856,0.014084507042253521,0.05,0.02197802197802198,0.9059196617336153,0.0755939524838013,0.9859154929577465,0.024542536462511838,0.49514038876889843
cat_row_a0,20260922,historical_pooled,0.1,all,1913,33,192,13,179,20,1701,0.06770833333333333,0.3939393939393939,0.11555555555555555,0.8959749085206482,0.09521276595744681,0.9322916666666666,0.0880461065934945,0.7686250805931658
cat_row_a0,20260922,historical_pooled,0.1,cn7,967,13,97,12,85,1,869,0.12371134020618557,0.9230769230769231,0.21818181818181817,0.9110651499482937,0.08909853249475891,0.8762886597938144,0.32557672923748937,0.9654491211094984
cat_row_a0,20260922,historical_pooled,0.1,rg3,946,20,95,1,94,19,832,0.010526315789473684,0.05,0.017391304347826087,0.8805496828752643,0.10151187904967603,0.9894736842105263,0.024542536462511838,0.49514038876889843
cat_row_a0,20260922,batch_allocated,0.1,all,1913,33,192,14,178,19,1702,0.07291666666666667,0.42424242424242425,0.12444444444444444,0.8970203868269734,0.09468085106382979,0.9270833333333334,0.0880461065934945,0.7686250805931658
cat_row_a0,20260922,batch_allocated,0.1,cn7,967,13,97,13,84,0,870,0.13402061855670103,1.0,0.23636363636363636,0.9131334022750776,0.0880503144654088,0.865979381443299,0.32557672923748937,0.9654491211094984
cat_row_a0,20260922,batch_allocated,0.1,rg3,946,20,95,1,94,19,832,0.010526315789473684,0.05,0.017391304347826087,0.8805496828752643,0.10151187904967603,0.9894736842105263,0.024542536462511838,0.49514038876889843
cat_event_a0,20260922,historical_pooled,0.05,all,1913,33,97,9,88,24,1792,0.09278350515463918,0.2727272727272727,0.13846153846153847,0.9414532148457919,0.04680851063829787,0.9072164948453608,0.083013896110394,0.7665457769181174
cat_event_a0,20260922,historical_pooled,0.05,cn7,967,13,49,9,40,4,914,0.1836734693877551,0.6923076923076923,0.2903225806451613,0.954498448810755,0.041928721174004195,0.8163265306122449,0.32557672923748937,0.9654491211094984
cat_event_a0,20260922,historical_pooled,0.05,rg3,946,20,48,0,48,20,878,0.0,0.0,0.0,0.9281183932346723,0.05183585313174946,1.0,0.02148790893092352,0.48920086393088547
cat_event_a0,20260922,batch_allocated,0.05,all,1913,33,97,8,89,25,1791,0.08247422680412371,0.24242424242424243,0.12307692307692308,0.9404077365394669,0.04734042553191489,0.9175257731958762,0.083013896110394,0.7665457769181174
cat_event_a0,20260922,batch_allocated,0.05,cn7,967,13,49,8,41,5,913,0.16326530612244897,0.6153846153846154,0.25806451612903225,0.9524301964839711,0.0429769392033543,0.8367346938775511,0.32557672923748937,0.9654491211094984
cat_event_a0,20260922,batch_allocated,0.05,rg3,946,20,48,0,48,20,878,0.0,0.0,0.0,0.9281183932346723,0.05183585313174946,1.0,0.02148790893092352,0.48920086393088547
cat_event_a0,20260922,historical_pooled,0.075,all,1913,33,144,10,134,23,1746,0.06944444444444445,0.30303030303030304,0.11299435028248588,0.9179299529534762,0.07127659574468086,0.9305555555555556,0.083013896110394,0.7665457769181174
cat_event_a0,20260922,historical_pooled,0.075,cn7,967,13,73,10,63,3,891,0.136986301369863,0.7692307692307693,0.23255813953488372,0.9317476732161324,0.0660377358490566,0.863013698630137,0.32557672923748937,0.9654491211094984
cat_event_a0,20260922,historical_pooled,0.075,rg3,946,20,71,0,71,20,855,0.0,0.0,0.0,0.9038054968287527,0.07667386609071274,1.0,0.02148790893092352,0.48920086393088547
cat_event_a0,20260922,batch_allocated,0.075,all,1913,33,144,11,133,22,1747,0.0763888888888889,0.3333333333333333,0.12429378531073447,0.9189754312598014,0.07074468085106383,0.9236111111111112,0.083013896110394,0.7665457769181174
cat_event_a0,20260922,batch_allocated,0.075,cn7,967,13,73,11,62,2,892,0.1506849315068493,0.8461538461538461,0.2558139534883721,0.9338159255429163,0.0649895178197065,0.8493150684931506,0.32557672923748937,0.9654491211094984
cat_event_a0,20260922,batch_allocated,0.075,rg3,946,20,71,0,71,20,855,0.0,0.0,0.0,0.9038054968287527,0.07667386609071274,1.0,0.02148790893092352,0.48920086393088547
cat_event_a0,20260922,historical_pooled,0.1,all,1913,33,192,12,180,21,1700,0.0625,0.36363636363636365,0.10666666666666667,0.894929430214323,0.09574468085106383,0.9375,0.083013896110394,0.7665457769181174
cat_event_a0,20260922,historical_pooled,0.1,cn7,967,13,97,12,85,1,869,0.12371134020618557,0.9230769230769231,0.21818181818181817,0.9110651499482937,0.08909853249475891,0.8762886597938144,0.32557672923748937,0.9654491211094984
cat_event_a0,20260922,historical_pooled,0.1,rg3,946,20,95,0,95,20,831,0.0,0.0,0.0,0.8784355179704016,0.10259179265658748,1.0,0.02148790893092352,0.48920086393088547
cat_event_a0,20260922,batch_allocated,0.1,all,1913,33,192,14,178,19,1702,0.07291666666666667,0.42424242424242425,0.12444444444444444,0.8970203868269734,0.09468085106382979,0.9270833333333334,0.083013896110394,0.7665457769181174
cat_event_a0,20260922,batch_allocated,0.1,cn7,967,13,97,13,84,0,870,0.13402061855670103,1.0,0.23636363636363636,0.9131334022750776,0.0880503144654088,0.865979381443299,0.32557672923748937,0.9654491211094984
cat_event_a0,20260922,batch_allocated,0.1,rg3,946,20,95,1,94,19,832,0.010526315789473684,0.05,0.017391304347826087,0.8805496828752643,0.10151187904967603,0.9894736842105263,0.02148790893092352,0.48920086393088547
cat_row_a0.25,20260922,historical_pooled,0.05,all,1913,33,97,11,86,22,1794,0.1134020618556701,0.3333333333333333,0.16923076923076924,0.9435441714584423,0.045744680851063826,0.8865979381443299,0.09442877135461307,0.7770390070921985
cat_row_a0.25,20260922,historical_pooled,0.05,cn7,967,13,49,9,40,4,914,0.1836734693877551,0.6923076923076923,0.2903225806451613,0.954498448810755,0.041928721174004195,0.8163265306122449,0.32557672923748937,0.9654491211094984
cat_row_a0.25,20260922,historical_pooled,0.05,rg3,946,20,48,2,46,18,880,0.041666666666666664,0.1,0.058823529411764705,0.9323467230443975,0.04967602591792657,0.9583333333333334,0.029247465526374132,0.519438444924406
cat_row_a0.25,20260922,batch_allocated,0.05,all,1913,33,97,10,87,23,1793,0.10309278350515463,0.30303030303030304,0.15384615384615385,0.9424986931521171,0.04627659574468085,0.8969072164948454,0.09442877135461307,0.7770390070921985
cat_row_a0.25,20260922,batch_allocated,0.05,cn7,967,13,49,8,41,5,913,0.16326530612244897,0.6153846153846154,0.25806451612903225,0.9524301964839711,0.0429769392033543,0.8367346938775511,0.32557672923748937,0.9654491211094984
cat_row_a0.25,20260922,batch_allocated,0.05,rg3,946,20,48,2,46,18,880,0.041666666666666664,0.1,0.058823529411764705,0.9323467230443975,0.04967602591792657,0.9583333333333334,0.029247465526374132,0.519438444924406
cat_row_a0.25,20260922,historical_pooled,0.075,all,1913,33,144,12,132,21,1748,0.08333333333333333,0.36363636363636365,0.13559322033898305,0.9200209095661265,0.07021276595744681,0.9166666666666666,0.09442877135461307,0.7770390070921985
cat_row_a0.25,20260922,historical_pooled,0.075,cn7,967,13,73,10,63,3,891,0.136986301369863,0.7692307692307693,0.23255813953488372,0.9317476732161324,0.0660377358490566,0.863013698630137,0.32557672923748937,0.9654491211094984
cat_row_a0.25,20260922,historical_pooled,0.075,rg3,946,20,71,2,69,18,857,0.028169014084507043,0.1,0.04395604395604396,0.9080338266384778,0.07451403887688984,0.971830985915493,0.029247465526374132,0.519438444924406
cat_row_a0.25,20260922,batch_allocated,0.075,all,1913,33,144,13,131,20,1749,0.09027777777777778,0.3939393939393939,0.14689265536723164,0.9210663878724517,0.06968085106382979,0.9097222222222222,0.09442877135461307,0.7770390070921985
cat_row_a0.25,20260922,batch_allocated,0.075,cn7,967,13,73,11,62,2,892,0.1506849315068493,0.8461538461538461,0.2558139534883721,0.9338159255429163,0.0649895178197065,0.8493150684931506,0.32557672923748937,0.9654491211094984
cat_row_a0.25,20260922,batch_allocated,0.075,rg3,946,20,71,2,69,18,857,0.028169014084507043,0.1,0.04395604395604396,0.9080338266384778,0.07451403887688984,0.971830985915493,0.029247465526374132,0.519438444924406
cat_row_a0.25,20260922,historical_pooled,0.1,all,1913,33,192,15,177,18,1703,0.078125,0.45454545454545453,0.13333333333333333,0.8980658651332984,0.09414893617021276,0.921875,0.09442877135461307,0.7770390070921985
cat_row_a0.25,20260922,historical_pooled,0.1,cn7,967,13,97,12,85,1,869,0.12371134020618557,0.9230769230769231,0.21818181818181817,0.9110651499482937,0.08909853249475891,0.8762886597938144,0.32557672923748937,0.9654491211094984
cat_row_a0.25,20260922,historical_pooled,0.1,rg3,946,20,95,3,92,17,834,0.031578947368421054,0.15,0.05217391304347826,0.8847780126849895,0.09935205183585313,0.968421052631579,0.029247465526374132,0.519438444924406
cat_row_a0.25,20260922,batch_allocated,0.1,all,1913,33,192,16,176,17,1704,0.08333333333333333,0.48484848484848486,0.14222222222222222,0.8991113434396236,0.09361702127659574,0.9166666666666666,0.09442877135461307,0.7770390070921985
cat_row_a0.25,20260922,batch_allocated,0.1,cn7,967,13,97,13,84,0,870,0.13402061855670103,1.0,0.23636363636363636,0.9131334022750776,0.0880503144654088,0.865979381443299,0.32557672923748937,0.9654491211094984
cat_row_a0.25,20260922,batch_allocated,0.1,rg3,946,20,95,3,92,17,834,0.031578947368421054,0.15,0.05217391304347826,0.8847780126849895,0.09935205183585313,0.968421052631579,0.029247465526374132,0.519438444924406
cat_event_a0.25,20260922,historical_pooled,0.05,all,1913,33,97,10,87,23,1793,0.10309278350515463,0.30303030303030304,0.15384615384615385,0.9424986931521171,0.04627659574468085,0.8969072164948454,0.08799957798845388,0.7711718246292715
cat_event_a0.25,20260922,historical_pooled,0.05,cn7,967,13,49,9,40,4,914,0.1836734693877551,0.6923076923076923,0.2903225806451613,0.954498448810755,0.041928721174004195,0.8163265306122449,0.32557672923748937,0.9654491211094984
cat_event_a0.25,20260922,historical_pooled,0.05,rg3,946,20,48,1,47,19,879,0.020833333333333332,0.05,0.029411764705882353,0.9302325581395349,0.05075593952483801,0.9791666666666666,0.0245231851757218,0.5053995680345573
cat_event_a0.25,20260922,batch_allocated,0.05,all,1913,33,97,9,88,24,1792,0.09278350515463918,0.2727272727272727,0.13846153846153847,0.9414532148457919,0.04680851063829787,0.9072164948453608,0.08799957798845388,0.7711718246292715
cat_event_a0.25,20260922,batch_allocated,0.05,cn7,967,13,49,8,41,5,913,0.16326530612244897,0.6153846153846154,0.25806451612903225,0.9524301964839711,0.0429769392033543,0.8367346938775511,0.32557672923748937,0.9654491211094984
cat_event_a0.25,20260922,batch_allocated,0.05,rg3,946,20,48,1,47,19,879,0.020833333333333332,0.05,0.029411764705882353,0.9302325581395349,0.05075593952483801,0.9791666666666666,0.0245231851757218,0.5053995680345573
cat_event_a0.25,20260922,historical_pooled,0.075,all,1913,33,144,12,132,21,1748,0.08333333333333333,0.36363636363636365,0.13559322033898305,0.9200209095661265,0.07021276595744681,0.9166666666666666,0.08799957798845388,0.7711718246292715
cat_event_a0.25,20260922,historical_pooled,0.075,cn7,967,13,73,10,63,3,891,0.136986301369863,0.7692307692307693,0.23255813953488372,0.9317476732161324,0.0660377358490566,0.863013698630137,0.32557672923748937,0.9654491211094984
cat_event_a0.25,20260922,historical_pooled,0.075,rg3,946,20,71,2,69,18,857,0.028169014084507043,0.1,0.04395604395604396,0.9080338266384778,0.07451403887688984,0.971830985915493,0.0245231851757218,0.5053995680345573
cat_event_a0.25,20260922,batch_allocated,0.075,all,1913,33,144,13,131,20,1749,0.09027777777777778,0.3939393939393939,0.14689265536723164,0.9210663878724517,0.06968085106382979,0.9097222222222222,0.08799957798845388,0.7711718246292715
cat_event_a0.25,20260922,batch_allocated,0.075,cn7,967,13,73,11,62,2,892,0.1506849315068493,0.8461538461538461,0.2558139534883721,0.9338159255429163,0.0649895178197065,0.8493150684931506,0.32557672923748937,0.9654491211094984
cat_event_a0.25,20260922,batch_allocated,0.075,rg3,946,20,71,2,69,18,857,0.028169014084507043,0.1,0.04395604395604396,0.9080338266384778,0.07451403887688984,0.971830985915493,0.0245231851757218,0.5053995680345573
cat_event_a0.25,20260922,historical_pooled,0.1,all,1913,33,192,14,178,19,1702,0.07291666666666667,0.42424242424242425,0.12444444444444444,0.8970203868269734,0.09468085106382979,0.9270833333333334,0.08799957798845388,0.7711718246292715
cat_event_a0.25,20260922,historical_pooled,0.1,cn7,967,13,97,12,85,1,869,0.12371134020618557,0.9230769230769231,0.21818181818181817,0.9110651499482937,0.08909853249475891,0.8762886597938144,0.32557672923748937,0.9654491211094984
cat_event_a0.25,20260922,historical_pooled,0.1,rg3,946,20,95,2,93,18,833,0.021052631578947368,0.1,0.034782608695652174,0.8826638477801269,0.10043196544276457,0.9789473684210527,0.0245231851757218,0.5053995680345573
cat_event_a0.25,20260922,batch_allocated,0.1,all,1913,33,192,15,177,18,1703,0.078125,0.45454545454545453,0.13333333333333333,0.8980658651332984,0.09414893617021276,0.921875,0.08799957798845388,0.7711718246292715
cat_event_a0.25,20260922,batch_allocated,0.1,cn7,967,13,97,13,84,0,870,0.13402061855670103,1.0,0.23636363636363636,0.9131334022750776,0.0880503144654088,0.865979381443299,0.32557672923748937,0.9654491211094984
cat_event_a0.25,20260922,batch_allocated,0.1,rg3,946,20,95,2,93,18,833,0.021052631578947368,0.1,0.034782608695652174,0.8826638477801269,0.10043196544276457,0.9789473684210527,0.0245231851757218,0.5053995680345573
cat_row_a0.5,20260922,historical_pooled,0.05,all,1913,33,97,10,87,23,1793,0.10309278350515463,0.30303030303030304,0.15384615384615385,0.9424986931521171,0.04627659574468085,0.8969072164948454,0.09484723737919802,0.7732833655705996
cat_row_a0.5,20260922,historical_pooled,0.05,cn7,967,13,49,9,40,4,914,0.1836734693877551,0.6923076923076923,0.2903225806451613,0.954498448810755,0.041928721174004195,0.8163265306122449,0.32557672923748937,0.9654491211094984
cat_row_a0.5,20260922,historical_pooled,0.05,rg3,946,20,48,1,47,19,879,0.020833333333333332,0.05,0.029411764705882353,0.9302325581395349,0.05075593952483801,0.9791666666666666,0.030002820474100127,0.5134989200863931
cat_row_a0.5,20260922,batch_allocated,0.05,all,1913,33,97,9,88,24,1792,0.09278350515463918,0.2727272727272727,0.13846153846153847,0.9414532148457919,0.04680851063829787,0.9072164948453608,0.09484723737919802,0.7732833655705996
cat_row_a0.5,20260922,batch_allocated,0.05,cn7,967,13,49,8,41,5,913,0.16326530612244897,0.6153846153846154,0.25806451612903225,0.9524301964839711,0.0429769392033543,0.8367346938775511,0.32557672923748937,0.9654491211094984
cat_row_a0.5,20260922,batch_allocated,0.05,rg3,946,20,48,1,47,19,879,0.020833333333333332,0.05,0.029411764705882353,0.9302325581395349,0.05075593952483801,0.9791666666666666,0.030002820474100127,0.5134989200863931
cat_row_a0.5,20260922,historical_pooled,0.075,all,1913,33,144,14,130,19,1750,0.09722222222222222,0.42424242424242425,0.15819209039548024,0.9221118661787768,0.06914893617021277,0.9027777777777778,0.09484723737919802,0.7732833655705996
cat_row_a0.5,20260922,historical_pooled,0.075,cn7,967,13,73,10,63,3,891,0.136986301369863,0.7692307692307693,0.23255813953488372,0.9317476732161324,0.0660377358490566,0.863013698630137,0.32557672923748937,0.9654491211094984
cat_row_a0.5,20260922,historical_pooled,0.075,rg3,946,20,71,4,67,16,859,0.056338028169014086,0.2,0.08791208791208792,0.912262156448203,0.07235421166306695,0.9436619718309859,0.030002820474100127,0.5134989200863931
cat_row_a0.5,20260922,batch_allocated,0.075,all,1913,33,144,15,129,18,1751,0.10416666666666667,0.45454545454545453,0.1694915254237288,0.9231573444851019,0.06861702127659575,0.8958333333333334,0.09484723737919802,0.7732833655705996
cat_row_a0.5,20260922,batch_allocated,0.075,cn7,967,13,73,11,62,2,892,0.1506849315068493,0.8461538461538461,0.2558139534883721,0.9338159255429163,0.0649895178197065,0.8493150684931506,0.32557672923748937,0.9654491211094984
cat_row_a0.5,20260922,batch_allocated,0.075,rg3,946,20,71,4,67,16,859,0.056338028169014086,0.2,0.08791208791208792,0.912262156448203,0.07235421166306695,0.9436619718309859,0.030002820474100127,0.5134989200863931
cat_row_a0.5,20260922,historical_pooled,0.1,all,1913,33,192,17,175,16,1705,0.08854166666666667,0.5151515151515151,0.1511111111111111,0.9001568217459488,0.09308510638297872,0.9114583333333334,0.09484723737919802,0.7732833655705996
cat_row_a0.5,20260922,historical_pooled,0.1,cn7,967,13,97,12,85,1,869,0.12371134020618557,0.9230769230769231,0.21818181818181817,0.9110651499482937,0.08909853249475891,0.8762886597938144,0.32557672923748937,0.9654491211094984
cat_row_a0.5,20260922,historical_pooled,0.1,rg3,946,20,95,5,90,15,836,0.05263157894736842,0.25,0.08695652173913043,0.8890063424947146,0.09719222462203024,0.9473684210526315,0.030002820474100127,0.5134989200863931
cat_row_a0.5,20260922,batch_allocated,0.1,all,1913,33,192,18,174,15,1706,0.09375,0.5454545454545454,0.16,0.9012023000522739,0.0925531914893617,0.90625,0.09484723737919802,0.7732833655705996
cat_row_a0.5,20260922,batch_allocated,0.1,cn7,967,13,97,13,84,0,870,0.13402061855670103,1.0,0.23636363636363636,0.9131334022750776,0.0880503144654088,0.865979381443299,0.32557672923748937,0.9654491211094984
cat_row_a0.5,20260922,batch_allocated,0.1,rg3,946,20,95,5,90,15,836,0.05263157894736842,0.25,0.08695652173913043,0.8890063424947146,0.09719222462203024,0.9473684210526315,0.030002820474100127,0.5134989200863931
cat_event_a0.5,20260922,historical_pooled,0.05,all,1913,33,97,11,86,22,1794,0.1134020618556701,0.3333333333333333,0.16923076923076924,0.9435441714584423,0.045744680851063826,0.8865979381443299,0.09297635416455426,0.7803110896196004
cat_event_a0.5,20260922,historical_pooled,0.05,cn7,967,13,49,9,40,4,914,0.1836734693877551,0.6923076923076923,0.2903225806451613,0.954498448810755,0.041928721174004195,0.8163265306122449,0.32557672923748937,0.9654491211094984
cat_event_a0.5,20260922,historical_pooled,0.05,rg3,946,20,48,2,46,18,880,0.041666666666666664,0.1,0.058823529411764705,0.9323467230443975,0.04967602591792657,0.9583333333333334,0.027992750770849215,0.5340172786177105
cat_event_a0.5,20260922,batch_allocated,0.05,all,1913,33,97,10,87,23,1793,0.10309278350515463,0.30303030303030304,0.15384615384615385,0.9424986931521171,0.04627659574468085,0.8969072164948454,0.09297635416455426,0.7803110896196004
cat_event_a0.5,20260922,batch_allocated,0.05,cn7,967,13,49,8,41,5,913,0.16326530612244897,0.6153846153846154,0.25806451612903225,0.9524301964839711,0.0429769392033543,0.8367346938775511,0.32557672923748937,0.9654491211094984
cat_event_a0.5,20260922,batch_allocated,0.05,rg3,946,20,48,2,46,18,880,0.041666666666666664,0.1,0.058823529411764705,0.9323467230443975,0.04967602591792657,0.9583333333333334,0.027992750770849215,0.5340172786177105
cat_event_a0.5,20260922,historical_pooled,0.075,all,1913,33,144,13,131,20,1749,0.09027777777777778,0.3939393939393939,0.14689265536723164,0.9210663878724517,0.06968085106382979,0.9097222222222222,0.09297635416455426,0.7803110896196004
cat_event_a0.5,20260922,historical_pooled,0.075,cn7,967,13,73,10,63,3,891,0.136986301369863,0.7692307692307693,0.23255813953488372,0.9317476732161324,0.0660377358490566,0.863013698630137,0.32557672923748937,0.9654491211094984
cat_event_a0.5,20260922,historical_pooled,0.075,rg3,946,20,71,3,68,17,858,0.04225352112676056,0.15,0.06593406593406594,0.9101479915433404,0.0734341252699784,0.9577464788732394,0.027992750770849215,0.5340172786177105
cat_event_a0.5,20260922,batch_allocated,0.075,all,1913,33,144,14,130,19,1750,0.09722222222222222,0.42424242424242425,0.15819209039548024,0.9221118661787768,0.06914893617021277,0.9027777777777778,0.09297635416455426,0.7803110896196004
cat_event_a0.5,20260922,batch_allocated,0.075,cn7,967,13,73,11,62,2,892,0.1506849315068493,0.8461538461538461,0.2558139534883721,0.9338159255429163,0.0649895178197065,0.8493150684931506,0.32557672923748937,0.9654491211094984
cat_event_a0.5,20260922,batch_allocated,0.075,rg3,946,20,71,3,68,17,858,0.04225352112676056,0.15,0.06593406593406594,0.9101479915433404,0.0734341252699784,0.9577464788732394,0.027992750770849215,0.5340172786177105
cat_event_a0.5,20260922,historical_pooled,0.1,all,1913,33,192,15,177,18,1703,0.078125,0.45454545454545453,0.13333333333333333,0.8980658651332984,0.09414893617021276,0.921875,0.09297635416455426,0.7803110896196004
cat_event_a0.5,20260922,historical_pooled,0.1,cn7,967,13,97,12,85,1,869,0.12371134020618557,0.9230769230769231,0.21818181818181817,0.9110651499482937,0.08909853249475891,0.8762886597938144,0.32557672923748937,0.9654491211094984
cat_event_a0.5,20260922,historical_pooled,0.1,rg3,946,20,95,3,92,17,834,0.031578947368421054,0.15,0.05217391304347826,0.8847780126849895,0.09935205183585313,0.968421052631579,0.027992750770849215,0.5340172786177105
cat_event_a0.5,20260922,batch_allocated,0.1,all,1913,33,192,16,176,17,1704,0.08333333333333333,0.48484848484848486,0.14222222222222222,0.8991113434396236,0.09361702127659574,0.9166666666666666,0.09297635416455426,0.7803110896196004
cat_event_a0.5,20260922,batch_allocated,0.1,cn7,967,13,97,13,84,0,870,0.13402061855670103,1.0,0.23636363636363636,0.9131334022750776,0.0880503144654088,0.865979381443299,0.32557672923748937,0.9654491211094984
cat_event_a0.5,20260922,batch_allocated,0.1,rg3,946,20,95,3,92,17,834,0.031578947368421054,0.15,0.05217391304347826,0.8847780126849895,0.09935205183585313,0.968421052631579,0.027992750770849215,0.5340172786177105
nested_selected,20260922,historical_pooled,0.05,all,1913,33,97,10,87,23,1793,0.10309278350515463,0.30303030303030304,0.15384615384615385,0.9424986931521171,0.04627659574468085,0.8969072164948454,0.10684202575664266,0.7922549967762734
nested_selected,20260922,historical_pooled,0.05,cn7,967,13,49,9,40,4,914,0.1836734693877551,0.6923076923076923,0.2903225806451613,0.954498448810755,0.041928721174004195,0.8163265306122449,0.32557672923748937,0.9654491211094984
nested_selected,20260922,historical_pooled,0.05,rg3,946,20,48,1,47,19,879,0.020833333333333332,0.05,0.029411764705882353,0.9302325581395349,0.05075593952483801,0.9791666666666666,0.03141704154458487,0.5666306695464363
nested_selected,20260922,batch_allocated,0.05,all,1913,33,97,9,88,24,1792,0.09278350515463918,0.2727272727272727,0.13846153846153847,0.9414532148457919,0.04680851063829787,0.9072164948453608,0.10684202575664266,0.7922549967762734
nested_selected,20260922,batch_allocated,0.05,cn7,967,13,49,8,41,5,913,0.16326530612244897,0.6153846153846154,0.25806451612903225,0.9524301964839711,0.0429769392033543,0.8367346938775511,0.32557672923748937,0.9654491211094984
nested_selected,20260922,batch_allocated,0.05,rg3,946,20,48,1,47,19,879,0.020833333333333332,0.05,0.029411764705882353,0.9302325581395349,0.05075593952483801,0.9791666666666666,0.03141704154458487,0.5666306695464363
nested_selected,20260922,historical_pooled,0.075,all,1913,33,144,12,132,21,1748,0.08333333333333333,0.36363636363636365,0.13559322033898305,0.9200209095661265,0.07021276595744681,0.9166666666666666,0.10684202575664266,0.7922549967762734
nested_selected,20260922,historical_pooled,0.075,cn7,967,13,73,10,63,3,891,0.136986301369863,0.7692307692307693,0.23255813953488372,0.9317476732161324,0.0660377358490566,0.863013698630137,0.32557672923748937,0.9654491211094984
nested_selected,20260922,historical_pooled,0.075,rg3,946,20,71,2,69,18,857,0.028169014084507043,0.1,0.04395604395604396,0.9080338266384778,0.07451403887688984,0.971830985915493,0.03141704154458487,0.5666306695464363
nested_selected,20260922,batch_allocated,0.075,all,1913,33,144,13,131,20,1749,0.09027777777777778,0.3939393939393939,0.14689265536723164,0.9210663878724517,0.06968085106382979,0.9097222222222222,0.10684202575664266,0.7922549967762734
nested_selected,20260922,batch_allocated,0.075,cn7,967,13,73,11,62,2,892,0.1506849315068493,0.8461538461538461,0.2558139534883721,0.9338159255429163,0.0649895178197065,0.8493150684931506,0.32557672923748937,0.9654491211094984
nested_selected,20260922,batch_allocated,0.075,rg3,946,20,71,2,69,18,857,0.028169014084507043,0.1,0.04395604395604396,0.9080338266384778,0.07451403887688984,0.971830985915493,0.03141704154458487,0.5666306695464363
nested_selected,20260922,historical_pooled,0.1,all,1913,33,192,14,178,19,1702,0.07291666666666667,0.42424242424242425,0.12444444444444444,0.8970203868269734,0.09468085106382979,0.9270833333333334,0.10684202575664266,0.7922549967762734
nested_selected,20260922,historical_pooled,0.1,cn7,967,13,97,12,85,1,869,0.12371134020618557,0.9230769230769231,0.21818181818181817,0.9110651499482937,0.08909853249475891,0.8762886597938144,0.32557672923748937,0.9654491211094984
nested_selected,20260922,historical_pooled,0.1,rg3,946,20,95,2,93,18,833,0.021052631578947368,0.1,0.034782608695652174,0.8826638477801269,0.10043196544276457,0.9789473684210527,0.03141704154458487,0.5666306695464363
nested_selected,20260922,batch_allocated,0.1,all,1913,33,192,15,177,18,1703,0.078125,0.45454545454545453,0.13333333333333333,0.8980658651332984,0.09414893617021276,0.921875,0.10684202575664266,0.7922549967762734
nested_selected,20260922,batch_allocated,0.1,cn7,967,13,97,13,84,0,870,0.13402061855670103,1.0,0.23636363636363636,0.9131334022750776,0.0880503144654088,0.865979381443299,0.32557672923748937,0.9654491211094984
nested_selected,20260922,batch_allocated,0.1,rg3,946,20,95,2,93,18,833,0.021052631578947368,0.1,0.034782608695652174,0.8826638477801269,0.10043196544276457,0.9789473684210527,0.03141704154458487,0.5666306695464363
pair_a1,20260923,historical_pooled,0.05,all,1913,33,97,10,87,23,1793,0.10309278350515463,0.30303030303030304,0.15384615384615385,0.9424986931521171,0.04627659574468085,0.8969072164948454,0.09927048392290111,0.7936734364925854
pair_a1,20260923,historical_pooled,0.05,cn7,967,13,49,9,40,4,914,0.1836734693877551,0.6923076923076923,0.2903225806451613,0.954498448810755,0.041928721174004195,0.8163265306122449,0.32557672923748937,0.9654491211094984
pair_a1,20260923,historical_pooled,0.05,rg3,946,20,48,1,47,19,879,0.020833333333333332,0.05,0.029411764705882353,0.9302325581395349,0.05075593952483801,0.9791666666666666,0.0316344604760843,0.5758639308855291
pair_a1,20260923,batch_allocated,0.05,all,1913,33,97,10,87,23,1793,0.10309278350515463,0.30303030303030304,0.15384615384615385,0.9424986931521171,0.04627659574468085,0.8969072164948454,0.09927048392290111,0.7936734364925854
pair_a1,20260923,batch_allocated,0.05,cn7,967,13,49,8,41,5,913,0.16326530612244897,0.6153846153846154,0.25806451612903225,0.9524301964839711,0.0429769392033543,0.8367346938775511,0.32557672923748937,0.9654491211094984
pair_a1,20260923,batch_allocated,0.05,rg3,946,20,48,2,46,18,880,0.041666666666666664,0.1,0.058823529411764705,0.9323467230443975,0.04967602591792657,0.9583333333333334,0.0316344604760843,0.5758639308855291
pair_a1,20260923,historical_pooled,0.075,all,1913,33,144,13,131,20,1749,0.09027777777777778,0.3939393939393939,0.14689265536723164,0.9210663878724517,0.06968085106382979,0.9097222222222222,0.09927048392290111,0.7936734364925854
pair_a1,20260923,historical_pooled,0.075,cn7,967,13,73,10,63,3,891,0.136986301369863,0.7692307692307693,0.23255813953488372,0.9317476732161324,0.0660377358490566,0.863013698630137,0.32557672923748937,0.9654491211094984
pair_a1,20260923,historical_pooled,0.075,rg3,946,20,71,3,68,17,858,0.04225352112676056,0.15,0.06593406593406594,0.9101479915433404,0.0734341252699784,0.9577464788732394,0.0316344604760843,0.5758639308855291
pair_a1,20260923,batch_allocated,0.075,all,1913,33,144,14,130,19,1750,0.09722222222222222,0.42424242424242425,0.15819209039548024,0.9221118661787768,0.06914893617021277,0.9027777777777778,0.09927048392290111,0.7936734364925854
pair_a1,20260923,batch_allocated,0.075,cn7,967,13,73,11,62,2,892,0.1506849315068493,0.8461538461538461,0.2558139534883721,0.9338159255429163,0.0649895178197065,0.8493150684931506,0.32557672923748937,0.9654491211094984
pair_a1,20260923,batch_allocated,0.075,rg3,946,20,71,3,68,17,858,0.04225352112676056,0.15,0.06593406593406594,0.9101479915433404,0.0734341252699784,0.9577464788732394,0.0316344604760843,0.5758639308855291
pair_a1,20260923,historical_pooled,0.1,all,1913,33,192,15,177,18,1703,0.078125,0.45454545454545453,0.13333333333333333,0.8980658651332984,0.09414893617021276,0.921875,0.09927048392290111,0.7936734364925854
pair_a1,20260923,historical_pooled,0.1,cn7,967,13,97,12,85,1,869,0.12371134020618557,0.9230769230769231,0.21818181818181817,0.9110651499482937,0.08909853249475891,0.8762886597938144,0.32557672923748937,0.9654491211094984
pair_a1,20260923,historical_pooled,0.1,rg3,946,20,95,3,92,17,834,0.031578947368421054,0.15,0.05217391304347826,0.8847780126849895,0.09935205183585313,0.968421052631579,0.0316344604760843,0.5758639308855291
pair_a1,20260923,batch_allocated,0.1,all,1913,33,192,16,176,17,1704,0.08333333333333333,0.48484848484848486,0.14222222222222222,0.8991113434396236,0.09361702127659574,0.9166666666666666,0.09927048392290111,0.7936734364925854
pair_a1,20260923,batch_allocated,0.1,cn7,967,13,97,13,84,0,870,0.13402061855670103,1.0,0.23636363636363636,0.9131334022750776,0.0880503144654088,0.865979381443299,0.32557672923748937,0.9654491211094984
pair_a1,20260923,batch_allocated,0.1,rg3,946,20,95,3,92,17,834,0.031578947368421054,0.15,0.05217391304347826,0.8847780126849895,0.09935205183585313,0.968421052631579,0.0316344604760843,0.5758639308855291
pair_a0,20260923,historical_pooled,0.05,all,1913,33,97,9,88,24,1792,0.09278350515463918,0.2727272727272727,0.13846153846153847,0.9414532148457919,0.04680851063829787,0.9072164948453608,0.09063458001724452,0.7613555770470665
pair_a0,20260923,historical_pooled,0.05,cn7,967,13,49,9,40,4,914,0.1836734693877551,0.6923076923076923,0.2903225806451613,0.954498448810755,0.041928721174004195,0.8163265306122449,0.32557672923748937,0.9654491211094984
pair_a0,20260923,historical_pooled,0.05,rg3,946,20,48,0,48,20,878,0.0,0.0,0.0,0.9281183932346723,0.05183585313174946,1.0,0.022155412715870848,0.47030237580993517
pair_a0,20260923,batch_allocated,0.05,all,1913,33,97,8,89,25,1791,0.08247422680412371,0.24242424242424243,0.12307692307692308,0.9404077365394669,0.04734042553191489,0.9175257731958762,0.09063458001724452,0.7613555770470665
pair_a0,20260923,batch_allocated,0.05,cn7,967,13,49,8,41,5,913,0.16326530612244897,0.6153846153846154,0.25806451612903225,0.9524301964839711,0.0429769392033543,0.8367346938775511,0.32557672923748937,0.9654491211094984
pair_a0,20260923,batch_allocated,0.05,rg3,946,20,48,0,48,20,878,0.0,0.0,0.0,0.9281183932346723,0.05183585313174946,1.0,0.022155412715870848,0.47030237580993517
pair_a0,20260923,historical_pooled,0.075,all,1913,33,144,11,133,22,1747,0.0763888888888889,0.3333333333333333,0.12429378531073447,0.9189754312598014,0.07074468085106383,0.9236111111111112,0.09063458001724452,0.7613555770470665
pair_a0,20260923,historical_pooled,0.075,cn7,967,13,73,10,63,3,891,0.136986301369863,0.7692307692307693,0.23255813953488372,0.9317476732161324,0.0660377358490566,0.863013698630137,0.32557672923748937,0.9654491211094984
pair_a0,20260923,historical_pooled,0.075,rg3,946,20,71,1,70,19,856,0.014084507042253521,0.05,0.02197802197802198,0.9059196617336153,0.0755939524838013,0.9859154929577465,0.022155412715870848,0.47030237580993517
pair_a0,20260923,batch_allocated,0.075,all,1913,33,144,11,133,22,1747,0.0763888888888889,0.3333333333333333,0.12429378531073447,0.9189754312598014,0.07074468085106383,0.9236111111111112,0.09063458001724452,0.7613555770470665
pair_a0,20260923,batch_allocated,0.075,cn7,967,13,73,11,62,2,892,0.1506849315068493,0.8461538461538461,0.2558139534883721,0.9338159255429163,0.0649895178197065,0.8493150684931506,0.32557672923748937,0.9654491211094984
pair_a0,20260923,batch_allocated,0.075,rg3,946,20,71,0,71,20,855,0.0,0.0,0.0,0.9038054968287527,0.07667386609071274,1.0,0.022155412715870848,0.47030237580993517
pair_a0,20260923,historical_pooled,0.1,all,1913,33,192,15,177,18,1703,0.078125,0.45454545454545453,0.13333333333333333,0.8980658651332984,0.09414893617021276,0.921875,0.09063458001724452,0.7613555770470665
pair_a0,20260923,historical_pooled,0.1,cn7,967,13,97,12,85,1,869,0.12371134020618557,0.9230769230769231,0.21818181818181817,0.9110651499482937,0.08909853249475891,0.8762886597938144,0.32557672923748937,0.9654491211094984
pair_a0,20260923,historical_pooled,0.1,rg3,946,20,95,3,92,17,834,0.031578947368421054,0.15,0.05217391304347826,0.8847780126849895,0.09935205183585313,0.968421052631579,0.022155412715870848,0.47030237580993517
pair_a0,20260923,batch_allocated,0.1,all,1913,33,192,16,176,17,1704,0.08333333333333333,0.48484848484848486,0.14222222222222222,0.8991113434396236,0.09361702127659574,0.9166666666666666,0.09063458001724452,0.7613555770470665
pair_a0,20260923,batch_allocated,0.1,cn7,967,13,97,13,84,0,870,0.13402061855670103,1.0,0.23636363636363636,0.9131334022750776,0.0880503144654088,0.865979381443299,0.32557672923748937,0.9654491211094984
pair_a0,20260923,batch_allocated,0.1,rg3,946,20,95,3,92,17,834,0.031578947368421054,0.15,0.05217391304347826,0.8847780126849895,0.09935205183585313,0.968421052631579,0.022155412715870848,0.47030237580993517
pair_a0.25,20260923,historical_pooled,0.05,all,1913,33,97,10,87,23,1793,0.10309278350515463,0.30303030303030304,0.15384615384615385,0.9424986931521171,0.04627659574468085,0.8969072164948454,0.1037884186804667,0.771768214055448
pair_a0.25,20260923,historical_pooled,0.05,cn7,967,13,49,9,40,4,914,0.1836734693877551,0.6923076923076923,0.2903225806451613,0.954498448810755,0.041928721174004195,0.8163265306122449,0.32557672923748937,0.9654491211094984
pair_a0.25,20260923,historical_pooled,0.05,rg3,946,20,48,1,47,19,879,0.020833333333333332,0.05,0.029411764705882353,0.9302325581395349,0.05075593952483801,0.9791666666666666,0.028765341645486428,0.5042656587473002
pair_a0.25,20260923,batch_allocated,0.05,all,1913,33,97,9,88,24,1792,0.09278350515463918,0.2727272727272727,0.13846153846153847,0.9414532148457919,0.04680851063829787,0.9072164948453608,0.1037884186804667,0.771768214055448
pair_a0.25,20260923,batch_allocated,0.05,cn7,967,13,49,8,41,5,913,0.16326530612244897,0.6153846153846154,0.25806451612903225,0.9524301964839711,0.0429769392033543,0.8367346938775511,0.32557672923748937,0.9654491211094984
pair_a0.25,20260923,batch_allocated,0.05,rg3,946,20,48,1,47,19,879,0.020833333333333332,0.05,0.029411764705882353,0.9302325581395349,0.05075593952483801,0.9791666666666666,0.028765341645486428,0.5042656587473002
pair_a0.25,20260923,historical_pooled,0.075,all,1913,33,144,12,132,21,1748,0.08333333333333333,0.36363636363636365,0.13559322033898305,0.9200209095661265,0.07021276595744681,0.9166666666666666,0.1037884186804667,0.771768214055448
pair_a0.25,20260923,historical_pooled,0.075,cn7,967,13,73,10,63,3,891,0.136986301369863,0.7692307692307693,0.23255813953488372,0.9317476732161324,0.0660377358490566,0.863013698630137,0.32557672923748937,0.9654491211094984
pair_a0.25,20260923,historical_pooled,0.075,rg3,946,20,71,2,69,18,857,0.028169014084507043,0.1,0.04395604395604396,0.9080338266384778,0.07451403887688984,0.971830985915493,0.028765341645486428,0.5042656587473002
pair_a0.25,20260923,batch_allocated,0.075,all,1913,33,144,13,131,20,1749,0.09027777777777778,0.3939393939393939,0.14689265536723164,0.9210663878724517,0.06968085106382979,0.9097222222222222,0.1037884186804667,0.771768214055448
pair_a0.25,20260923,batch_allocated,0.075,cn7,967,13,73,11,62,2,892,0.1506849315068493,0.8461538461538461,0.2558139534883721,0.9338159255429163,0.0649895178197065,0.8493150684931506,0.32557672923748937,0.9654491211094984
pair_a0.25,20260923,batch_allocated,0.075,rg3,946,20,71,2,69,18,857,0.028169014084507043,0.1,0.04395604395604396,0.9080338266384778,0.07451403887688984,0.971830985915493,0.028765341645486428,0.5042656587473002
pair_a0.25,20260923,historical_pooled,0.1,all,1913,33,192,15,177,18,1703,0.078125,0.45454545454545453,0.13333333333333333,0.8980658651332984,0.09414893617021276,0.921875,0.1037884186804667,0.771768214055448
pair_a0.25,20260923,historical_pooled,0.1,cn7,967,13,97,12,85,1,869,0.12371134020618557,0.9230769230769231,0.21818181818181817,0.9110651499482937,0.08909853249475891,0.8762886597938144,0.32557672923748937,0.9654491211094984
pair_a0.25,20260923,historical_pooled,0.1,rg3,946,20,95,3,92,17,834,0.031578947368421054,0.15,0.05217391304347826,0.8847780126849895,0.09935205183585313,0.968421052631579,0.028765341645486428,0.5042656587473002
pair_a0.25,20260923,batch_allocated,0.1,all,1913,33,192,16,176,17,1704,0.08333333333333333,0.48484848484848486,0.14222222222222222,0.8991113434396236,0.09361702127659574,0.9166666666666666,0.1037884186804667,0.771768214055448
pair_a0.25,20260923,batch_allocated,0.1,cn7,967,13,97,13,84,0,870,0.13402061855670103,1.0,0.23636363636363636,0.9131334022750776,0.0880503144654088,0.865979381443299,0.32557672923748937,0.9654491211094984
pair_a0.25,20260923,batch_allocated,0.1,rg3,946,20,95,3,92,17,834,0.031578947368421054,0.15,0.05217391304347826,0.8847780126849895,0.09935205183585313,0.968421052631579,0.028765341645486428,0.5042656587473002
pair_a0.5,20260923,historical_pooled,0.05,all,1913,33,97,11,86,22,1794,0.1134020618556701,0.3333333333333333,0.16923076923076924,0.9435441714584423,0.045744680851063826,0.8865979381443299,0.0966190367182856,0.7761202450032237
pair_a0.5,20260923,historical_pooled,0.05,cn7,967,13,49,9,40,4,914,0.1836734693877551,0.6923076923076923,0.2903225806451613,0.954498448810755,0.041928721174004195,0.8163265306122449,0.32557672923748937,0.9654491211094984
pair_a0.5,20260923,historical_pooled,0.05,rg3,946,20,48,2,46,18,880,0.041666666666666664,0.1,0.058823529411764705,0.9323467230443975,0.04967602591792657,0.9583333333333334,0.030486182120398216,0.5176025917926566
pair_a0.5,20260923,batch_allocated,0.05,all,1913,33,97,10,87,23,1793,0.10309278350515463,0.30303030303030304,0.15384615384615385,0.9424986931521171,0.04627659574468085,0.8969072164948454,0.0966190367182856,0.7761202450032237
pair_a0.5,20260923,batch_allocated,0.05,cn7,967,13,49,8,41,5,913,0.16326530612244897,0.6153846153846154,0.25806451612903225,0.9524301964839711,0.0429769392033543,0.8367346938775511,0.32557672923748937,0.9654491211094984
pair_a0.5,20260923,batch_allocated,0.05,rg3,946,20,48,2,46,18,880,0.041666666666666664,0.1,0.058823529411764705,0.9323467230443975,0.04967602591792657,0.9583333333333334,0.030486182120398216,0.5176025917926566
pair_a0.5,20260923,historical_pooled,0.075,all,1913,33,144,12,132,21,1748,0.08333333333333333,0.36363636363636365,0.13559322033898305,0.9200209095661265,0.07021276595744681,0.9166666666666666,0.0966190367182856,0.7761202450032237
pair_a0.5,20260923,historical_pooled,0.075,cn7,967,13,73,10,63,3,891,0.136986301369863,0.7692307692307693,0.23255813953488372,0.9317476732161324,0.0660377358490566,0.863013698630137,0.32557672923748937,0.9654491211094984
pair_a0.5,20260923,historical_pooled,0.075,rg3,946,20,71,2,69,18,857,0.028169014084507043,0.1,0.04395604395604396,0.9080338266384778,0.07451403887688984,0.971830985915493,0.030486182120398216,0.5176025917926566
pair_a0.5,20260923,batch_allocated,0.075,all,1913,33,144,14,130,19,1750,0.09722222222222222,0.42424242424242425,0.15819209039548024,0.9221118661787768,0.06914893617021277,0.9027777777777778,0.0966190367182856,0.7761202450032237
pair_a0.5,20260923,batch_allocated,0.075,cn7,967,13,73,11,62,2,892,0.1506849315068493,0.8461538461538461,0.2558139534883721,0.9338159255429163,0.0649895178197065,0.8493150684931506,0.32557672923748937,0.9654491211094984
pair_a0.5,20260923,batch_allocated,0.075,rg3,946,20,71,3,68,17,858,0.04225352112676056,0.15,0.06593406593406594,0.9101479915433404,0.0734341252699784,0.9577464788732394,0.030486182120398216,0.5176025917926566
pair_a0.5,20260923,historical_pooled,0.1,all,1913,33,192,15,177,18,1703,0.078125,0.45454545454545453,0.13333333333333333,0.8980658651332984,0.09414893617021276,0.921875,0.0966190367182856,0.7761202450032237
pair_a0.5,20260923,historical_pooled,0.1,cn7,967,13,97,12,85,1,869,0.12371134020618557,0.9230769230769231,0.21818181818181817,0.9110651499482937,0.08909853249475891,0.8762886597938144,0.32557672923748937,0.9654491211094984
pair_a0.5,20260923,historical_pooled,0.1,rg3,946,20,95,3,92,17,834,0.031578947368421054,0.15,0.05217391304347826,0.8847780126849895,0.09935205183585313,0.968421052631579,0.030486182120398216,0.5176025917926566
pair_a0.5,20260923,batch_allocated,0.1,all,1913,33,192,17,175,16,1705,0.08854166666666667,0.5151515151515151,0.1511111111111111,0.9001568217459488,0.09308510638297872,0.9114583333333334,0.0966190367182856,0.7761202450032237
pair_a0.5,20260923,batch_allocated,0.1,cn7,967,13,97,13,84,0,870,0.13402061855670103,1.0,0.23636363636363636,0.9131334022750776,0.0880503144654088,0.865979381443299,0.32557672923748937,0.9654491211094984
pair_a0.5,20260923,batch_allocated,0.1,rg3,946,20,95,4,91,16,835,0.042105263157894736,0.2,0.06956521739130435,0.8868921775898521,0.09827213822894168,0.9578947368421052,0.030486182120398216,0.5176025917926566
rank_pairwise,20260923,historical_pooled,0.05,all,1913,33,97,10,87,23,1793,0.10309278350515463,0.30303030303030304,0.15384615384615385,0.9424986931521171,0.04627659574468085,0.8969072164948454,0.10249381920638244,0.7999274661508704
rank_pairwise,20260923,historical_pooled,0.05,cn7,967,13,49,9,40,4,914,0.1836734693877551,0.6923076923076923,0.2903225806451613,0.954498448810755,0.041928721174004195,0.8163265306122449,0.32557672923748937,0.9654491211094984
rank_pairwise,20260923,historical_pooled,0.05,rg3,946,20,48,1,47,19,879,0.020833333333333332,0.05,0.029411764705882353,0.9302325581395349,0.05075593952483801,0.9791666666666666,0.035284417004496874,0.5890928725701944
rank_pairwise,20260923,batch_allocated,0.05,all,1913,33,97,9,88,24,1792,0.09278350515463918,0.2727272727272727,0.13846153846153847,0.9414532148457919,0.04680851063829787,0.9072164948453608,0.10249381920638244,0.7999274661508704
rank_pairwise,20260923,batch_allocated,0.05,cn7,967,13,49,8,41,5,913,0.16326530612244897,0.6153846153846154,0.25806451612903225,0.9524301964839711,0.0429769392033543,0.8367346938775511,0.32557672923748937,0.9654491211094984
rank_pairwise,20260923,batch_allocated,0.05,rg3,946,20,48,1,47,19,879,0.020833333333333332,0.05,0.029411764705882353,0.9302325581395349,0.05075593952483801,0.9791666666666666,0.035284417004496874,0.5890928725701944
rank_pairwise,20260923,historical_pooled,0.075,all,1913,33,144,12,132,21,1748,0.08333333333333333,0.36363636363636365,0.13559322033898305,0.9200209095661265,0.07021276595744681,0.9166666666666666,0.10249381920638244,0.7999274661508704
rank_pairwise,20260923,historical_pooled,0.075,cn7,967,13,73,10,63,3,891,0.136986301369863,0.7692307692307693,0.23255813953488372,0.9317476732161324,0.0660377358490566,0.863013698630137,0.32557672923748937,0.9654491211094984
rank_pairwise,20260923,historical_pooled,0.075,rg3,946,20,71,2,69,18,857,0.028169014084507043,0.1,0.04395604395604396,0.9080338266384778,0.07451403887688984,0.971830985915493,0.035284417004496874,0.5890928725701944
rank_pairwise,20260923,batch_allocated,0.075,all,1913,33,144,14,130,19,1750,0.09722222222222222,0.42424242424242425,0.15819209039548024,0.9221118661787768,0.06914893617021277,0.9027777777777778,0.10249381920638244,0.7999274661508704
rank_pairwise,20260923,batch_allocated,0.075,cn7,967,13,73,11,62,2,892,0.1506849315068493,0.8461538461538461,0.2558139534883721,0.9338159255429163,0.0649895178197065,0.8493150684931506,0.32557672923748937,0.9654491211094984
rank_pairwise,20260923,batch_allocated,0.075,rg3,946,20,71,3,68,17,858,0.04225352112676056,0.15,0.06593406593406594,0.9101479915433404,0.0734341252699784,0.9577464788732394,0.035284417004496874,0.5890928725701944
rank_pairwise,20260923,historical_pooled,0.1,all,1913,33,192,16,176,17,1704,0.08333333333333333,0.48484848484848486,0.14222222222222222,0.8991113434396236,0.09361702127659574,0.9166666666666666,0.10249381920638244,0.7999274661508704
rank_pairwise,20260923,historical_pooled,0.1,cn7,967,13,97,12,85,1,869,0.12371134020618557,0.9230769230769231,0.21818181818181817,0.9110651499482937,0.08909853249475891,0.8762886597938144,0.32557672923748937,0.9654491211094984
rank_pairwise,20260923,historical_pooled,0.1,rg3,946,20,95,4,91,16,835,0.042105263157894736,0.2,0.06956521739130435,0.8868921775898521,0.09827213822894168,0.9578947368421052,0.035284417004496874,0.5890928725701944
rank_pairwise,20260923,batch_allocated,0.1,all,1913,33,192,17,175,16,1705,0.08854166666666667,0.5151515151515151,0.1511111111111111,0.9001568217459488,0.09308510638297872,0.9114583333333334,0.10249381920638244,0.7999274661508704
rank_pairwise,20260923,batch_allocated,0.1,cn7,967,13,97,13,84,0,870,0.13402061855670103,1.0,0.23636363636363636,0.9131334022750776,0.0880503144654088,0.865979381443299,0.32557672923748937,0.9654491211094984
rank_pairwise,20260923,batch_allocated,0.1,rg3,946,20,95,4,91,16,835,0.042105263157894736,0.2,0.06956521739130435,0.8868921775898521,0.09827213822894168,0.9578947368421052,0.035284417004496874,0.5890928725701944
rank_ndcg,20260923,historical_pooled,0.05,all,1913,33,97,9,88,24,1792,0.09278350515463918,0.2727272727272727,0.13846153846153847,0.9414532148457919,0.04680851063829787,0.9072164948453608,0.08244019407425246,0.7529738878143134
rank_ndcg,20260923,historical_pooled,0.05,cn7,967,13,49,9,40,4,914,0.1836734693877551,0.6923076923076923,0.2903225806451613,0.954498448810755,0.041928721174004195,0.8163265306122449,0.32557672923748937,0.9654491211094984
rank_ndcg,20260923,historical_pooled,0.05,rg3,946,20,48,0,48,20,878,0.0,0.0,0.0,0.9281183932346723,0.05183585313174946,1.0,0.020495525255931832,0.45145788336933046
rank_ndcg,20260923,batch_allocated,0.05,all,1913,33,97,8,89,25,1791,0.08247422680412371,0.24242424242424243,0.12307692307692308,0.9404077365394669,0.04734042553191489,0.9175257731958762,0.08244019407425246,0.7529738878143134
rank_ndcg,20260923,batch_allocated,0.05,cn7,967,13,49,8,41,5,913,0.16326530612244897,0.6153846153846154,0.25806451612903225,0.9524301964839711,0.0429769392033543,0.8367346938775511,0.32557672923748937,0.9654491211094984
rank_ndcg,20260923,batch_allocated,0.05,rg3,946,20,48,0,48,20,878,0.0,0.0,0.0,0.9281183932346723,0.05183585313174946,1.0,0.020495525255931832,0.45145788336933046
rank_ndcg,20260923,historical_pooled,0.075,all,1913,33,144,11,133,22,1747,0.0763888888888889,0.3333333333333333,0.12429378531073447,0.9189754312598014,0.07074468085106383,0.9236111111111112,0.08244019407425246,0.7529738878143134
rank_ndcg,20260923,historical_pooled,0.075,cn7,967,13,73,10,63,3,891,0.136986301369863,0.7692307692307693,0.23255813953488372,0.9317476732161324,0.0660377358490566,0.863013698630137,0.32557672923748937,0.9654491211094984
rank_ndcg,20260923,historical_pooled,0.075,rg3,946,20,71,1,70,19,856,0.014084507042253521,0.05,0.02197802197802198,0.9059196617336153,0.0755939524838013,0.9859154929577465,0.020495525255931832,0.45145788336933046
rank_ndcg,20260923,batch_allocated,0.075,all,1913,33,144,12,132,21,1748,0.08333333333333333,0.36363636363636365,0.13559322033898305,0.9200209095661265,0.07021276595744681,0.9166666666666666,0.08244019407425246,0.7529738878143134
rank_ndcg,20260923,batch_allocated,0.075,cn7,967,13,73,11,62,2,892,0.1506849315068493,0.8461538461538461,0.2558139534883721,0.9338159255429163,0.0649895178197065,0.8493150684931506,0.32557672923748937,0.9654491211094984
rank_ndcg,20260923,batch_allocated,0.075,rg3,946,20,71,1,70,19,856,0.014084507042253521,0.05,0.02197802197802198,0.9059196617336153,0.0755939524838013,0.9859154929577465,0.020495525255931832,0.45145788336933046
rank_ndcg,20260923,historical_pooled,0.1,all,1913,33,192,14,178,19,1702,0.07291666666666667,0.42424242424242425,0.12444444444444444,0.8970203868269734,0.09468085106382979,0.9270833333333334,0.08244019407425246,0.7529738878143134
rank_ndcg,20260923,historical_pooled,0.1,cn7,967,13,97,12,85,1,869,0.12371134020618557,0.9230769230769231,0.21818181818181817,0.9110651499482937,0.08909853249475891,0.8762886597938144,0.32557672923748937,0.9654491211094984
rank_ndcg,20260923,historical_pooled,0.1,rg3,946,20,95,2,93,18,833,0.021052631578947368,0.1,0.034782608695652174,0.8826638477801269,0.10043196544276457,0.9789473684210527,0.020495525255931832,0.45145788336933046
rank_ndcg,20260923,batch_allocated,0.1,all,1913,33,192,15,177,18,1703,0.078125,0.45454545454545453,0.13333333333333333,0.8980658651332984,0.09414893617021276,0.921875,0.08244019407425246,0.7529738878143134
rank_ndcg,20260923,batch_allocated,0.1,cn7,967,13,97,13,84,0,870,0.13402061855670103,1.0,0.23636363636363636,0.9131334022750776,0.0880503144654088,0.865979381443299,0.32557672923748937,0.9654491211094984
rank_ndcg,20260923,batch_allocated,0.1,rg3,946,20,95,2,93,18,833,0.021052631578947368,0.1,0.034782608695652174,0.8826638477801269,0.10043196544276457,0.9789473684210527,0.020495525255931832,0.45145788336933046
mix_pairwise,20260923,historical_pooled,0.05,all,1913,33,97,10,87,23,1793,0.10309278350515463,0.30303030303030304,0.15384615384615385,0.9424986931521171,0.04627659574468085,0.8969072164948454,0.11871909379469606,0.7991860090264346
mix_pairwise,20260923,historical_pooled,0.05,cn7,967,13,49,9,40,4,914,0.1836734693877551,0.6923076923076923,0.2903225806451613,0.954498448810755,0.041928721174004195,0.8163265306122449,0.32557672923748937,0.9654491211094984
mix_pairwise,20260923,historical_pooled,0.05,rg3,946,20,48,1,47,19,879,0.020833333333333332,0.05,0.029411764705882353,0.9302325581395349,0.05075593952483801,0.9791666666666666,0.0379358605330101,0.5856911447084233
mix_pairwise,20260923,batch_allocated,0.05,all,1913,33,97,9,88,24,1792,0.09278350515463918,0.2727272727272727,0.13846153846153847,0.9414532148457919,0.04680851063829787,0.9072164948453608,0.11871909379469606,0.7991860090264346
mix_pairwise,20260923,batch_allocated,0.05,cn7,967,13,49,8,41,5,913,0.16326530612244897,0.6153846153846154,0.25806451612903225,0.9524301964839711,0.0429769392033543,0.8367346938775511,0.32557672923748937,0.9654491211094984
mix_pairwise,20260923,batch_allocated,0.05,rg3,946,20,48,1,47,19,879,0.020833333333333332,0.05,0.029411764705882353,0.9302325581395349,0.05075593952483801,0.9791666666666666,0.0379358605330101,0.5856911447084233
mix_pairwise,20260923,historical_pooled,0.075,all,1913,33,144,12,132,21,1748,0.08333333333333333,0.36363636363636365,0.13559322033898305,0.9200209095661265,0.07021276595744681,0.9166666666666666,0.11871909379469606,0.7991860090264346
mix_pairwise,20260923,historical_pooled,0.075,cn7,967,13,73,10,63,3,891,0.136986301369863,0.7692307692307693,0.23255813953488372,0.9317476732161324,0.0660377358490566,0.863013698630137,0.32557672923748937,0.9654491211094984
mix_pairwise,20260923,historical_pooled,0.075,rg3,946,20,71,2,69,18,857,0.028169014084507043,0.1,0.04395604395604396,0.9080338266384778,0.07451403887688984,0.971830985915493,0.0379358605330101,0.5856911447084233
mix_pairwise,20260923,batch_allocated,0.075,all,1913,33,144,13,131,20,1749,0.09027777777777778,0.3939393939393939,0.14689265536723164,0.9210663878724517,0.06968085106382979,0.9097222222222222,0.11871909379469606,0.7991860090264346
mix_pairwise,20260923,batch_allocated,0.075,cn7,967,13,73,11,62,2,892,0.1506849315068493,0.8461538461538461,0.2558139534883721,0.9338159255429163,0.0649895178197065,0.8493150684931506,0.32557672923748937,0.9654491211094984
mix_pairwise,20260923,batch_allocated,0.075,rg3,946,20,71,2,69,18,857,0.028169014084507043,0.1,0.04395604395604396,0.9080338266384778,0.07451403887688984,0.971830985915493,0.0379358605330101,0.5856911447084233
mix_pairwise,20260923,historical_pooled,0.1,all,1913,33,192,16,176,17,1704,0.08333333333333333,0.48484848484848486,0.14222222222222222,0.8991113434396236,0.09361702127659574,0.9166666666666666,0.11871909379469606,0.7991860090264346
mix_pairwise,20260923,historical_pooled,0.1,cn7,967,13,97,12,85,1,869,0.12371134020618557,0.9230769230769231,0.21818181818181817,0.9110651499482937,0.08909853249475891,0.8762886597938144,0.32557672923748937,0.9654491211094984
mix_pairwise,20260923,historical_pooled,0.1,rg3,946,20,95,4,91,16,835,0.042105263157894736,0.2,0.06956521739130435,0.8868921775898521,0.09827213822894168,0.9578947368421052,0.0379358605330101,0.5856911447084233
mix_pairwise,20260923,batch_allocated,0.1,all,1913,33,192,18,174,15,1706,0.09375,0.5454545454545454,0.16,0.9012023000522739,0.0925531914893617,0.90625,0.11871909379469606,0.7991860090264346
mix_pairwise,20260923,batch_allocated,0.1,cn7,967,13,97,13,84,0,870,0.13402061855670103,1.0,0.23636363636363636,0.9131334022750776,0.0880503144654088,0.865979381443299,0.32557672923748937,0.9654491211094984
mix_pairwise,20260923,batch_allocated,0.1,rg3,946,20,95,5,90,15,836,0.05263157894736842,0.25,0.08695652173913043,0.8890063424947146,0.09719222462203024,0.9473684210526315,0.0379358605330101,0.5856911447084233
mix_ndcg,20260923,historical_pooled,0.05,all,1913,33,97,11,86,22,1794,0.1134020618556701,0.3333333333333333,0.16923076923076924,0.9435441714584423,0.045744680851063826,0.8865979381443299,0.12331723354939124,0.7771679561573178
mix_ndcg,20260923,historical_pooled,0.05,cn7,967,13,49,9,40,4,914,0.1836734693877551,0.6923076923076923,0.2903225806451613,0.954498448810755,0.041928721174004195,0.8163265306122449,0.32557672923748937,0.9654491211094984
mix_ndcg,20260923,historical_pooled,0.05,rg3,946,20,48,2,46,18,880,0.041666666666666664,0.1,0.058823529411764705,0.9323467230443975,0.04967602591792657,0.9583333333333334,0.02865349275118645,0.5122030237580992
mix_ndcg,20260923,batch_allocated,0.05,all,1913,33,97,11,86,22,1794,0.1134020618556701,0.3333333333333333,0.16923076923076924,0.9435441714584423,0.045744680851063826,0.8865979381443299,0.12331723354939124,0.7771679561573178
mix_ndcg,20260923,batch_allocated,0.05,cn7,967,13,49,8,41,5,913,0.16326530612244897,0.6153846153846154,0.25806451612903225,0.9524301964839711,0.0429769392033543,0.8367346938775511,0.32557672923748937,0.9654491211094984
mix_ndcg,20260923,batch_allocated,0.05,rg3,946,20,48,3,45,17,881,0.0625,0.15,0.08823529411764706,0.9344608879492601,0.04859611231101512,0.9375,0.02865349275118645,0.5122030237580992
mix_ndcg,20260923,historical_pooled,0.075,all,1913,33,144,13,131,20,1749,0.09027777777777778,0.3939393939393939,0.14689265536723164,0.9210663878724517,0.06968085106382979,0.9097222222222222,0.12331723354939124,0.7771679561573178
mix_ndcg,20260923,historical_pooled,0.075,cn7,967,13,73,10,63,3,891,0.136986301369863,0.7692307692307693,0.23255813953488372,0.9317476732161324,0.0660377358490566,0.863013698630137,0.32557672923748937,0.9654491211094984
mix_ndcg,20260923,historical_pooled,0.075,rg3,946,20,71,3,68,17,858,0.04225352112676056,0.15,0.06593406593406594,0.9101479915433404,0.0734341252699784,0.9577464788732394,0.02865349275118645,0.5122030237580992
mix_ndcg,20260923,batch_allocated,0.075,all,1913,33,144,15,129,18,1751,0.10416666666666667,0.45454545454545453,0.1694915254237288,0.9231573444851019,0.06861702127659575,0.8958333333333334,0.12331723354939124,0.7771679561573178
mix_ndcg,20260923,batch_allocated,0.075,cn7,967,13,73,11,62,2,892,0.1506849315068493,0.8461538461538461,0.2558139534883721,0.9338159255429163,0.0649895178197065,0.8493150684931506,0.32557672923748937,0.9654491211094984
mix_ndcg,20260923,batch_allocated,0.075,rg3,946,20,71,4,67,16,859,0.056338028169014086,0.2,0.08791208791208792,0.912262156448203,0.07235421166306695,0.9436619718309859,0.02865349275118645,0.5122030237580992
mix_ndcg,20260923,historical_pooled,0.1,all,1913,33,192,16,176,17,1704,0.08333333333333333,0.48484848484848486,0.14222222222222222,0.8991113434396236,0.09361702127659574,0.9166666666666666,0.12331723354939124,0.7771679561573178
mix_ndcg,20260923,historical_pooled,0.1,cn7,967,13,97,12,85,1,869,0.12371134020618557,0.9230769230769231,0.21818181818181817,0.9110651499482937,0.08909853249475891,0.8762886597938144,0.32557672923748937,0.9654491211094984
mix_ndcg,20260923,historical_pooled,0.1,rg3,946,20,95,4,91,16,835,0.042105263157894736,0.2,0.06956521739130435,0.8868921775898521,0.09827213822894168,0.9578947368421052,0.02865349275118645,0.5122030237580992
mix_ndcg,20260923,batch_allocated,0.1,all,1913,33,192,17,175,16,1705,0.08854166666666667,0.5151515151515151,0.1511111111111111,0.9001568217459488,0.09308510638297872,0.9114583333333334,0.12331723354939124,0.7771679561573178
mix_ndcg,20260923,batch_allocated,0.1,cn7,967,13,97,13,84,0,870,0.13402061855670103,1.0,0.23636363636363636,0.9131334022750776,0.0880503144654088,0.865979381443299,0.32557672923748937,0.9654491211094984
mix_ndcg,20260923,batch_allocated,0.1,rg3,946,20,95,4,91,16,835,0.042105263157894736,0.2,0.06956521739130435,0.8868921775898521,0.09827213822894168,0.9578947368421052,0.02865349275118645,0.5122030237580992
cat_row_a1,20260923,historical_pooled,0.05,all,1913,33,97,10,87,23,1793,0.10309278350515463,0.30303030303030304,0.15384615384615385,0.9424986931521171,0.04627659574468085,0.8969072164948454,0.09829335096992543,0.8007495164410058
cat_row_a1,20260923,historical_pooled,0.05,cn7,967,13,49,9,40,4,914,0.1836734693877551,0.6923076923076923,0.2903225806451613,0.954498448810755,0.041928721174004195,0.8163265306122449,0.32557672923748937,0.9654491211094984
cat_row_a1,20260923,historical_pooled,0.05,rg3,946,20,48,1,47,19,879,0.020833333333333332,0.05,0.029411764705882353,0.9302325581395349,0.05075593952483801,0.9791666666666666,0.03334585505795964,0.5977321814254859
cat_row_a1,20260923,batch_allocated,0.05,all,1913,33,97,9,88,24,1792,0.09278350515463918,0.2727272727272727,0.13846153846153847,0.9414532148457919,0.04680851063829787,0.9072164948453608,0.09829335096992543,0.8007495164410058
cat_row_a1,20260923,batch_allocated,0.05,cn7,967,13,49,8,41,5,913,0.16326530612244897,0.6153846153846154,0.25806451612903225,0.9524301964839711,0.0429769392033543,0.8367346938775511,0.32557672923748937,0.9654491211094984
cat_row_a1,20260923,batch_allocated,0.05,rg3,946,20,48,1,47,19,879,0.020833333333333332,0.05,0.029411764705882353,0.9302325581395349,0.05075593952483801,0.9791666666666666,0.03334585505795964,0.5977321814254859
cat_row_a1,20260923,historical_pooled,0.075,all,1913,33,144,13,131,20,1749,0.09027777777777778,0.3939393939393939,0.14689265536723164,0.9210663878724517,0.06968085106382979,0.9097222222222222,0.09829335096992543,0.8007495164410058
cat_row_a1,20260923,historical_pooled,0.075,cn7,967,13,73,10,63,3,891,0.136986301369863,0.7692307692307693,0.23255813953488372,0.9317476732161324,0.0660377358490566,0.863013698630137,0.32557672923748937,0.9654491211094984
cat_row_a1,20260923,historical_pooled,0.075,rg3,946,20,71,3,68,17,858,0.04225352112676056,0.15,0.06593406593406594,0.9101479915433404,0.0734341252699784,0.9577464788732394,0.03334585505795964,0.5977321814254859
cat_row_a1,20260923,batch_allocated,0.075,all,1913,33,144,14,130,19,1750,0.09722222222222222,0.42424242424242425,0.15819209039548024,0.9221118661787768,0.06914893617021277,0.9027777777777778,0.09829335096992543,0.8007495164410058
cat_row_a1,20260923,batch_allocated,0.075,cn7,967,13,73,11,62,2,892,0.1506849315068493,0.8461538461538461,0.2558139534883721,0.9338159255429163,0.0649895178197065,0.8493150684931506,0.32557672923748937,0.9654491211094984
cat_row_a1,20260923,batch_allocated,0.075,rg3,946,20,71,3,68,17,858,0.04225352112676056,0.15,0.06593406593406594,0.9101479915433404,0.0734341252699784,0.9577464788732394,0.03334585505795964,0.5977321814254859
cat_row_a1,20260923,historical_pooled,0.1,all,1913,33,192,15,177,18,1703,0.078125,0.45454545454545453,0.13333333333333333,0.8980658651332984,0.09414893617021276,0.921875,0.09829335096992543,0.8007495164410058
cat_row_a1,20260923,historical_pooled,0.1,cn7,967,13,97,12,85,1,869,0.12371134020618557,0.9230769230769231,0.21818181818181817,0.9110651499482937,0.08909853249475891,0.8762886597938144,0.32557672923748937,0.9654491211094984
cat_row_a1,20260923,historical_pooled,0.1,rg3,946,20,95,3,92,17,834,0.031578947368421054,0.15,0.05217391304347826,0.8847780126849895,0.09935205183585313,0.968421052631579,0.03334585505795964,0.5977321814254859
cat_row_a1,20260923,batch_allocated,0.1,all,1913,33,192,16,176,17,1704,0.08333333333333333,0.48484848484848486,0.14222222222222222,0.8991113434396236,0.09361702127659574,0.9166666666666666,0.09829335096992543,0.8007495164410058
cat_row_a1,20260923,batch_allocated,0.1,cn7,967,13,97,13,84,0,870,0.13402061855670103,1.0,0.23636363636363636,0.9131334022750776,0.0880503144654088,0.865979381443299,0.32557672923748937,0.9654491211094984
cat_row_a1,20260923,batch_allocated,0.1,rg3,946,20,95,3,92,17,834,0.031578947368421054,0.15,0.05217391304347826,0.8847780126849895,0.09935205183585313,0.968421052631579,0.03334585505795964,0.5977321814254859
cat_event_a1,20260923,historical_pooled,0.05,all,1913,33,97,10,87,23,1793,0.10309278350515463,0.30303030303030304,0.15384615384615385,0.9424986931521171,0.04627659574468085,0.8969072164948454,0.09206165201925047,0.7847275950999356
cat_event_a1,20260923,historical_pooled,0.05,cn7,967,13,49,9,40,4,914,0.1836734693877551,0.6923076923076923,0.2903225806451613,0.954498448810755,0.041928721174004195,0.8163265306122449,0.32557672923748937,0.9654491211094984
cat_event_a1,20260923,historical_pooled,0.05,rg3,946,20,48,1,47,19,879,0.020833333333333332,0.05,0.029411764705882353,0.9302325581395349,0.05075593952483801,0.9791666666666666,0.028505130264655714,0.5523758099352051
cat_event_a1,20260923,batch_allocated,0.05,all,1913,33,97,9,88,24,1792,0.09278350515463918,0.2727272727272727,0.13846153846153847,0.9414532148457919,0.04680851063829787,0.9072164948453608,0.09206165201925047,0.7847275950999356
cat_event_a1,20260923,batch_allocated,0.05,cn7,967,13,49,8,41,5,913,0.16326530612244897,0.6153846153846154,0.25806451612903225,0.9524301964839711,0.0429769392033543,0.8367346938775511,0.32557672923748937,0.9654491211094984
cat_event_a1,20260923,batch_allocated,0.05,rg3,946,20,48,1,47,19,879,0.020833333333333332,0.05,0.029411764705882353,0.9302325581395349,0.05075593952483801,0.9791666666666666,0.028505130264655714,0.5523758099352051
cat_event_a1,20260923,historical_pooled,0.075,all,1913,33,144,12,132,21,1748,0.08333333333333333,0.36363636363636365,0.13559322033898305,0.9200209095661265,0.07021276595744681,0.9166666666666666,0.09206165201925047,0.7847275950999356
cat_event_a1,20260923,historical_pooled,0.075,cn7,967,13,73,10,63,3,891,0.136986301369863,0.7692307692307693,0.23255813953488372,0.9317476732161324,0.0660377358490566,0.863013698630137,0.32557672923748937,0.9654491211094984
cat_event_a1,20260923,historical_pooled,0.075,rg3,946,20,71,2,69,18,857,0.028169014084507043,0.1,0.04395604395604396,0.9080338266384778,0.07451403887688984,0.971830985915493,0.028505130264655714,0.5523758099352051
cat_event_a1,20260923,batch_allocated,0.075,all,1913,33,144,13,131,20,1749,0.09027777777777778,0.3939393939393939,0.14689265536723164,0.9210663878724517,0.06968085106382979,0.9097222222222222,0.09206165201925047,0.7847275950999356
cat_event_a1,20260923,batch_allocated,0.075,cn7,967,13,73,11,62,2,892,0.1506849315068493,0.8461538461538461,0.2558139534883721,0.9338159255429163,0.0649895178197065,0.8493150684931506,0.32557672923748937,0.9654491211094984
cat_event_a1,20260923,batch_allocated,0.075,rg3,946,20,71,2,69,18,857,0.028169014084507043,0.1,0.04395604395604396,0.9080338266384778,0.07451403887688984,0.971830985915493,0.028505130264655714,0.5523758099352051
cat_event_a1,20260923,historical_pooled,0.1,all,1913,33,192,15,177,18,1703,0.078125,0.45454545454545453,0.13333333333333333,0.8980658651332984,0.09414893617021276,0.921875,0.09206165201925047,0.7847275950999356
cat_event_a1,20260923,historical_pooled,0.1,cn7,967,13,97,12,85,1,869,0.12371134020618557,0.9230769230769231,0.21818181818181817,0.9110651499482937,0.08909853249475891,0.8762886597938144,0.32557672923748937,0.9654491211094984
cat_event_a1,20260923,historical_pooled,0.1,rg3,946,20,95,3,92,17,834,0.031578947368421054,0.15,0.05217391304347826,0.8847780126849895,0.09935205183585313,0.968421052631579,0.028505130264655714,0.5523758099352051
cat_event_a1,20260923,batch_allocated,0.1,all,1913,33,192,16,176,17,1704,0.08333333333333333,0.48484848484848486,0.14222222222222222,0.8991113434396236,0.09361702127659574,0.9166666666666666,0.09206165201925047,0.7847275950999356
cat_event_a1,20260923,batch_allocated,0.1,cn7,967,13,97,13,84,0,870,0.13402061855670103,1.0,0.23636363636363636,0.9131334022750776,0.0880503144654088,0.865979381443299,0.32557672923748937,0.9654491211094984
cat_event_a1,20260923,batch_allocated,0.1,rg3,946,20,95,3,92,17,834,0.031578947368421054,0.15,0.05217391304347826,0.8847780126849895,0.09935205183585313,0.968421052631579,0.028505130264655714,0.5523758099352051
cat_row_a0,20260923,historical_pooled,0.05,all,1913,33,97,10,87,23,1793,0.10309278350515463,0.30303030303030304,0.15384615384615385,0.9424986931521171,0.04627659574468085,0.8969072164948454,0.08639374537844421,0.7567456479690522
cat_row_a0,20260923,historical_pooled,0.05,cn7,967,13,49,9,40,4,914,0.1836734693877551,0.6923076923076923,0.2903225806451613,0.954498448810755,0.041928721174004195,0.8163265306122449,0.32557672923748937,0.9654491211094984
cat_row_a0,20260923,historical_pooled,0.05,rg3,946,20,48,1,47,19,879,0.020833333333333332,0.05,0.029411764705882353,0.9302325581395349,0.05075593952483801,0.9791666666666666,0.02292858961014116,0.46382289416846645
cat_row_a0,20260923,batch_allocated,0.05,all,1913,33,97,9,88,24,1792,0.09278350515463918,0.2727272727272727,0.13846153846153847,0.9414532148457919,0.04680851063829787,0.9072164948453608,0.08639374537844421,0.7567456479690522
cat_row_a0,20260923,batch_allocated,0.05,cn7,967,13,49,8,41,5,913,0.16326530612244897,0.6153846153846154,0.25806451612903225,0.9524301964839711,0.0429769392033543,0.8367346938775511,0.32557672923748937,0.9654491211094984
cat_row_a0,20260923,batch_allocated,0.05,rg3,946,20,48,1,47,19,879,0.020833333333333332,0.05,0.029411764705882353,0.9302325581395349,0.05075593952483801,0.9791666666666666,0.02292858961014116,0.46382289416846645
cat_row_a0,20260923,historical_pooled,0.075,all,1913,33,144,13,131,20,1749,0.09027777777777778,0.3939393939393939,0.14689265536723164,0.9210663878724517,0.06968085106382979,0.9097222222222222,0.08639374537844421,0.7567456479690522
cat_row_a0,20260923,historical_pooled,0.075,cn7,967,13,73,10,63,3,891,0.136986301369863,0.7692307692307693,0.23255813953488372,0.9317476732161324,0.0660377358490566,0.863013698630137,0.32557672923748937,0.9654491211094984
cat_row_a0,20260923,historical_pooled,0.075,rg3,946,20,71,3,68,17,858,0.04225352112676056,0.15,0.06593406593406594,0.9101479915433404,0.0734341252699784,0.9577464788732394,0.02292858961014116,0.46382289416846645
cat_row_a0,20260923,batch_allocated,0.075,all,1913,33,144,14,130,19,1750,0.09722222222222222,0.42424242424242425,0.15819209039548024,0.9221118661787768,0.06914893617021277,0.9027777777777778,0.08639374537844421,0.7567456479690522
cat_row_a0,20260923,batch_allocated,0.075,cn7,967,13,73,11,62,2,892,0.1506849315068493,0.8461538461538461,0.2558139534883721,0.9338159255429163,0.0649895178197065,0.8493150684931506,0.32557672923748937,0.9654491211094984
cat_row_a0,20260923,batch_allocated,0.075,rg3,946,20,71,3,68,17,858,0.04225352112676056,0.15,0.06593406593406594,0.9101479915433404,0.0734341252699784,0.9577464788732394,0.02292858961014116,0.46382289416846645
cat_row_a0,20260923,historical_pooled,0.1,all,1913,33,192,15,177,18,1703,0.078125,0.45454545454545453,0.13333333333333333,0.8980658651332984,0.09414893617021276,0.921875,0.08639374537844421,0.7567456479690522
cat_row_a0,20260923,historical_pooled,0.1,cn7,967,13,97,12,85,1,869,0.12371134020618557,0.9230769230769231,0.21818181818181817,0.9110651499482937,0.08909853249475891,0.8762886597938144,0.32557672923748937,0.9654491211094984
cat_row_a0,20260923,historical_pooled,0.1,rg3,946,20,95,3,92,17,834,0.031578947368421054,0.15,0.05217391304347826,0.8847780126849895,0.09935205183585313,0.968421052631579,0.02292858961014116,0.46382289416846645
cat_row_a0,20260923,batch_allocated,0.1,all,1913,33,192,16,176,17,1704,0.08333333333333333,0.48484848484848486,0.14222222222222222,0.8991113434396236,0.09361702127659574,0.9166666666666666,0.08639374537844421,0.7567456479690522
cat_row_a0,20260923,batch_allocated,0.1,cn7,967,13,97,13,84,0,870,0.13402061855670103,1.0,0.23636363636363636,0.9131334022750776,0.0880503144654088,0.865979381443299,0.32557672923748937,0.9654491211094984
cat_row_a0,20260923,batch_allocated,0.1,rg3,946,20,95,3,92,17,834,0.031578947368421054,0.15,0.05217391304347826,0.8847780126849895,0.09935205183585313,0.968421052631579,0.02292858961014116,0.46382289416846645
cat_event_a0,20260923,historical_pooled,0.05,all,1913,33,97,9,88,24,1792,0.09278350515463918,0.2727272727272727,0.13846153846153847,0.9414532148457919,0.04680851063829787,0.9072164948453608,0.08324692225055758,0.7640796260477111
cat_event_a0,20260923,historical_pooled,0.05,cn7,967,13,49,9,40,4,914,0.1836734693877551,0.6923076923076923,0.2903225806451613,0.954498448810755,0.041928721174004195,0.8163265306122449,0.32557672923748937,0.9654491211094984
cat_event_a0,20260923,historical_pooled,0.05,rg3,946,20,48,0,48,20,878,0.0,0.0,0.0,0.9281183932346723,0.05183585313174946,1.0,0.021487988133024084,0.48272138228941686
cat_event_a0,20260923,batch_allocated,0.05,all,1913,33,97,8,89,25,1791,0.08247422680412371,0.24242424242424243,0.12307692307692308,0.9404077365394669,0.04734042553191489,0.9175257731958762,0.08324692225055758,0.7640796260477111
cat_event_a0,20260923,batch_allocated,0.05,cn7,967,13,49,8,41,5,913,0.16326530612244897,0.6153846153846154,0.25806451612903225,0.9524301964839711,0.0429769392033543,0.8367346938775511,0.32557672923748937,0.9654491211094984
cat_event_a0,20260923,batch_allocated,0.05,rg3,946,20,48,0,48,20,878,0.0,0.0,0.0,0.9281183932346723,0.05183585313174946,1.0,0.021487988133024084,0.48272138228941686
cat_event_a0,20260923,historical_pooled,0.075,all,1913,33,144,10,134,23,1746,0.06944444444444445,0.30303030303030304,0.11299435028248588,0.9179299529534762,0.07127659574468086,0.9305555555555556,0.08324692225055758,0.7640796260477111
cat_event_a0,20260923,historical_pooled,0.075,cn7,967,13,73,10,63,3,891,0.136986301369863,0.7692307692307693,0.23255813953488372,0.9317476732161324,0.0660377358490566,0.863013698630137,0.32557672923748937,0.9654491211094984
cat_event_a0,20260923,historical_pooled,0.075,rg3,946,20,71,0,71,20,855,0.0,0.0,0.0,0.9038054968287527,0.07667386609071274,1.0,0.021487988133024084,0.48272138228941686
cat_event_a0,20260923,batch_allocated,0.075,all,1913,33,144,11,133,22,1747,0.0763888888888889,0.3333333333333333,0.12429378531073447,0.9189754312598014,0.07074468085106383,0.9236111111111112,0.08324692225055758,0.7640796260477111
cat_event_a0,20260923,batch_allocated,0.075,cn7,967,13,73,11,62,2,892,0.1506849315068493,0.8461538461538461,0.2558139534883721,0.9338159255429163,0.0649895178197065,0.8493150684931506,0.32557672923748937,0.9654491211094984
cat_event_a0,20260923,batch_allocated,0.075,rg3,946,20,71,0,71,20,855,0.0,0.0,0.0,0.9038054968287527,0.07667386609071274,1.0,0.021487988133024084,0.48272138228941686
cat_event_a0,20260923,historical_pooled,0.1,all,1913,33,192,13,179,20,1701,0.06770833333333333,0.3939393939393939,0.11555555555555555,0.8959749085206482,0.09521276595744681,0.9322916666666666,0.08324692225055758,0.7640796260477111
cat_event_a0,20260923,historical_pooled,0.1,cn7,967,13,97,12,85,1,869,0.12371134020618557,0.9230769230769231,0.21818181818181817,0.9110651499482937,0.08909853249475891,0.8762886597938144,0.32557672923748937,0.9654491211094984
cat_event_a0,20260923,historical_pooled,0.1,rg3,946,20,95,1,94,19,832,0.010526315789473684,0.05,0.017391304347826087,0.8805496828752643,0.10151187904967603,0.9894736842105263,0.021487988133024084,0.48272138228941686
cat_event_a0,20260923,batch_allocated,0.1,all,1913,33,192,14,178,19,1702,0.07291666666666667,0.42424242424242425,0.12444444444444444,0.8970203868269734,0.09468085106382979,0.9270833333333334,0.08324692225055758,0.7640796260477111
cat_event_a0,20260923,batch_allocated,0.1,cn7,967,13,97,13,84,0,870,0.13402061855670103,1.0,0.23636363636363636,0.9131334022750776,0.0880503144654088,0.865979381443299,0.32557672923748937,0.9654491211094984
cat_event_a0,20260923,batch_allocated,0.1,rg3,946,20,95,1,94,19,832,0.010526315789473684,0.05,0.017391304347826087,0.8805496828752643,0.10151187904967603,0.9894736842105263,0.021487988133024084,0.48272138228941686
cat_row_a0.25,20260923,historical_pooled,0.05,all,1913,33,97,11,86,22,1794,0.1134020618556701,0.3333333333333333,0.16923076923076924,0.9435441714584423,0.045744680851063826,0.8865979381443299,0.10147156035302986,0.7782156673114119
cat_row_a0.25,20260923,historical_pooled,0.05,cn7,967,13,49,9,40,4,914,0.1836734693877551,0.6923076923076923,0.2903225806451613,0.954498448810755,0.041928721174004195,0.8163265306122449,0.32557672923748937,0.9654491211094984
cat_row_a0.25,20260923,historical_pooled,0.05,rg3,946,20,48,2,46,18,880,0.041666666666666664,0.1,0.058823529411764705,0.9323467230443975,0.04967602591792657,0.9583333333333334,0.03494567379640125,0.5237580993520519
cat_row_a0.25,20260923,batch_allocated,0.05,all,1913,33,97,10,87,23,1793,0.10309278350515463,0.30303030303030304,0.15384615384615385,0.9424986931521171,0.04627659574468085,0.8969072164948454,0.10147156035302986,0.7782156673114119
cat_row_a0.25,20260923,batch_allocated,0.05,cn7,967,13,49,8,41,5,913,0.16326530612244897,0.6153846153846154,0.25806451612903225,0.9524301964839711,0.0429769392033543,0.8367346938775511,0.32557672923748937,0.9654491211094984
cat_row_a0.25,20260923,batch_allocated,0.05,rg3,946,20,48,2,46,18,880,0.041666666666666664,0.1,0.058823529411764705,0.9323467230443975,0.04967602591792657,0.9583333333333334,0.03494567379640125,0.5237580993520519
cat_row_a0.25,20260923,historical_pooled,0.075,all,1913,33,144,12,132,21,1748,0.08333333333333333,0.36363636363636365,0.13559322033898305,0.9200209095661265,0.07021276595744681,0.9166666666666666,0.10147156035302986,0.7782156673114119
cat_row_a0.25,20260923,historical_pooled,0.075,cn7,967,13,73,10,63,3,891,0.136986301369863,0.7692307692307693,0.23255813953488372,0.9317476732161324,0.0660377358490566,0.863013698630137,0.32557672923748937,0.9654491211094984
cat_row_a0.25,20260923,historical_pooled,0.075,rg3,946,20,71,2,69,18,857,0.028169014084507043,0.1,0.04395604395604396,0.9080338266384778,0.07451403887688984,0.971830985915493,0.03494567379640125,0.5237580993520519
cat_row_a0.25,20260923,batch_allocated,0.075,all,1913,33,144,13,131,20,1749,0.09027777777777778,0.3939393939393939,0.14689265536723164,0.9210663878724517,0.06968085106382979,0.9097222222222222,0.10147156035302986,0.7782156673114119
cat_row_a0.25,20260923,batch_allocated,0.075,cn7,967,13,73,11,62,2,892,0.1506849315068493,0.8461538461538461,0.2558139534883721,0.9338159255429163,0.0649895178197065,0.8493150684931506,0.32557672923748937,0.9654491211094984
cat_row_a0.25,20260923,batch_allocated,0.075,rg3,946,20,71,2,69,18,857,0.028169014084507043,0.1,0.04395604395604396,0.9080338266384778,0.07451403887688984,0.971830985915493,0.03494567379640125,0.5237580993520519
cat_row_a0.25,20260923,historical_pooled,0.1,all,1913,33,192,15,177,18,1703,0.078125,0.45454545454545453,0.13333333333333333,0.8980658651332984,0.09414893617021276,0.921875,0.10147156035302986,0.7782156673114119
cat_row_a0.25,20260923,historical_pooled,0.1,cn7,967,13,97,12,85,1,869,0.12371134020618557,0.9230769230769231,0.21818181818181817,0.9110651499482937,0.08909853249475891,0.8762886597938144,0.32557672923748937,0.9654491211094984
cat_row_a0.25,20260923,historical_pooled,0.1,rg3,946,20,95,3,92,17,834,0.031578947368421054,0.15,0.05217391304347826,0.8847780126849895,0.09935205183585313,0.968421052631579,0.03494567379640125,0.5237580993520519
cat_row_a0.25,20260923,batch_allocated,0.1,all,1913,33,192,18,174,15,1706,0.09375,0.5454545454545454,0.16,0.9012023000522739,0.0925531914893617,0.90625,0.10147156035302986,0.7782156673114119
cat_row_a0.25,20260923,batch_allocated,0.1,cn7,967,13,97,13,84,0,870,0.13402061855670103,1.0,0.23636363636363636,0.9131334022750776,0.0880503144654088,0.865979381443299,0.32557672923748937,0.9654491211094984
cat_row_a0.25,20260923,batch_allocated,0.1,rg3,946,20,95,5,90,15,836,0.05263157894736842,0.25,0.08695652173913043,0.8890063424947146,0.09719222462203024,0.9473684210526315,0.03494567379640125,0.5237580993520519
cat_event_a0.25,20260923,historical_pooled,0.05,all,1913,33,97,10,87,23,1793,0.10309278350515463,0.30303030303030304,0.15384615384615385,0.9424986931521171,0.04627659574468085,0.8969072164948454,0.08669812613005123,0.7638539651837524
cat_event_a0.25,20260923,historical_pooled,0.05,cn7,967,13,49,9,40,4,914,0.1836734693877551,0.6923076923076923,0.2903225806451613,0.954498448810755,0.041928721174004195,0.8163265306122449,0.32557672923748937,0.9654491211094984
cat_event_a0.25,20260923,historical_pooled,0.05,rg3,946,20,48,1,47,19,879,0.020833333333333332,0.05,0.029411764705882353,0.9302325581395349,0.05075593952483801,0.9791666666666666,0.023257679773339493,0.48272138228941686
cat_event_a0.25,20260923,batch_allocated,0.05,all,1913,33,97,9,88,24,1792,0.09278350515463918,0.2727272727272727,0.13846153846153847,0.9414532148457919,0.04680851063829787,0.9072164948453608,0.08669812613005123,0.7638539651837524
cat_event_a0.25,20260923,batch_allocated,0.05,cn7,967,13,49,8,41,5,913,0.16326530612244897,0.6153846153846154,0.25806451612903225,0.9524301964839711,0.0429769392033543,0.8367346938775511,0.32557672923748937,0.9654491211094984
cat_event_a0.25,20260923,batch_allocated,0.05,rg3,946,20,48,1,47,19,879,0.020833333333333332,0.05,0.029411764705882353,0.9302325581395349,0.05075593952483801,0.9791666666666666,0.023257679773339493,0.48272138228941686
cat_event_a0.25,20260923,historical_pooled,0.075,all,1913,33,144,11,133,22,1747,0.0763888888888889,0.3333333333333333,0.12429378531073447,0.9189754312598014,0.07074468085106383,0.9236111111111112,0.08669812613005123,0.7638539651837524
cat_event_a0.25,20260923,historical_pooled,0.075,cn7,967,13,73,10,63,3,891,0.136986301369863,0.7692307692307693,0.23255813953488372,0.9317476732161324,0.0660377358490566,0.863013698630137,0.32557672923748937,0.9654491211094984
cat_event_a0.25,20260923,historical_pooled,0.075,rg3,946,20,71,1,70,19,856,0.014084507042253521,0.05,0.02197802197802198,0.9059196617336153,0.0755939524838013,0.9859154929577465,0.023257679773339493,0.48272138228941686
cat_event_a0.25,20260923,batch_allocated,0.075,all,1913,33,144,12,132,21,1748,0.08333333333333333,0.36363636363636365,0.13559322033898305,0.9200209095661265,0.07021276595744681,0.9166666666666666,0.08669812613005123,0.7638539651837524
cat_event_a0.25,20260923,batch_allocated,0.075,cn7,967,13,73,11,62,2,892,0.1506849315068493,0.8461538461538461,0.2558139534883721,0.9338159255429163,0.0649895178197065,0.8493150684931506,0.32557672923748937,0.9654491211094984
cat_event_a0.25,20260923,batch_allocated,0.075,rg3,946,20,71,1,70,19,856,0.014084507042253521,0.05,0.02197802197802198,0.9059196617336153,0.0755939524838013,0.9859154929577465,0.023257679773339493,0.48272138228941686
cat_event_a0.25,20260923,historical_pooled,0.1,all,1913,33,192,14,178,19,1702,0.07291666666666667,0.42424242424242425,0.12444444444444444,0.8970203868269734,0.09468085106382979,0.9270833333333334,0.08669812613005123,0.7638539651837524
cat_event_a0.25,20260923,historical_pooled,0.1,cn7,967,13,97,12,85,1,869,0.12371134020618557,0.9230769230769231,0.21818181818181817,0.9110651499482937,0.08909853249475891,0.8762886597938144,0.32557672923748937,0.9654491211094984
cat_event_a0.25,20260923,historical_pooled,0.1,rg3,946,20,95,2,93,18,833,0.021052631578947368,0.1,0.034782608695652174,0.8826638477801269,0.10043196544276457,0.9789473684210527,0.023257679773339493,0.48272138228941686
cat_event_a0.25,20260923,batch_allocated,0.1,all,1913,33,192,16,176,17,1704,0.08333333333333333,0.48484848484848486,0.14222222222222222,0.8991113434396236,0.09361702127659574,0.9166666666666666,0.08669812613005123,0.7638539651837524
cat_event_a0.25,20260923,batch_allocated,0.1,cn7,967,13,97,13,84,0,870,0.13402061855670103,1.0,0.23636363636363636,0.9131334022750776,0.0880503144654088,0.865979381443299,0.32557672923748937,0.9654491211094984
cat_event_a0.25,20260923,batch_allocated,0.1,rg3,946,20,95,3,92,17,834,0.031578947368421054,0.15,0.05217391304347826,0.8847780126849895,0.09935205183585313,0.968421052631579,0.023257679773339493,0.48272138228941686
cat_row_a0.5,20260923,historical_pooled,0.05,all,1913,33,97,12,85,21,1795,0.12371134020618557,0.36363636363636365,0.18461538461538463,0.9445896497647673,0.04521276595744681,0.8762886597938144,0.0991575750821796,0.7804400386847196
cat_row_a0.5,20260923,historical_pooled,0.05,cn7,967,13,49,9,40,4,914,0.1836734693877551,0.6923076923076923,0.2903225806451613,0.954498448810755,0.041928721174004195,0.8163265306122449,0.32557672923748937,0.9654491211094984
cat_row_a0.5,20260923,historical_pooled,0.05,rg3,946,20,48,3,45,17,881,0.0625,0.15,0.08823529411764706,0.9344608879492601,0.04859611231101512,0.9375,0.03328781873131101,0.531317494600432
cat_row_a0.5,20260923,batch_allocated,0.05,all,1913,33,97,11,86,22,1794,0.1134020618556701,0.3333333333333333,0.16923076923076924,0.9435441714584423,0.045744680851063826,0.8865979381443299,0.0991575750821796,0.7804400386847196
cat_row_a0.5,20260923,batch_allocated,0.05,cn7,967,13,49,8,41,5,913,0.16326530612244897,0.6153846153846154,0.25806451612903225,0.9524301964839711,0.0429769392033543,0.8367346938775511,0.32557672923748937,0.9654491211094984
cat_row_a0.5,20260923,batch_allocated,0.05,rg3,946,20,48,3,45,17,881,0.0625,0.15,0.08823529411764706,0.9344608879492601,0.04859611231101512,0.9375,0.03328781873131101,0.531317494600432
cat_row_a0.5,20260923,historical_pooled,0.075,all,1913,33,144,14,130,19,1750,0.09722222222222222,0.42424242424242425,0.15819209039548024,0.9221118661787768,0.06914893617021277,0.9027777777777778,0.0991575750821796,0.7804400386847196
cat_row_a0.5,20260923,historical_pooled,0.075,cn7,967,13,73,10,63,3,891,0.136986301369863,0.7692307692307693,0.23255813953488372,0.9317476732161324,0.0660377358490566,0.863013698630137,0.32557672923748937,0.9654491211094984
cat_row_a0.5,20260923,historical_pooled,0.075,rg3,946,20,71,4,67,16,859,0.056338028169014086,0.2,0.08791208791208792,0.912262156448203,0.07235421166306695,0.9436619718309859,0.03328781873131101,0.531317494600432
cat_row_a0.5,20260923,batch_allocated,0.075,all,1913,33,144,15,129,18,1751,0.10416666666666667,0.45454545454545453,0.1694915254237288,0.9231573444851019,0.06861702127659575,0.8958333333333334,0.0991575750821796,0.7804400386847196
cat_row_a0.5,20260923,batch_allocated,0.075,cn7,967,13,73,11,62,2,892,0.1506849315068493,0.8461538461538461,0.2558139534883721,0.9338159255429163,0.0649895178197065,0.8493150684931506,0.32557672923748937,0.9654491211094984
cat_row_a0.5,20260923,batch_allocated,0.075,rg3,946,20,71,4,67,16,859,0.056338028169014086,0.2,0.08791208791208792,0.912262156448203,0.07235421166306695,0.9436619718309859,0.03328781873131101,0.531317494600432
cat_row_a0.5,20260923,historical_pooled,0.1,all,1913,33,192,16,176,17,1704,0.08333333333333333,0.48484848484848486,0.14222222222222222,0.8991113434396236,0.09361702127659574,0.9166666666666666,0.0991575750821796,0.7804400386847196
cat_row_a0.5,20260923,historical_pooled,0.1,cn7,967,13,97,12,85,1,869,0.12371134020618557,0.9230769230769231,0.21818181818181817,0.9110651499482937,0.08909853249475891,0.8762886597938144,0.32557672923748937,0.9654491211094984
cat_row_a0.5,20260923,historical_pooled,0.1,rg3,946,20,95,4,91,16,835,0.042105263157894736,0.2,0.06956521739130435,0.8868921775898521,0.09827213822894168,0.9578947368421052,0.03328781873131101,0.531317494600432
cat_row_a0.5,20260923,batch_allocated,0.1,all,1913,33,192,17,175,16,1705,0.08854166666666667,0.5151515151515151,0.1511111111111111,0.9001568217459488,0.09308510638297872,0.9114583333333334,0.0991575750821796,0.7804400386847196
cat_row_a0.5,20260923,batch_allocated,0.1,cn7,967,13,97,13,84,0,870,0.13402061855670103,1.0,0.23636363636363636,0.9131334022750776,0.0880503144654088,0.865979381443299,0.32557672923748937,0.9654491211094984
cat_row_a0.5,20260923,batch_allocated,0.1,rg3,946,20,95,4,91,16,835,0.042105263157894736,0.2,0.06956521739130435,0.8868921775898521,0.09827213822894168,0.9578947368421052,0.03328781873131101,0.531317494600432
cat_event_a0.5,20260923,historical_pooled,0.05,all,1913,33,97,11,86,22,1794,0.1134020618556701,0.3333333333333333,0.16923076923076924,0.9435441714584423,0.045744680851063826,0.8865979381443299,0.09097221047071845,0.7690602836879432
cat_event_a0.5,20260923,historical_pooled,0.05,cn7,967,13,49,9,40,4,914,0.1836734693877551,0.6923076923076923,0.2903225806451613,0.954498448810755,0.041928721174004195,0.8163265306122449,0.32557672923748937,0.9654491211094984
cat_event_a0.5,20260923,historical_pooled,0.05,rg3,946,20,48,2,46,18,880,0.041666666666666664,0.1,0.058823529411764705,0.9323467230443975,0.04967602591792657,0.9583333333333334,0.02662059932025957,0.5016198704103672
cat_event_a0.5,20260923,batch_allocated,0.05,all,1913,33,97,10,87,23,1793,0.10309278350515463,0.30303030303030304,0.15384615384615385,0.9424986931521171,0.04627659574468085,0.8969072164948454,0.09097221047071845,0.7690602836879432
cat_event_a0.5,20260923,batch_allocated,0.05,cn7,967,13,49,8,41,5,913,0.16326530612244897,0.6153846153846154,0.25806451612903225,0.9524301964839711,0.0429769392033543,0.8367346938775511,0.32557672923748937,0.9654491211094984
cat_event_a0.5,20260923,batch_allocated,0.05,rg3,946,20,48,2,46,18,880,0.041666666666666664,0.1,0.058823529411764705,0.9323467230443975,0.04967602591792657,0.9583333333333334,0.02662059932025957,0.5016198704103672
cat_event_a0.5,20260923,historical_pooled,0.075,all,1913,33,144,13,131,20,1749,0.09027777777777778,0.3939393939393939,0.14689265536723164,0.9210663878724517,0.06968085106382979,0.9097222222222222,0.09097221047071845,0.7690602836879432
cat_event_a0.5,20260923,historical_pooled,0.075,cn7,967,13,73,10,63,3,891,0.136986301369863,0.7692307692307693,0.23255813953488372,0.9317476732161324,0.0660377358490566,0.863013698630137,0.32557672923748937,0.9654491211094984
cat_event_a0.5,20260923,historical_pooled,0.075,rg3,946,20,71,3,68,17,858,0.04225352112676056,0.15,0.06593406593406594,0.9101479915433404,0.0734341252699784,0.9577464788732394,0.02662059932025957,0.5016198704103672
cat_event_a0.5,20260923,batch_allocated,0.075,all,1913,33,144,14,130,19,1750,0.09722222222222222,0.42424242424242425,0.15819209039548024,0.9221118661787768,0.06914893617021277,0.9027777777777778,0.09097221047071845,0.7690602836879432
cat_event_a0.5,20260923,batch_allocated,0.075,cn7,967,13,73,11,62,2,892,0.1506849315068493,0.8461538461538461,0.2558139534883721,0.9338159255429163,0.0649895178197065,0.8493150684931506,0.32557672923748937,0.9654491211094984
cat_event_a0.5,20260923,batch_allocated,0.075,rg3,946,20,71,3,68,17,858,0.04225352112676056,0.15,0.06593406593406594,0.9101479915433404,0.0734341252699784,0.9577464788732394,0.02662059932025957,0.5016198704103672
cat_event_a0.5,20260923,historical_pooled,0.1,all,1913,33,192,15,177,18,1703,0.078125,0.45454545454545453,0.13333333333333333,0.8980658651332984,0.09414893617021276,0.921875,0.09097221047071845,0.7690602836879432
cat_event_a0.5,20260923,historical_pooled,0.1,cn7,967,13,97,12,85,1,869,0.12371134020618557,0.9230769230769231,0.21818181818181817,0.9110651499482937,0.08909853249475891,0.8762886597938144,0.32557672923748937,0.9654491211094984
cat_event_a0.5,20260923,historical_pooled,0.1,rg3,946,20,95,3,92,17,834,0.031578947368421054,0.15,0.05217391304347826,0.8847780126849895,0.09935205183585313,0.968421052631579,0.02662059932025957,0.5016198704103672
cat_event_a0.5,20260923,batch_allocated,0.1,all,1913,33,192,16,176,17,1704,0.08333333333333333,0.48484848484848486,0.14222222222222222,0.8991113434396236,0.09361702127659574,0.9166666666666666,0.09097221047071845,0.7690602836879432
cat_event_a0.5,20260923,batch_allocated,0.1,cn7,967,13,97,13,84,0,870,0.13402061855670103,1.0,0.23636363636363636,0.9131334022750776,0.0880503144654088,0.865979381443299,0.32557672923748937,0.9654491211094984
cat_event_a0.5,20260923,batch_allocated,0.1,rg3,946,20,95,3,92,17,834,0.031578947368421054,0.15,0.05217391304347826,0.8847780126849895,0.09935205183585313,0.968421052631579,0.02662059932025957,0.5016198704103672
nested_selected,20260923,historical_pooled,0.05,all,1913,33,97,10,87,23,1793,0.10309278350515463,0.30303030303030304,0.15384615384615385,0.9424986931521171,0.04627659574468085,0.8969072164948454,0.10435988400083585,0.7927707930367506
nested_selected,20260923,historical_pooled,0.05,cn7,967,13,49,9,40,4,914,0.1836734693877551,0.6923076923076923,0.2903225806451613,0.954498448810755,0.041928721174004195,0.8163265306122449,0.32557672923748937,0.9654491211094984
nested_selected,20260923,historical_pooled,0.05,rg3,946,20,48,1,47,19,879,0.020833333333333332,0.05,0.029411764705882353,0.9302325581395349,0.05075593952483801,0.9791666666666666,0.03013927565253017,0.5672786177105832
nested_selected,20260923,batch_allocated,0.05,all,1913,33,97,9,88,24,1792,0.09278350515463918,0.2727272727272727,0.13846153846153847,0.9414532148457919,0.04680851063829787,0.9072164948453608,0.10435988400083585,0.7927707930367506
nested_selected,20260923,batch_allocated,0.05,cn7,967,13,49,8,41,5,913,0.16326530612244897,0.6153846153846154,0.25806451612903225,0.9524301964839711,0.0429769392033543,0.8367346938775511,0.32557672923748937,0.9654491211094984
nested_selected,20260923,batch_allocated,0.05,rg3,946,20,48,1,47,19,879,0.020833333333333332,0.05,0.029411764705882353,0.9302325581395349,0.05075593952483801,0.9791666666666666,0.03013927565253017,0.5672786177105832
nested_selected,20260923,historical_pooled,0.075,all,1913,33,144,11,133,22,1747,0.0763888888888889,0.3333333333333333,0.12429378531073447,0.9189754312598014,0.07074468085106383,0.9236111111111112,0.10435988400083585,0.7927707930367506
nested_selected,20260923,historical_pooled,0.075,cn7,967,13,73,10,63,3,891,0.136986301369863,0.7692307692307693,0.23255813953488372,0.9317476732161324,0.0660377358490566,0.863013698630137,0.32557672923748937,0.9654491211094984
nested_selected,20260923,historical_pooled,0.075,rg3,946,20,71,1,70,19,856,0.014084507042253521,0.05,0.02197802197802198,0.9059196617336153,0.0755939524838013,0.9859154929577465,0.03013927565253017,0.5672786177105832
nested_selected,20260923,batch_allocated,0.075,all,1913,33,144,12,132,21,1748,0.08333333333333333,0.36363636363636365,0.13559322033898305,0.9200209095661265,0.07021276595744681,0.9166666666666666,0.10435988400083585,0.7927707930367506
nested_selected,20260923,batch_allocated,0.075,cn7,967,13,73,11,62,2,892,0.1506849315068493,0.8461538461538461,0.2558139534883721,0.9338159255429163,0.0649895178197065,0.8493150684931506,0.32557672923748937,0.9654491211094984
nested_selected,20260923,batch_allocated,0.075,rg3,946,20,71,1,70,19,856,0.014084507042253521,0.05,0.02197802197802198,0.9059196617336153,0.0755939524838013,0.9859154929577465,0.03013927565253017,0.5672786177105832
nested_selected,20260923,historical_pooled,0.1,all,1913,33,192,14,178,19,1702,0.07291666666666667,0.42424242424242425,0.12444444444444444,0.8970203868269734,0.09468085106382979,0.9270833333333334,0.10435988400083585,0.7927707930367506
nested_selected,20260923,historical_pooled,0.1,cn7,967,13,97,12,85,1,869,0.12371134020618557,0.9230769230769231,0.21818181818181817,0.9110651499482937,0.08909853249475891,0.8762886597938144,0.32557672923748937,0.9654491211094984
nested_selected,20260923,historical_pooled,0.1,rg3,946,20,95,2,93,18,833,0.021052631578947368,0.1,0.034782608695652174,0.8826638477801269,0.10043196544276457,0.9789473684210527,0.03013927565253017,0.5672786177105832
nested_selected,20260923,batch_allocated,0.1,all,1913,33,192,16,176,17,1704,0.08333333333333333,0.48484848484848486,0.14222222222222222,0.8991113434396236,0.09361702127659574,0.9166666666666666,0.10435988400083585,0.7927707930367506
nested_selected,20260923,batch_allocated,0.1,cn7,967,13,97,13,84,0,870,0.13402061855670103,1.0,0.23636363636363636,0.9131334022750776,0.0880503144654088,0.865979381443299,0.32557672923748937,0.9654491211094984
nested_selected,20260923,batch_allocated,0.1,rg3,946,20,95,3,92,17,834,0.031578947368421054,0.15,0.05217391304347826,0.8847780126849895,0.09935205183585313,0.968421052631579,0.03013927565253017,0.5672786177105832
pair_a1,20260924,historical_pooled,0.05,all,1913,33,97,10,87,23,1793,0.10309278350515463,0.30303030303030304,0.15384615384615385,0.9424986931521171,0.04627659574468085,0.8969072164948454,0.09757386069078959,0.7905464216634429
pair_a1,20260924,historical_pooled,0.05,cn7,967,13,49,9,40,4,914,0.1836734693877551,0.6923076923076923,0.2903225806451613,0.954498448810755,0.041928721174004195,0.8163265306122449,0.32557672923748937,0.9654491211094984
pair_a1,20260924,historical_pooled,0.05,rg3,946,20,48,1,47,19,879,0.020833333333333332,0.05,0.029411764705882353,0.9302325581395349,0.05075593952483801,0.9791666666666666,0.031426402093388386,0.5631749460043196
pair_a1,20260924,batch_allocated,0.05,all,1913,33,97,9,88,24,1792,0.09278350515463918,0.2727272727272727,0.13846153846153847,0.9414532148457919,0.04680851063829787,0.9072164948453608,0.09757386069078959,0.7905464216634429
pair_a1,20260924,batch_allocated,0.05,cn7,967,13,49,8,41,5,913,0.16326530612244897,0.6153846153846154,0.25806451612903225,0.9524301964839711,0.0429769392033543,0.8367346938775511,0.32557672923748937,0.9654491211094984
pair_a1,20260924,batch_allocated,0.05,rg3,946,20,48,1,47,19,879,0.020833333333333332,0.05,0.029411764705882353,0.9302325581395349,0.05075593952483801,0.9791666666666666,0.031426402093388386,0.5631749460043196
pair_a1,20260924,historical_pooled,0.075,all,1913,33,144,12,132,21,1748,0.08333333333333333,0.36363636363636365,0.13559322033898305,0.9200209095661265,0.07021276595744681,0.9166666666666666,0.09757386069078959,0.7905464216634429
pair_a1,20260924,historical_pooled,0.075,cn7,967,13,73,10,63,3,891,0.136986301369863,0.7692307692307693,0.23255813953488372,0.9317476732161324,0.0660377358490566,0.863013698630137,0.32557672923748937,0.9654491211094984
pair_a1,20260924,historical_pooled,0.075,rg3,946,20,71,2,69,18,857,0.028169014084507043,0.1,0.04395604395604396,0.9080338266384778,0.07451403887688984,0.971830985915493,0.031426402093388386,0.5631749460043196
pair_a1,20260924,batch_allocated,0.075,all,1913,33,144,13,131,20,1749,0.09027777777777778,0.3939393939393939,0.14689265536723164,0.9210663878724517,0.06968085106382979,0.9097222222222222,0.09757386069078959,0.7905464216634429
pair_a1,20260924,batch_allocated,0.075,cn7,967,13,73,11,62,2,892,0.1506849315068493,0.8461538461538461,0.2558139534883721,0.9338159255429163,0.0649895178197065,0.8493150684931506,0.32557672923748937,0.9654491211094984
pair_a1,20260924,batch_allocated,0.075,rg3,946,20,71,2,69,18,857,0.028169014084507043,0.1,0.04395604395604396,0.9080338266384778,0.07451403887688984,0.971830985915493,0.031426402093388386,0.5631749460043196
pair_a1,20260924,historical_pooled,0.1,all,1913,33,192,15,177,18,1703,0.078125,0.45454545454545453,0.13333333333333333,0.8980658651332984,0.09414893617021276,0.921875,0.09757386069078959,0.7905464216634429
pair_a1,20260924,historical_pooled,0.1,cn7,967,13,97,12,85,1,869,0.12371134020618557,0.9230769230769231,0.21818181818181817,0.9110651499482937,0.08909853249475891,0.8762886597938144,0.32557672923748937,0.9654491211094984
pair_a1,20260924,historical_pooled,0.1,rg3,946,20,95,3,92,17,834,0.031578947368421054,0.15,0.05217391304347826,0.8847780126849895,0.09935205183585313,0.968421052631579,0.031426402093388386,0.5631749460043196
pair_a1,20260924,batch_allocated,0.1,all,1913,33,192,17,175,16,1705,0.08854166666666667,0.5151515151515151,0.1511111111111111,0.9001568217459488,0.09308510638297872,0.9114583333333334,0.09757386069078959,0.7905464216634429
pair_a1,20260924,batch_allocated,0.1,cn7,967,13,97,13,84,0,870,0.13402061855670103,1.0,0.23636363636363636,0.9131334022750776,0.0880503144654088,0.865979381443299,0.32557672923748937,0.9654491211094984
pair_a1,20260924,batch_allocated,0.1,rg3,946,20,95,4,91,16,835,0.042105263157894736,0.2,0.06956521739130435,0.8868921775898521,0.09827213822894168,0.9578947368421052,0.031426402093388386,0.5631749460043196
pair_a0,20260924,historical_pooled,0.05,all,1913,33,97,9,88,24,1792,0.09278350515463918,0.2727272727272727,0.13846153846153847,0.9414532148457919,0.04680851063829787,0.9072164948453608,0.08678378215535479,0.771252417794971
pair_a0,20260924,historical_pooled,0.05,cn7,967,13,49,9,40,4,914,0.1836734693877551,0.6923076923076923,0.2903225806451613,0.954498448810755,0.041928721174004195,0.8163265306122449,0.32557672923748937,0.9654491211094984
pair_a0,20260924,historical_pooled,0.05,rg3,946,20,48,0,48,20,878,0.0,0.0,0.0,0.9281183932346723,0.05183585313174946,1.0,0.02394372213116745,0.5011879049676026
pair_a0,20260924,batch_allocated,0.05,all,1913,33,97,8,89,25,1791,0.08247422680412371,0.24242424242424243,0.12307692307692308,0.9404077365394669,0.04734042553191489,0.9175257731958762,0.08678378215535479,0.771252417794971
pair_a0,20260924,batch_allocated,0.05,cn7,967,13,49,8,41,5,913,0.16326530612244897,0.6153846153846154,0.25806451612903225,0.9524301964839711,0.0429769392033543,0.8367346938775511,0.32557672923748937,0.9654491211094984
pair_a0,20260924,batch_allocated,0.05,rg3,946,20,48,0,48,20,878,0.0,0.0,0.0,0.9281183932346723,0.05183585313174946,1.0,0.02394372213116745,0.5011879049676026
pair_a0,20260924,historical_pooled,0.075,all,1913,33,144,11,133,22,1747,0.0763888888888889,0.3333333333333333,0.12429378531073447,0.9189754312598014,0.07074468085106383,0.9236111111111112,0.08678378215535479,0.771252417794971
pair_a0,20260924,historical_pooled,0.075,cn7,967,13,73,10,63,3,891,0.136986301369863,0.7692307692307693,0.23255813953488372,0.9317476732161324,0.0660377358490566,0.863013698630137,0.32557672923748937,0.9654491211094984
pair_a0,20260924,historical_pooled,0.075,rg3,946,20,71,1,70,19,856,0.014084507042253521,0.05,0.02197802197802198,0.9059196617336153,0.0755939524838013,0.9859154929577465,0.02394372213116745,0.5011879049676026
pair_a0,20260924,batch_allocated,0.075,all,1913,33,144,11,133,22,1747,0.0763888888888889,0.3333333333333333,0.12429378531073447,0.9189754312598014,0.07074468085106383,0.9236111111111112,0.08678378215535479,0.771252417794971
pair_a0,20260924,batch_allocated,0.075,cn7,967,13,73,11,62,2,892,0.1506849315068493,0.8461538461538461,0.2558139534883721,0.9338159255429163,0.0649895178197065,0.8493150684931506,0.32557672923748937,0.9654491211094984
pair_a0,20260924,batch_allocated,0.075,rg3,946,20,71,0,71,20,855,0.0,0.0,0.0,0.9038054968287527,0.07667386609071274,1.0,0.02394372213116745,0.5011879049676026
pair_a0,20260924,historical_pooled,0.1,all,1913,33,192,14,178,19,1702,0.07291666666666667,0.42424242424242425,0.12444444444444444,0.8970203868269734,0.09468085106382979,0.9270833333333334,0.08678378215535479,0.771252417794971
pair_a0,20260924,historical_pooled,0.1,cn7,967,13,97,12,85,1,869,0.12371134020618557,0.9230769230769231,0.21818181818181817,0.9110651499482937,0.08909853249475891,0.8762886597938144,0.32557672923748937,0.9654491211094984
pair_a0,20260924,historical_pooled,0.1,rg3,946,20,95,2,93,18,833,0.021052631578947368,0.1,0.034782608695652174,0.8826638477801269,0.10043196544276457,0.9789473684210527,0.02394372213116745,0.5011879049676026
pair_a0,20260924,batch_allocated,0.1,all,1913,33,192,15,177,18,1703,0.078125,0.45454545454545453,0.13333333333333333,0.8980658651332984,0.09414893617021276,0.921875,0.08678378215535479,0.771252417794971
pair_a0,20260924,batch_allocated,0.1,cn7,967,13,97,13,84,0,870,0.13402061855670103,1.0,0.23636363636363636,0.9131334022750776,0.0880503144654088,0.865979381443299,0.32557672923748937,0.9654491211094984
pair_a0,20260924,batch_allocated,0.1,rg3,946,20,95,2,93,18,833,0.021052631578947368,0.1,0.034782608695652174,0.8826638477801269,0.10043196544276457,0.9789473684210527,0.02394372213116745,0.5011879049676026
pair_a0.25,20260924,historical_pooled,0.05,all,1913,33,97,10,87,23,1793,0.10309278350515463,0.30303030303030304,0.15384615384615385,0.9424986931521171,0.04627659574468085,0.8969072164948454,0.09350729961436392,0.7669003868471953
pair_a0.25,20260924,historical_pooled,0.05,cn7,967,13,49,9,40,4,914,0.1836734693877551,0.6923076923076923,0.2903225806451613,0.954498448810755,0.041928721174004195,0.8163265306122449,0.32557672923748937,0.9654491211094984
pair_a0.25,20260924,historical_pooled,0.05,rg3,946,20,48,1,47,19,879,0.020833333333333332,0.05,0.029411764705882353,0.9302325581395349,0.05075593952483801,0.9791666666666666,0.025623005686552847,0.48844492440604753
pair_a0.25,20260924,batch_allocated,0.05,all,1913,33,97,9,88,24,1792,0.09278350515463918,0.2727272727272727,0.13846153846153847,0.9414532148457919,0.04680851063829787,0.9072164948453608,0.09350729961436392,0.7669003868471953
pair_a0.25,20260924,batch_allocated,0.05,cn7,967,13,49,8,41,5,913,0.16326530612244897,0.6153846153846154,0.25806451612903225,0.9524301964839711,0.0429769392033543,0.8367346938775511,0.32557672923748937,0.9654491211094984
pair_a0.25,20260924,batch_allocated,0.05,rg3,946,20,48,1,47,19,879,0.020833333333333332,0.05,0.029411764705882353,0.9302325581395349,0.05075593952483801,0.9791666666666666,0.025623005686552847,0.48844492440604753
pair_a0.25,20260924,historical_pooled,0.075,all,1913,33,144,12,132,21,1748,0.08333333333333333,0.36363636363636365,0.13559322033898305,0.9200209095661265,0.07021276595744681,0.9166666666666666,0.09350729961436392,0.7669003868471953
pair_a0.25,20260924,historical_pooled,0.075,cn7,967,13,73,10,63,3,891,0.136986301369863,0.7692307692307693,0.23255813953488372,0.9317476732161324,0.0660377358490566,0.863013698630137,0.32557672923748937,0.9654491211094984
pair_a0.25,20260924,historical_pooled,0.075,rg3,946,20,71,2,69,18,857,0.028169014084507043,0.1,0.04395604395604396,0.9080338266384778,0.07451403887688984,0.971830985915493,0.025623005686552847,0.48844492440604753
pair_a0.25,20260924,batch_allocated,0.075,all,1913,33,144,13,131,20,1749,0.09027777777777778,0.3939393939393939,0.14689265536723164,0.9210663878724517,0.06968085106382979,0.9097222222222222,0.09350729961436392,0.7669003868471953
pair_a0.25,20260924,batch_allocated,0.075,cn7,967,13,73,11,62,2,892,0.1506849315068493,0.8461538461538461,0.2558139534883721,0.9338159255429163,0.0649895178197065,0.8493150684931506,0.32557672923748937,0.9654491211094984
pair_a0.25,20260924,batch_allocated,0.075,rg3,946,20,71,2,69,18,857,0.028169014084507043,0.1,0.04395604395604396,0.9080338266384778,0.07451403887688984,0.971830985915493,0.025623005686552847,0.48844492440604753
pair_a0.25,20260924,historical_pooled,0.1,all,1913,33,192,15,177,18,1703,0.078125,0.45454545454545453,0.13333333333333333,0.8980658651332984,0.09414893617021276,0.921875,0.09350729961436392,0.7669003868471953
pair_a0.25,20260924,historical_pooled,0.1,cn7,967,13,97,12,85,1,869,0.12371134020618557,0.9230769230769231,0.21818181818181817,0.9110651499482937,0.08909853249475891,0.8762886597938144,0.32557672923748937,0.9654491211094984
pair_a0.25,20260924,historical_pooled,0.1,rg3,946,20,95,3,92,17,834,0.031578947368421054,0.15,0.05217391304347826,0.8847780126849895,0.09935205183585313,0.968421052631579,0.025623005686552847,0.48844492440604753
pair_a0.25,20260924,batch_allocated,0.1,all,1913,33,192,16,176,17,1704,0.08333333333333333,0.48484848484848486,0.14222222222222222,0.8991113434396236,0.09361702127659574,0.9166666666666666,0.09350729961436392,0.7669003868471953
pair_a0.25,20260924,batch_allocated,0.1,cn7,967,13,97,13,84,0,870,0.13402061855670103,1.0,0.23636363636363636,0.9131334022750776,0.0880503144654088,0.865979381443299,0.32557672923748937,0.9654491211094984
pair_a0.25,20260924,batch_allocated,0.1,rg3,946,20,95,3,92,17,834,0.031578947368421054,0.15,0.05217391304347826,0.8847780126849895,0.09935205183585313,0.968421052631579,0.025623005686552847,0.48844492440604753
pair_a0.5,20260924,historical_pooled,0.05,all,1913,33,97,10,87,23,1793,0.10309278350515463,0.30303030303030304,0.15384615384615385,0.9424986931521171,0.04627659574468085,0.8969072164948454,0.10008834446324769,0.7789893617021277
pair_a0.5,20260924,historical_pooled,0.05,cn7,967,13,49,9,40,4,914,0.1836734693877551,0.6923076923076923,0.2903225806451613,0.954498448810755,0.041928721174004195,0.8163265306122449,0.32557672923748937,0.9654491211094984
pair_a0.5,20260924,historical_pooled,0.05,rg3,946,20,48,1,47,19,879,0.020833333333333332,0.05,0.029411764705882353,0.9302325581395349,0.05075593952483801,0.9791666666666666,0.0288191902155212,0.5257019438444925
pair_a0.5,20260924,batch_allocated,0.05,all,1913,33,97,9,88,24,1792,0.09278350515463918,0.2727272727272727,0.13846153846153847,0.9414532148457919,0.04680851063829787,0.9072164948453608,0.10008834446324769,0.7789893617021277
pair_a0.5,20260924,batch_allocated,0.05,cn7,967,13,49,8,41,5,913,0.16326530612244897,0.6153846153846154,0.25806451612903225,0.9524301964839711,0.0429769392033543,0.8367346938775511,0.32557672923748937,0.9654491211094984
pair_a0.5,20260924,batch_allocated,0.05,rg3,946,20,48,1,47,19,879,0.020833333333333332,0.05,0.029411764705882353,0.9302325581395349,0.05075593952483801,0.9791666666666666,0.0288191902155212,0.5257019438444925
pair_a0.5,20260924,historical_pooled,0.075,all,1913,33,144,13,131,20,1749,0.09027777777777778,0.3939393939393939,0.14689265536723164,0.9210663878724517,0.06968085106382979,0.9097222222222222,0.10008834446324769,0.7789893617021277
pair_a0.5,20260924,historical_pooled,0.075,cn7,967,13,73,10,63,3,891,0.136986301369863,0.7692307692307693,0.23255813953488372,0.9317476732161324,0.0660377358490566,0.863013698630137,0.32557672923748937,0.9654491211094984
pair_a0.5,20260924,historical_pooled,0.075,rg3,946,20,71,3,68,17,858,0.04225352112676056,0.15,0.06593406593406594,0.9101479915433404,0.0734341252699784,0.9577464788732394,0.0288191902155212,0.5257019438444925
pair_a0.5,20260924,batch_allocated,0.075,all,1913,33,144,13,131,20,1749,0.09027777777777778,0.3939393939393939,0.14689265536723164,0.9210663878724517,0.06968085106382979,0.9097222222222222,0.10008834446324769,0.7789893617021277
pair_a0.5,20260924,batch_allocated,0.075,cn7,967,13,73,11,62,2,892,0.1506849315068493,0.8461538461538461,0.2558139534883721,0.9338159255429163,0.0649895178197065,0.8493150684931506,0.32557672923748937,0.9654491211094984
pair_a0.5,20260924,batch_allocated,0.075,rg3,946,20,71,2,69,18,857,0.028169014084507043,0.1,0.04395604395604396,0.9080338266384778,0.07451403887688984,0.971830985915493,0.0288191902155212,0.5257019438444925
pair_a0.5,20260924,historical_pooled,0.1,all,1913,33,192,16,176,17,1704,0.08333333333333333,0.48484848484848486,0.14222222222222222,0.8991113434396236,0.09361702127659574,0.9166666666666666,0.10008834446324769,0.7789893617021277
pair_a0.5,20260924,historical_pooled,0.1,cn7,967,13,97,12,85,1,869,0.12371134020618557,0.9230769230769231,0.21818181818181817,0.9110651499482937,0.08909853249475891,0.8762886597938144,0.32557672923748937,0.9654491211094984
pair_a0.5,20260924,historical_pooled,0.1,rg3,946,20,95,4,91,16,835,0.042105263157894736,0.2,0.06956521739130435,0.8868921775898521,0.09827213822894168,0.9578947368421052,0.0288191902155212,0.5257019438444925
pair_a0.5,20260924,batch_allocated,0.1,all,1913,33,192,16,176,17,1704,0.08333333333333333,0.48484848484848486,0.14222222222222222,0.8991113434396236,0.09361702127659574,0.9166666666666666,0.10008834446324769,0.7789893617021277
pair_a0.5,20260924,batch_allocated,0.1,cn7,967,13,97,13,84,0,870,0.13402061855670103,1.0,0.23636363636363636,0.9131334022750776,0.0880503144654088,0.865979381443299,0.32557672923748937,0.9654491211094984
pair_a0.5,20260924,batch_allocated,0.1,rg3,946,20,95,3,92,17,834,0.031578947368421054,0.15,0.05217391304347826,0.8847780126849895,0.09935205183585313,0.968421052631579,0.0288191902155212,0.5257019438444925
rank_pairwise,20260924,historical_pooled,0.05,all,1913,33,97,10,87,23,1793,0.10309278350515463,0.30303030303030304,0.15384615384615385,0.9424986931521171,0.04627659574468085,0.8969072164948454,0.10249381920638244,0.7999274661508704
rank_pairwise,20260924,historical_pooled,0.05,cn7,967,13,49,9,40,4,914,0.1836734693877551,0.6923076923076923,0.2903225806451613,0.954498448810755,0.041928721174004195,0.8163265306122449,0.32557672923748937,0.9654491211094984
rank_pairwise,20260924,historical_pooled,0.05,rg3,946,20,48,1,47,19,879,0.020833333333333332,0.05,0.029411764705882353,0.9302325581395349,0.05075593952483801,0.9791666666666666,0.035284417004496874,0.5890928725701944
rank_pairwise,20260924,batch_allocated,0.05,all,1913,33,97,9,88,24,1792,0.09278350515463918,0.2727272727272727,0.13846153846153847,0.9414532148457919,0.04680851063829787,0.9072164948453608,0.10249381920638244,0.7999274661508704
rank_pairwise,20260924,batch_allocated,0.05,cn7,967,13,49,8,41,5,913,0.16326530612244897,0.6153846153846154,0.25806451612903225,0.9524301964839711,0.0429769392033543,0.8367346938775511,0.32557672923748937,0.9654491211094984
rank_pairwise,20260924,batch_allocated,0.05,rg3,946,20,48,1,47,19,879,0.020833333333333332,0.05,0.029411764705882353,0.9302325581395349,0.05075593952483801,0.9791666666666666,0.035284417004496874,0.5890928725701944
rank_pairwise,20260924,historical_pooled,0.075,all,1913,33,144,12,132,21,1748,0.08333333333333333,0.36363636363636365,0.13559322033898305,0.9200209095661265,0.07021276595744681,0.9166666666666666,0.10249381920638244,0.7999274661508704
rank_pairwise,20260924,historical_pooled,0.075,cn7,967,13,73,10,63,3,891,0.136986301369863,0.7692307692307693,0.23255813953488372,0.9317476732161324,0.0660377358490566,0.863013698630137,0.32557672923748937,0.9654491211094984
rank_pairwise,20260924,historical_pooled,0.075,rg3,946,20,71,2,69,18,857,0.028169014084507043,0.1,0.04395604395604396,0.9080338266384778,0.07451403887688984,0.971830985915493,0.035284417004496874,0.5890928725701944
rank_pairwise,20260924,batch_allocated,0.075,all,1913,33,144,14,130,19,1750,0.09722222222222222,0.42424242424242425,0.15819209039548024,0.9221118661787768,0.06914893617021277,0.9027777777777778,0.10249381920638244,0.7999274661508704
rank_pairwise,20260924,batch_allocated,0.075,cn7,967,13,73,11,62,2,892,0.1506849315068493,0.8461538461538461,0.2558139534883721,0.9338159255429163,0.0649895178197065,0.8493150684931506,0.32557672923748937,0.9654491211094984
rank_pairwise,20260924,batch_allocated,0.075,rg3,946,20,71,3,68,17,858,0.04225352112676056,0.15,0.06593406593406594,0.9101479915433404,0.0734341252699784,0.9577464788732394,0.035284417004496874,0.5890928725701944
rank_pairwise,20260924,historical_pooled,0.1,all,1913,33,192,16,176,17,1704,0.08333333333333333,0.48484848484848486,0.14222222222222222,0.8991113434396236,0.09361702127659574,0.9166666666666666,0.10249381920638244,0.7999274661508704
rank_pairwise,20260924,historical_pooled,0.1,cn7,967,13,97,12,85,1,869,0.12371134020618557,0.9230769230769231,0.21818181818181817,0.9110651499482937,0.08909853249475891,0.8762886597938144,0.32557672923748937,0.9654491211094984
rank_pairwise,20260924,historical_pooled,0.1,rg3,946,20,95,4,91,16,835,0.042105263157894736,0.2,0.06956521739130435,0.8868921775898521,0.09827213822894168,0.9578947368421052,0.035284417004496874,0.5890928725701944
rank_pairwise,20260924,batch_allocated,0.1,all,1913,33,192,17,175,16,1705,0.08854166666666667,0.5151515151515151,0.1511111111111111,0.9001568217459488,0.09308510638297872,0.9114583333333334,0.10249381920638244,0.7999274661508704
rank_pairwise,20260924,batch_allocated,0.1,cn7,967,13,97,13,84,0,870,0.13402061855670103,1.0,0.23636363636363636,0.9131334022750776,0.0880503144654088,0.865979381443299,0.32557672923748937,0.9654491211094984
rank_pairwise,20260924,batch_allocated,0.1,rg3,946,20,95,4,91,16,835,0.042105263157894736,0.2,0.06956521739130435,0.8868921775898521,0.09827213822894168,0.9578947368421052,0.035284417004496874,0.5890928725701944
rank_ndcg,20260924,historical_pooled,0.05,all,1913,33,97,9,88,24,1792,0.09278350515463918,0.2727272727272727,0.13846153846153847,0.9414532148457919,0.04680851063829787,0.9072164948453608,0.08244019407425246,0.7529738878143134
rank_ndcg,20260924,historical_pooled,0.05,cn7,967,13,49,9,40,4,914,0.1836734693877551,0.6923076923076923,0.2903225806451613,0.954498448810755,0.041928721174004195,0.8163265306122449,0.32557672923748937,0.9654491211094984
rank_ndcg,20260924,historical_pooled,0.05,rg3,946,20,48,0,48,20,878,0.0,0.0,0.0,0.9281183932346723,0.05183585313174946,1.0,0.020495525255931832,0.45145788336933046
rank_ndcg,20260924,batch_allocated,0.05,all,1913,33,97,8,89,25,1791,0.08247422680412371,0.24242424242424243,0.12307692307692308,0.9404077365394669,0.04734042553191489,0.9175257731958762,0.08244019407425246,0.7529738878143134
rank_ndcg,20260924,batch_allocated,0.05,cn7,967,13,49,8,41,5,913,0.16326530612244897,0.6153846153846154,0.25806451612903225,0.9524301964839711,0.0429769392033543,0.8367346938775511,0.32557672923748937,0.9654491211094984
rank_ndcg,20260924,batch_allocated,0.05,rg3,946,20,48,0,48,20,878,0.0,0.0,0.0,0.9281183932346723,0.05183585313174946,1.0,0.020495525255931832,0.45145788336933046
rank_ndcg,20260924,historical_pooled,0.075,all,1913,33,144,11,133,22,1747,0.0763888888888889,0.3333333333333333,0.12429378531073447,0.9189754312598014,0.07074468085106383,0.9236111111111112,0.08244019407425246,0.7529738878143134
rank_ndcg,20260924,historical_pooled,0.075,cn7,967,13,73,10,63,3,891,0.136986301369863,0.7692307692307693,0.23255813953488372,0.9317476732161324,0.0660377358490566,0.863013698630137,0.32557672923748937,0.9654491211094984
rank_ndcg,20260924,historical_pooled,0.075,rg3,946,20,71,1,70,19,856,0.014084507042253521,0.05,0.02197802197802198,0.9059196617336153,0.0755939524838013,0.9859154929577465,0.020495525255931832,0.45145788336933046
rank_ndcg,20260924,batch_allocated,0.075,all,1913,33,144,12,132,21,1748,0.08333333333333333,0.36363636363636365,0.13559322033898305,0.9200209095661265,0.07021276595744681,0.9166666666666666,0.08244019407425246,0.7529738878143134
rank_ndcg,20260924,batch_allocated,0.075,cn7,967,13,73,11,62,2,892,0.1506849315068493,0.8461538461538461,0.2558139534883721,0.9338159255429163,0.0649895178197065,0.8493150684931506,0.32557672923748937,0.9654491211094984
rank_ndcg,20260924,batch_allocated,0.075,rg3,946,20,71,1,70,19,856,0.014084507042253521,0.05,0.02197802197802198,0.9059196617336153,0.0755939524838013,0.9859154929577465,0.020495525255931832,0.45145788336933046
rank_ndcg,20260924,historical_pooled,0.1,all,1913,33,192,14,178,19,1702,0.07291666666666667,0.42424242424242425,0.12444444444444444,0.8970203868269734,0.09468085106382979,0.9270833333333334,0.08244019407425246,0.7529738878143134
rank_ndcg,20260924,historical_pooled,0.1,cn7,967,13,97,12,85,1,869,0.12371134020618557,0.9230769230769231,0.21818181818181817,0.9110651499482937,0.08909853249475891,0.8762886597938144,0.32557672923748937,0.9654491211094984
rank_ndcg,20260924,historical_pooled,0.1,rg3,946,20,95,2,93,18,833,0.021052631578947368,0.1,0.034782608695652174,0.8826638477801269,0.10043196544276457,0.9789473684210527,0.020495525255931832,0.45145788336933046
rank_ndcg,20260924,batch_allocated,0.1,all,1913,33,192,15,177,18,1703,0.078125,0.45454545454545453,0.13333333333333333,0.8980658651332984,0.09414893617021276,0.921875,0.08244019407425246,0.7529738878143134
rank_ndcg,20260924,batch_allocated,0.1,cn7,967,13,97,13,84,0,870,0.13402061855670103,1.0,0.23636363636363636,0.9131334022750776,0.0880503144654088,0.865979381443299,0.32557672923748937,0.9654491211094984
rank_ndcg,20260924,batch_allocated,0.1,rg3,946,20,95,2,93,18,833,0.021052631578947368,0.1,0.034782608695652174,0.8826638477801269,0.10043196544276457,0.9789473684210527,0.020495525255931832,0.45145788336933046
mix_pairwise,20260924,historical_pooled,0.05,all,1913,33,97,10,87,23,1793,0.10309278350515463,0.30303030303030304,0.15384615384615385,0.9424986931521171,0.04627659574468085,0.8969072164948454,0.12020509297517176,0.7958494519664733
mix_pairwise,20260924,historical_pooled,0.05,cn7,967,13,49,9,40,4,914,0.1836734693877551,0.6923076923076923,0.2903225806451613,0.954498448810755,0.041928721174004195,0.8163265306122449,0.32557672923748937,0.9654491211094984
mix_pairwise,20260924,historical_pooled,0.05,rg3,946,20,48,1,47,19,879,0.020833333333333332,0.05,0.029411764705882353,0.9302325581395349,0.05075593952483801,0.9791666666666666,0.037713433153650514,0.5760259179265659
mix_pairwise,20260924,batch_allocated,0.05,all,1913,33,97,9,88,24,1792,0.09278350515463918,0.2727272727272727,0.13846153846153847,0.9414532148457919,0.04680851063829787,0.9072164948453608,0.12020509297517176,0.7958494519664733
mix_pairwise,20260924,batch_allocated,0.05,cn7,967,13,49,8,41,5,913,0.16326530612244897,0.6153846153846154,0.25806451612903225,0.9524301964839711,0.0429769392033543,0.8367346938775511,0.32557672923748937,0.9654491211094984
mix_pairwise,20260924,batch_allocated,0.05,rg3,946,20,48,1,47,19,879,0.020833333333333332,0.05,0.029411764705882353,0.9302325581395349,0.05075593952483801,0.9791666666666666,0.037713433153650514,0.5760259179265659
mix_pairwise,20260924,historical_pooled,0.075,all,1913,33,144,12,132,21,1748,0.08333333333333333,0.36363636363636365,0.13559322033898305,0.9200209095661265,0.07021276595744681,0.9166666666666666,0.12020509297517176,0.7958494519664733
mix_pairwise,20260924,historical_pooled,0.075,cn7,967,13,73,10,63,3,891,0.136986301369863,0.7692307692307693,0.23255813953488372,0.9317476732161324,0.0660377358490566,0.863013698630137,0.32557672923748937,0.9654491211094984
mix_pairwise,20260924,historical_pooled,0.075,rg3,946,20,71,2,69,18,857,0.028169014084507043,0.1,0.04395604395604396,0.9080338266384778,0.07451403887688984,0.971830985915493,0.037713433153650514,0.5760259179265659
mix_pairwise,20260924,batch_allocated,0.075,all,1913,33,144,13,131,20,1749,0.09027777777777778,0.3939393939393939,0.14689265536723164,0.9210663878724517,0.06968085106382979,0.9097222222222222,0.12020509297517176,0.7958494519664733
mix_pairwise,20260924,batch_allocated,0.075,cn7,967,13,73,11,62,2,892,0.1506849315068493,0.8461538461538461,0.2558139534883721,0.9338159255429163,0.0649895178197065,0.8493150684931506,0.32557672923748937,0.9654491211094984
mix_pairwise,20260924,batch_allocated,0.075,rg3,946,20,71,2,69,18,857,0.028169014084507043,0.1,0.04395604395604396,0.9080338266384778,0.07451403887688984,0.971830985915493,0.037713433153650514,0.5760259179265659
mix_pairwise,20260924,historical_pooled,0.1,all,1913,33,192,16,176,17,1704,0.08333333333333333,0.48484848484848486,0.14222222222222222,0.8991113434396236,0.09361702127659574,0.9166666666666666,0.12020509297517176,0.7958494519664733
mix_pairwise,20260924,historical_pooled,0.1,cn7,967,13,97,12,85,1,869,0.12371134020618557,0.9230769230769231,0.21818181818181817,0.9110651499482937,0.08909853249475891,0.8762886597938144,0.32557672923748937,0.9654491211094984
mix_pairwise,20260924,historical_pooled,0.1,rg3,946,20,95,4,91,16,835,0.042105263157894736,0.2,0.06956521739130435,0.8868921775898521,0.09827213822894168,0.9578947368421052,0.037713433153650514,0.5760259179265659
mix_pairwise,20260924,batch_allocated,0.1,all,1913,33,192,18,174,15,1706,0.09375,0.5454545454545454,0.16,0.9012023000522739,0.0925531914893617,0.90625,0.12020509297517176,0.7958494519664733
mix_pairwise,20260924,batch_allocated,0.1,cn7,967,13,97,13,84,0,870,0.13402061855670103,1.0,0.23636363636363636,0.9131334022750776,0.0880503144654088,0.865979381443299,0.32557672923748937,0.9654491211094984
mix_pairwise,20260924,batch_allocated,0.1,rg3,946,20,95,5,90,15,836,0.05263157894736842,0.25,0.08695652173913043,0.8890063424947146,0.09719222462203024,0.9473684210526315,0.037713433153650514,0.5760259179265659
mix_ndcg,20260924,historical_pooled,0.05,all,1913,33,97,11,86,22,1794,0.1134020618556701,0.3333333333333333,0.16923076923076924,0.9435441714584423,0.045744680851063826,0.8865979381443299,0.12251905015708599,0.7738152804642167
mix_ndcg,20260924,historical_pooled,0.05,cn7,967,13,49,9,40,4,914,0.1836734693877551,0.6923076923076923,0.2903225806451613,0.954498448810755,0.041928721174004195,0.8163265306122449,0.32557672923748937,0.9654491211094984
mix_ndcg,20260924,historical_pooled,0.05,rg3,946,20,48,2,46,18,880,0.041666666666666664,0.1,0.058823529411764705,0.9323467230443975,0.04967602591792657,0.9583333333333334,0.028260633927844447,0.5018358531317495
mix_ndcg,20260924,batch_allocated,0.05,all,1913,33,97,11,86,22,1794,0.1134020618556701,0.3333333333333333,0.16923076923076924,0.9435441714584423,0.045744680851063826,0.8865979381443299,0.12251905015708599,0.7738152804642167
mix_ndcg,20260924,batch_allocated,0.05,cn7,967,13,49,8,41,5,913,0.16326530612244897,0.6153846153846154,0.25806451612903225,0.9524301964839711,0.0429769392033543,0.8367346938775511,0.32557672923748937,0.9654491211094984
mix_ndcg,20260924,batch_allocated,0.05,rg3,946,20,48,3,45,17,881,0.0625,0.15,0.08823529411764706,0.9344608879492601,0.04859611231101512,0.9375,0.028260633927844447,0.5018358531317495
mix_ndcg,20260924,historical_pooled,0.075,all,1913,33,144,13,131,20,1749,0.09027777777777778,0.3939393939393939,0.14689265536723164,0.9210663878724517,0.06968085106382979,0.9097222222222222,0.12251905015708599,0.7738152804642167
mix_ndcg,20260924,historical_pooled,0.075,cn7,967,13,73,10,63,3,891,0.136986301369863,0.7692307692307693,0.23255813953488372,0.9317476732161324,0.0660377358490566,0.863013698630137,0.32557672923748937,0.9654491211094984
mix_ndcg,20260924,historical_pooled,0.075,rg3,946,20,71,3,68,17,858,0.04225352112676056,0.15,0.06593406593406594,0.9101479915433404,0.0734341252699784,0.9577464788732394,0.028260633927844447,0.5018358531317495
mix_ndcg,20260924,batch_allocated,0.075,all,1913,33,144,14,130,19,1750,0.09722222222222222,0.42424242424242425,0.15819209039548024,0.9221118661787768,0.06914893617021277,0.9027777777777778,0.12251905015708599,0.7738152804642167
mix_ndcg,20260924,batch_allocated,0.075,cn7,967,13,73,11,62,2,892,0.1506849315068493,0.8461538461538461,0.2558139534883721,0.9338159255429163,0.0649895178197065,0.8493150684931506,0.32557672923748937,0.9654491211094984
mix_ndcg,20260924,batch_allocated,0.075,rg3,946,20,71,3,68,17,858,0.04225352112676056,0.15,0.06593406593406594,0.9101479915433404,0.0734341252699784,0.9577464788732394,0.028260633927844447,0.5018358531317495
mix_ndcg,20260924,historical_pooled,0.1,all,1913,33,192,16,176,17,1704,0.08333333333333333,0.48484848484848486,0.14222222222222222,0.8991113434396236,0.09361702127659574,0.9166666666666666,0.12251905015708599,0.7738152804642167
mix_ndcg,20260924,historical_pooled,0.1,cn7,967,13,97,12,85,1,869,0.12371134020618557,0.9230769230769231,0.21818181818181817,0.9110651499482937,0.08909853249475891,0.8762886597938144,0.32557672923748937,0.9654491211094984
mix_ndcg,20260924,historical_pooled,0.1,rg3,946,20,95,4,91,16,835,0.042105263157894736,0.2,0.06956521739130435,0.8868921775898521,0.09827213822894168,0.9578947368421052,0.028260633927844447,0.5018358531317495
mix_ndcg,20260924,batch_allocated,0.1,all,1913,33,192,17,175,16,1705,0.08854166666666667,0.5151515151515151,0.1511111111111111,0.9001568217459488,0.09308510638297872,0.9114583333333334,0.12251905015708599,0.7738152804642167
mix_ndcg,20260924,batch_allocated,0.1,cn7,967,13,97,13,84,0,870,0.13402061855670103,1.0,0.23636363636363636,0.9131334022750776,0.0880503144654088,0.865979381443299,0.32557672923748937,0.9654491211094984
mix_ndcg,20260924,batch_allocated,0.1,rg3,946,20,95,4,91,16,835,0.042105263157894736,0.2,0.06956521739130435,0.8868921775898521,0.09827213822894168,0.9578947368421052,0.028260633927844447,0.5018358531317495
cat_row_a1,20260924,historical_pooled,0.05,all,1913,33,97,12,85,21,1795,0.12371134020618557,0.36363636363636365,0.18461538461538463,0.9445896497647673,0.04521276595744681,0.8762886597938144,0.1018974330272707,0.7895954223081882
cat_row_a1,20260924,historical_pooled,0.05,cn7,967,13,49,9,40,4,914,0.1836734693877551,0.6923076923076923,0.2903225806451613,0.954498448810755,0.041928721174004195,0.8163265306122449,0.32557672923748937,0.9654491211094984
cat_row_a1,20260924,historical_pooled,0.05,rg3,946,20,48,3,45,17,881,0.0625,0.15,0.08823529411764706,0.9344608879492601,0.04859611231101512,0.9375,0.037580558416734605,0.5620950323974081
cat_row_a1,20260924,batch_allocated,0.05,all,1913,33,97,11,86,22,1794,0.1134020618556701,0.3333333333333333,0.16923076923076924,0.9435441714584423,0.045744680851063826,0.8865979381443299,0.1018974330272707,0.7895954223081882
cat_row_a1,20260924,batch_allocated,0.05,cn7,967,13,49,8,41,5,913,0.16326530612244897,0.6153846153846154,0.25806451612903225,0.9524301964839711,0.0429769392033543,0.8367346938775511,0.32557672923748937,0.9654491211094984
cat_row_a1,20260924,batch_allocated,0.05,rg3,946,20,48,3,45,17,881,0.0625,0.15,0.08823529411764706,0.9344608879492601,0.04859611231101512,0.9375,0.037580558416734605,0.5620950323974081
cat_row_a1,20260924,historical_pooled,0.075,all,1913,33,144,13,131,20,1749,0.09027777777777778,0.3939393939393939,0.14689265536723164,0.9210663878724517,0.06968085106382979,0.9097222222222222,0.1018974330272707,0.7895954223081882
cat_row_a1,20260924,historical_pooled,0.075,cn7,967,13,73,10,63,3,891,0.136986301369863,0.7692307692307693,0.23255813953488372,0.9317476732161324,0.0660377358490566,0.863013698630137,0.32557672923748937,0.9654491211094984
cat_row_a1,20260924,historical_pooled,0.075,rg3,946,20,71,3,68,17,858,0.04225352112676056,0.15,0.06593406593406594,0.9101479915433404,0.0734341252699784,0.9577464788732394,0.037580558416734605,0.5620950323974081
cat_row_a1,20260924,batch_allocated,0.075,all,1913,33,144,14,130,19,1750,0.09722222222222222,0.42424242424242425,0.15819209039548024,0.9221118661787768,0.06914893617021277,0.9027777777777778,0.1018974330272707,0.7895954223081882
cat_row_a1,20260924,batch_allocated,0.075,cn7,967,13,73,11,62,2,892,0.1506849315068493,0.8461538461538461,0.2558139534883721,0.9338159255429163,0.0649895178197065,0.8493150684931506,0.32557672923748937,0.9654491211094984
cat_row_a1,20260924,batch_allocated,0.075,rg3,946,20,71,3,68,17,858,0.04225352112676056,0.15,0.06593406593406594,0.9101479915433404,0.0734341252699784,0.9577464788732394,0.037580558416734605,0.5620950323974081
cat_row_a1,20260924,historical_pooled,0.1,all,1913,33,192,16,176,17,1704,0.08333333333333333,0.48484848484848486,0.14222222222222222,0.8991113434396236,0.09361702127659574,0.9166666666666666,0.1018974330272707,0.7895954223081882
cat_row_a1,20260924,historical_pooled,0.1,cn7,967,13,97,12,85,1,869,0.12371134020618557,0.9230769230769231,0.21818181818181817,0.9110651499482937,0.08909853249475891,0.8762886597938144,0.32557672923748937,0.9654491211094984
cat_row_a1,20260924,historical_pooled,0.1,rg3,946,20,95,4,91,16,835,0.042105263157894736,0.2,0.06956521739130435,0.8868921775898521,0.09827213822894168,0.9578947368421052,0.037580558416734605,0.5620950323974081
cat_row_a1,20260924,batch_allocated,0.1,all,1913,33,192,17,175,16,1705,0.08854166666666667,0.5151515151515151,0.1511111111111111,0.9001568217459488,0.09308510638297872,0.9114583333333334,0.1018974330272707,0.7895954223081882
cat_row_a1,20260924,batch_allocated,0.1,cn7,967,13,97,13,84,0,870,0.13402061855670103,1.0,0.23636363636363636,0.9131334022750776,0.0880503144654088,0.865979381443299,0.32557672923748937,0.9654491211094984
cat_row_a1,20260924,batch_allocated,0.1,rg3,946,20,95,4,91,16,835,0.042105263157894736,0.2,0.06956521739130435,0.8868921775898521,0.09827213822894168,0.9578947368421052,0.037580558416734605,0.5620950323974081
cat_event_a1,20260924,historical_pooled,0.05,all,1913,33,97,10,87,23,1793,0.10309278350515463,0.30303030303030304,0.15384615384615385,0.9424986931521171,0.04627659574468085,0.8969072164948454,0.09272832403754058,0.7871937459703418
cat_event_a1,20260924,historical_pooled,0.05,cn7,967,13,49,9,40,4,914,0.1836734693877551,0.6923076923076923,0.2903225806451613,0.954498448810755,0.041928721174004195,0.8163265306122449,0.32557672923748937,0.9654491211094984
cat_event_a1,20260924,historical_pooled,0.05,rg3,946,20,48,1,47,19,879,0.020833333333333332,0.05,0.029411764705882353,0.9302325581395349,0.05075593952483801,0.9791666666666666,0.028442006937015967,0.5566954643628509
cat_event_a1,20260924,batch_allocated,0.05,all,1913,33,97,9,88,24,1792,0.09278350515463918,0.2727272727272727,0.13846153846153847,0.9414532148457919,0.04680851063829787,0.9072164948453608,0.09272832403754058,0.7871937459703418
cat_event_a1,20260924,batch_allocated,0.05,cn7,967,13,49,8,41,5,913,0.16326530612244897,0.6153846153846154,0.25806451612903225,0.9524301964839711,0.0429769392033543,0.8367346938775511,0.32557672923748937,0.9654491211094984
cat_event_a1,20260924,batch_allocated,0.05,rg3,946,20,48,1,47,19,879,0.020833333333333332,0.05,0.029411764705882353,0.9302325581395349,0.05075593952483801,0.9791666666666666,0.028442006937015967,0.5566954643628509
cat_event_a1,20260924,historical_pooled,0.075,all,1913,33,144,11,133,22,1747,0.0763888888888889,0.3333333333333333,0.12429378531073447,0.9189754312598014,0.07074468085106383,0.9236111111111112,0.09272832403754058,0.7871937459703418
cat_event_a1,20260924,historical_pooled,0.075,cn7,967,13,73,10,63,3,891,0.136986301369863,0.7692307692307693,0.23255813953488372,0.9317476732161324,0.0660377358490566,0.863013698630137,0.32557672923748937,0.9654491211094984
cat_event_a1,20260924,historical_pooled,0.075,rg3,946,20,71,1,70,19,856,0.014084507042253521,0.05,0.02197802197802198,0.9059196617336153,0.0755939524838013,0.9859154929577465,0.028442006937015967,0.5566954643628509
cat_event_a1,20260924,batch_allocated,0.075,all,1913,33,144,13,131,20,1749,0.09027777777777778,0.3939393939393939,0.14689265536723164,0.9210663878724517,0.06968085106382979,0.9097222222222222,0.09272832403754058,0.7871937459703418
cat_event_a1,20260924,batch_allocated,0.075,cn7,967,13,73,11,62,2,892,0.1506849315068493,0.8461538461538461,0.2558139534883721,0.9338159255429163,0.0649895178197065,0.8493150684931506,0.32557672923748937,0.9654491211094984
cat_event_a1,20260924,batch_allocated,0.075,rg3,946,20,71,2,69,18,857,0.028169014084507043,0.1,0.04395604395604396,0.9080338266384778,0.07451403887688984,0.971830985915493,0.028442006937015967,0.5566954643628509
cat_event_a1,20260924,historical_pooled,0.1,all,1913,33,192,14,178,19,1702,0.07291666666666667,0.42424242424242425,0.12444444444444444,0.8970203868269734,0.09468085106382979,0.9270833333333334,0.09272832403754058,0.7871937459703418
cat_event_a1,20260924,historical_pooled,0.1,cn7,967,13,97,12,85,1,869,0.12371134020618557,0.9230769230769231,0.21818181818181817,0.9110651499482937,0.08909853249475891,0.8762886597938144,0.32557672923748937,0.9654491211094984
cat_event_a1,20260924,historical_pooled,0.1,rg3,946,20,95,2,93,18,833,0.021052631578947368,0.1,0.034782608695652174,0.8826638477801269,0.10043196544276457,0.9789473684210527,0.028442006937015967,0.5566954643628509
cat_event_a1,20260924,batch_allocated,0.1,all,1913,33,192,16,176,17,1704,0.08333333333333333,0.48484848484848486,0.14222222222222222,0.8991113434396236,0.09361702127659574,0.9166666666666666,0.09272832403754058,0.7871937459703418
cat_event_a1,20260924,batch_allocated,0.1,cn7,967,13,97,13,84,0,870,0.13402061855670103,1.0,0.23636363636363636,0.9131334022750776,0.0880503144654088,0.865979381443299,0.32557672923748937,0.9654491211094984
cat_event_a1,20260924,batch_allocated,0.1,rg3,946,20,95,3,92,17,834,0.031578947368421054,0.15,0.05217391304347826,0.8847780126849895,0.09935205183585313,0.968421052631579,0.028442006937015967,0.5566954643628509
cat_row_a0,20260924,historical_pooled,0.05,all,1913,33,97,9,88,24,1792,0.09278350515463918,0.2727272727272727,0.13846153846153847,0.9414532148457919,0.04680851063829787,0.9072164948453608,0.0881877989428593,0.7779094132817537
cat_row_a0,20260924,historical_pooled,0.05,cn7,967,13,49,9,40,4,914,0.1836734693877551,0.6923076923076923,0.2903225806451613,0.954498448810755,0.041928721174004195,0.8163265306122449,0.32557672923748937,0.9654491211094984
cat_row_a0,20260924,historical_pooled,0.05,rg3,946,20,48,0,48,20,878,0.0,0.0,0.0,0.9281183932346723,0.05183585313174946,1.0,0.02528683425954733,0.5232181425485961
cat_row_a0,20260924,batch_allocated,0.05,all,1913,33,97,8,89,25,1791,0.08247422680412371,0.24242424242424243,0.12307692307692308,0.9404077365394669,0.04734042553191489,0.9175257731958762,0.0881877989428593,0.7779094132817537
cat_row_a0,20260924,batch_allocated,0.05,cn7,967,13,49,8,41,5,913,0.16326530612244897,0.6153846153846154,0.25806451612903225,0.9524301964839711,0.0429769392033543,0.8367346938775511,0.32557672923748937,0.9654491211094984
cat_row_a0,20260924,batch_allocated,0.05,rg3,946,20,48,0,48,20,878,0.0,0.0,0.0,0.9281183932346723,0.05183585313174946,1.0,0.02528683425954733,0.5232181425485961
cat_row_a0,20260924,historical_pooled,0.075,all,1913,33,144,11,133,22,1747,0.0763888888888889,0.3333333333333333,0.12429378531073447,0.9189754312598014,0.07074468085106383,0.9236111111111112,0.0881877989428593,0.7779094132817537
cat_row_a0,20260924,historical_pooled,0.075,cn7,967,13,73,10,63,3,891,0.136986301369863,0.7692307692307693,0.23255813953488372,0.9317476732161324,0.0660377358490566,0.863013698630137,0.32557672923748937,0.9654491211094984
cat_row_a0,20260924,historical_pooled,0.075,rg3,946,20,71,1,70,19,856,0.014084507042253521,0.05,0.02197802197802198,0.9059196617336153,0.0755939524838013,0.9859154929577465,0.02528683425954733,0.5232181425485961
cat_row_a0,20260924,batch_allocated,0.075,all,1913,33,144,12,132,21,1748,0.08333333333333333,0.36363636363636365,0.13559322033898305,0.9200209095661265,0.07021276595744681,0.9166666666666666,0.0881877989428593,0.7779094132817537
cat_row_a0,20260924,batch_allocated,0.075,cn7,967,13,73,11,62,2,892,0.1506849315068493,0.8461538461538461,0.2558139534883721,0.9338159255429163,0.0649895178197065,0.8493150684931506,0.32557672923748937,0.9654491211094984
cat_row_a0,20260924,batch_allocated,0.075,rg3,946,20,71,1,70,19,856,0.014084507042253521,0.05,0.02197802197802198,0.9059196617336153,0.0755939524838013,0.9859154929577465,0.02528683425954733,0.5232181425485961
cat_row_a0,20260924,historical_pooled,0.1,all,1913,33,192,15,177,18,1703,0.078125,0.45454545454545453,0.13333333333333333,0.8980658651332984,0.09414893617021276,0.921875,0.0881877989428593,0.7779094132817537
cat_row_a0,20260924,historical_pooled,0.1,cn7,967,13,97,12,85,1,869,0.12371134020618557,0.9230769230769231,0.21818181818181817,0.9110651499482937,0.08909853249475891,0.8762886597938144,0.32557672923748937,0.9654491211094984
cat_row_a0,20260924,historical_pooled,0.1,rg3,946,20,95,3,92,17,834,0.031578947368421054,0.15,0.05217391304347826,0.8847780126849895,0.09935205183585313,0.968421052631579,0.02528683425954733,0.5232181425485961
cat_row_a0,20260924,batch_allocated,0.1,all,1913,33,192,16,176,17,1704,0.08333333333333333,0.48484848484848486,0.14222222222222222,0.8991113434396236,0.09361702127659574,0.9166666666666666,0.0881877989428593,0.7779094132817537
cat_row_a0,20260924,batch_allocated,0.1,cn7,967,13,97,13,84,0,870,0.13402061855670103,1.0,0.23636363636363636,0.9131334022750776,0.0880503144654088,0.865979381443299,0.32557672923748937,0.9654491211094984
cat_row_a0,20260924,batch_allocated,0.1,rg3,946,20,95,3,92,17,834,0.031578947368421054,0.15,0.05217391304347826,0.8847780126849895,0.09935205183585313,0.968421052631579,0.02528683425954733,0.5232181425485961
cat_event_a0,20260924,historical_pooled,0.05,all,1913,33,97,9,88,24,1792,0.09278350515463918,0.2727272727272727,0.13846153846153847,0.9414532148457919,0.04680851063829787,0.9072164948453608,0.08309502684194175,0.762145390070922
cat_event_a0,20260924,historical_pooled,0.05,cn7,967,13,49,9,40,4,914,0.1836734693877551,0.6923076923076923,0.2903225806451613,0.954498448810755,0.041928721174004195,0.8163265306122449,0.32557672923748937,0.9654491211094984
cat_event_a0,20260924,historical_pooled,0.05,rg3,946,20,48,0,48,20,878,0.0,0.0,0.0,0.9281183932346723,0.05183585313174946,1.0,0.021211230680242357,0.4778617710583154
cat_event_a0,20260924,batch_allocated,0.05,all,1913,33,97,8,89,25,1791,0.08247422680412371,0.24242424242424243,0.12307692307692308,0.9404077365394669,0.04734042553191489,0.9175257731958762,0.08309502684194175,0.762145390070922
cat_event_a0,20260924,batch_allocated,0.05,cn7,967,13,49,8,41,5,913,0.16326530612244897,0.6153846153846154,0.25806451612903225,0.9524301964839711,0.0429769392033543,0.8367346938775511,0.32557672923748937,0.9654491211094984
cat_event_a0,20260924,batch_allocated,0.05,rg3,946,20,48,0,48,20,878,0.0,0.0,0.0,0.9281183932346723,0.05183585313174946,1.0,0.021211230680242357,0.4778617710583154
cat_event_a0,20260924,historical_pooled,0.075,all,1913,33,144,11,133,22,1747,0.0763888888888889,0.3333333333333333,0.12429378531073447,0.9189754312598014,0.07074468085106383,0.9236111111111112,0.08309502684194175,0.762145390070922
cat_event_a0,20260924,historical_pooled,0.075,cn7,967,13,73,10,63,3,891,0.136986301369863,0.7692307692307693,0.23255813953488372,0.9317476732161324,0.0660377358490566,0.863013698630137,0.32557672923748937,0.9654491211094984
cat_event_a0,20260924,historical_pooled,0.075,rg3,946,20,71,1,70,19,856,0.014084507042253521,0.05,0.02197802197802198,0.9059196617336153,0.0755939524838013,0.9859154929577465,0.021211230680242357,0.4778617710583154
cat_event_a0,20260924,batch_allocated,0.075,all,1913,33,144,12,132,21,1748,0.08333333333333333,0.36363636363636365,0.13559322033898305,0.9200209095661265,0.07021276595744681,0.9166666666666666,0.08309502684194175,0.762145390070922
cat_event_a0,20260924,batch_allocated,0.075,cn7,967,13,73,11,62,2,892,0.1506849315068493,0.8461538461538461,0.2558139534883721,0.9338159255429163,0.0649895178197065,0.8493150684931506,0.32557672923748937,0.9654491211094984
cat_event_a0,20260924,batch_allocated,0.075,rg3,946,20,71,1,70,19,856,0.014084507042253521,0.05,0.02197802197802198,0.9059196617336153,0.0755939524838013,0.9859154929577465,0.021211230680242357,0.4778617710583154
cat_event_a0,20260924,historical_pooled,0.1,all,1913,33,192,13,179,20,1701,0.06770833333333333,0.3939393939393939,0.11555555555555555,0.8959749085206482,0.09521276595744681,0.9322916666666666,0.08309502684194175,0.762145390070922
cat_event_a0,20260924,historical_pooled,0.1,cn7,967,13,97,12,85,1,869,0.12371134020618557,0.9230769230769231,0.21818181818181817,0.9110651499482937,0.08909853249475891,0.8762886597938144,0.32557672923748937,0.9654491211094984
cat_event_a0,20260924,historical_pooled,0.1,rg3,946,20,95,1,94,19,832,0.010526315789473684,0.05,0.017391304347826087,0.8805496828752643,0.10151187904967603,0.9894736842105263,0.021211230680242357,0.4778617710583154
cat_event_a0,20260924,batch_allocated,0.1,all,1913,33,192,14,178,19,1702,0.07291666666666667,0.42424242424242425,0.12444444444444444,0.8970203868269734,0.09468085106382979,0.9270833333333334,0.08309502684194175,0.762145390070922
cat_event_a0,20260924,batch_allocated,0.1,cn7,967,13,97,13,84,0,870,0.13402061855670103,1.0,0.23636363636363636,0.9131334022750776,0.0880503144654088,0.865979381443299,0.32557672923748937,0.9654491211094984
cat_event_a0,20260924,batch_allocated,0.1,rg3,946,20,95,1,94,19,832,0.010526315789473684,0.05,0.017391304347826087,0.8805496828752643,0.10151187904967603,0.9894736842105263,0.021211230680242357,0.4778617710583154
cat_row_a0.25,20260924,historical_pooled,0.05,all,1913,33,97,10,87,23,1793,0.10309278350515463,0.30303030303030304,0.15384615384615385,0.9424986931521171,0.04627659574468085,0.8969072164948454,0.09414411458781359,0.7749435847840104
cat_row_a0.25,20260924,historical_pooled,0.05,cn7,967,13,49,9,40,4,914,0.1836734693877551,0.6923076923076923,0.2903225806451613,0.954498448810755,0.041928721174004195,0.8163265306122449,0.32557672923748937,0.9654491211094984
cat_row_a0.25,20260924,historical_pooled,0.05,rg3,946,20,48,1,47,19,879,0.020833333333333332,0.05,0.029411764705882353,0.9302325581395349,0.05075593952483801,0.9791666666666666,0.029064892149478203,0.5161987041036717
cat_row_a0.25,20260924,batch_allocated,0.05,all,1913,33,97,9,88,24,1792,0.09278350515463918,0.2727272727272727,0.13846153846153847,0.9414532148457919,0.04680851063829787,0.9072164948453608,0.09414411458781359,0.7749435847840104
cat_row_a0.25,20260924,batch_allocated,0.05,cn7,967,13,49,8,41,5,913,0.16326530612244897,0.6153846153846154,0.25806451612903225,0.9524301964839711,0.0429769392033543,0.8367346938775511,0.32557672923748937,0.9654491211094984
cat_row_a0.25,20260924,batch_allocated,0.05,rg3,946,20,48,1,47,19,879,0.020833333333333332,0.05,0.029411764705882353,0.9302325581395349,0.05075593952483801,0.9791666666666666,0.029064892149478203,0.5161987041036717
cat_row_a0.25,20260924,historical_pooled,0.075,all,1913,33,144,12,132,21,1748,0.08333333333333333,0.36363636363636365,0.13559322033898305,0.9200209095661265,0.07021276595744681,0.9166666666666666,0.09414411458781359,0.7749435847840104
cat_row_a0.25,20260924,historical_pooled,0.075,cn7,967,13,73,10,63,3,891,0.136986301369863,0.7692307692307693,0.23255813953488372,0.9317476732161324,0.0660377358490566,0.863013698630137,0.32557672923748937,0.9654491211094984
cat_row_a0.25,20260924,historical_pooled,0.075,rg3,946,20,71,2,69,18,857,0.028169014084507043,0.1,0.04395604395604396,0.9080338266384778,0.07451403887688984,0.971830985915493,0.029064892149478203,0.5161987041036717
cat_row_a0.25,20260924,batch_allocated,0.075,all,1913,33,144,13,131,20,1749,0.09027777777777778,0.3939393939393939,0.14689265536723164,0.9210663878724517,0.06968085106382979,0.9097222222222222,0.09414411458781359,0.7749435847840104
cat_row_a0.25,20260924,batch_allocated,0.075,cn7,967,13,73,11,62,2,892,0.1506849315068493,0.8461538461538461,0.2558139534883721,0.9338159255429163,0.0649895178197065,0.8493150684931506,0.32557672923748937,0.9654491211094984
cat_row_a0.25,20260924,batch_allocated,0.075,rg3,946,20,71,2,69,18,857,0.028169014084507043,0.1,0.04395604395604396,0.9080338266384778,0.07451403887688984,0.971830985915493,0.029064892149478203,0.5161987041036717
cat_row_a0.25,20260924,historical_pooled,0.1,all,1913,33,192,15,177,18,1703,0.078125,0.45454545454545453,0.13333333333333333,0.8980658651332984,0.09414893617021276,0.921875,0.09414411458781359,0.7749435847840104
cat_row_a0.25,20260924,historical_pooled,0.1,cn7,967,13,97,12,85,1,869,0.12371134020618557,0.9230769230769231,0.21818181818181817,0.9110651499482937,0.08909853249475891,0.8762886597938144,0.32557672923748937,0.9654491211094984
cat_row_a0.25,20260924,historical_pooled,0.1,rg3,946,20,95,3,92,17,834,0.031578947368421054,0.15,0.05217391304347826,0.8847780126849895,0.09935205183585313,0.968421052631579,0.029064892149478203,0.5161987041036717
cat_row_a0.25,20260924,batch_allocated,0.1,all,1913,33,192,16,176,17,1704,0.08333333333333333,0.48484848484848486,0.14222222222222222,0.8991113434396236,0.09361702127659574,0.9166666666666666,0.09414411458781359,0.7749435847840104
cat_row_a0.25,20260924,batch_allocated,0.1,cn7,967,13,97,13,84,0,870,0.13402061855670103,1.0,0.23636363636363636,0.9131334022750776,0.0880503144654088,0.865979381443299,0.32557672923748937,0.9654491211094984
cat_row_a0.25,20260924,batch_allocated,0.1,rg3,946,20,95,3,92,17,834,0.031578947368421054,0.15,0.05217391304347826,0.8847780126849895,0.09935205183585313,0.968421052631579,0.029064892149478203,0.5161987041036717
cat_event_a0.25,20260924,historical_pooled,0.05,all,1913,33,97,10,87,23,1793,0.10309278350515463,0.30303030303030304,0.15384615384615385,0.9424986931521171,0.04627659574468085,0.8969072164948454,0.0879257077097155,0.7584219858156028
cat_event_a0.25,20260924,historical_pooled,0.05,cn7,967,13,49,9,40,4,914,0.1836734693877551,0.6923076923076923,0.2903225806451613,0.954498448810755,0.041928721174004195,0.8163265306122449,0.32557672923748937,0.9654491211094984
cat_event_a0.25,20260924,historical_pooled,0.05,rg3,946,20,48,1,47,19,879,0.020833333333333332,0.05,0.029411764705882353,0.9302325581395349,0.05075593952483801,0.9791666666666666,0.02347231553017016,0.4643628509719222
cat_event_a0.25,20260924,batch_allocated,0.05,all,1913,33,97,9,88,24,1792,0.09278350515463918,0.2727272727272727,0.13846153846153847,0.9414532148457919,0.04680851063829787,0.9072164948453608,0.0879257077097155,0.7584219858156028
cat_event_a0.25,20260924,batch_allocated,0.05,cn7,967,13,49,8,41,5,913,0.16326530612244897,0.6153846153846154,0.25806451612903225,0.9524301964839711,0.0429769392033543,0.8367346938775511,0.32557672923748937,0.9654491211094984
cat_event_a0.25,20260924,batch_allocated,0.05,rg3,946,20,48,1,47,19,879,0.020833333333333332,0.05,0.029411764705882353,0.9302325581395349,0.05075593952483801,0.9791666666666666,0.02347231553017016,0.4643628509719222
cat_event_a0.25,20260924,historical_pooled,0.075,all,1913,33,144,11,133,22,1747,0.0763888888888889,0.3333333333333333,0.12429378531073447,0.9189754312598014,0.07074468085106383,0.9236111111111112,0.0879257077097155,0.7584219858156028
cat_event_a0.25,20260924,historical_pooled,0.075,cn7,967,13,73,10,63,3,891,0.136986301369863,0.7692307692307693,0.23255813953488372,0.9317476732161324,0.0660377358490566,0.863013698630137,0.32557672923748937,0.9654491211094984
cat_event_a0.25,20260924,historical_pooled,0.075,rg3,946,20,71,1,70,19,856,0.014084507042253521,0.05,0.02197802197802198,0.9059196617336153,0.0755939524838013,0.9859154929577465,0.02347231553017016,0.4643628509719222
cat_event_a0.25,20260924,batch_allocated,0.075,all,1913,33,144,12,132,21,1748,0.08333333333333333,0.36363636363636365,0.13559322033898305,0.9200209095661265,0.07021276595744681,0.9166666666666666,0.0879257077097155,0.7584219858156028
cat_event_a0.25,20260924,batch_allocated,0.075,cn7,967,13,73,11,62,2,892,0.1506849315068493,0.8461538461538461,0.2558139534883721,0.9338159255429163,0.0649895178197065,0.8493150684931506,0.32557672923748937,0.9654491211094984
cat_event_a0.25,20260924,batch_allocated,0.075,rg3,946,20,71,1,70,19,856,0.014084507042253521,0.05,0.02197802197802198,0.9059196617336153,0.0755939524838013,0.9859154929577465,0.02347231553017016,0.4643628509719222
cat_event_a0.25,20260924,historical_pooled,0.1,all,1913,33,192,15,177,18,1703,0.078125,0.45454545454545453,0.13333333333333333,0.8980658651332984,0.09414893617021276,0.921875,0.0879257077097155,0.7584219858156028
cat_event_a0.25,20260924,historical_pooled,0.1,cn7,967,13,97,12,85,1,869,0.12371134020618557,0.9230769230769231,0.21818181818181817,0.9110651499482937,0.08909853249475891,0.8762886597938144,0.32557672923748937,0.9654491211094984
cat_event_a0.25,20260924,historical_pooled,0.1,rg3,946,20,95,3,92,17,834,0.031578947368421054,0.15,0.05217391304347826,0.8847780126849895,0.09935205183585313,0.968421052631579,0.02347231553017016,0.4643628509719222
cat_event_a0.25,20260924,batch_allocated,0.1,all,1913,33,192,16,176,17,1704,0.08333333333333333,0.48484848484848486,0.14222222222222222,0.8991113434396236,0.09361702127659574,0.9166666666666666,0.0879257077097155,0.7584219858156028
cat_event_a0.25,20260924,batch_allocated,0.1,cn7,967,13,97,13,84,0,870,0.13402061855670103,1.0,0.23636363636363636,0.9131334022750776,0.0880503144654088,0.865979381443299,0.32557672923748937,0.9654491211094984
cat_event_a0.25,20260924,batch_allocated,0.1,rg3,946,20,95,3,92,17,834,0.031578947368421054,0.15,0.05217391304347826,0.8847780126849895,0.09935205183585313,0.968421052631579,0.02347231553017016,0.4643628509719222
cat_row_a0.5,20260924,historical_pooled,0.05,all,1913,33,97,10,87,23,1793,0.10309278350515463,0.30303030303030304,0.15384615384615385,0.9424986931521171,0.04627659574468085,0.8969072164948454,0.09662921958132496,0.7776353965183753
cat_row_a0.5,20260924,historical_pooled,0.05,cn7,967,13,49,9,40,4,914,0.1836734693877551,0.6923076923076923,0.2903225806451613,0.954498448810755,0.041928721174004195,0.8163265306122449,0.32557672923748937,0.9654491211094984
cat_row_a0.5,20260924,historical_pooled,0.05,rg3,946,20,48,1,47,19,879,0.020833333333333332,0.05,0.029411764705882353,0.9302325581395349,0.05075593952483801,0.9791666666666666,0.030883315764059345,0.525377969762419
cat_row_a0.5,20260924,batch_allocated,0.05,all,1913,33,97,10,87,23,1793,0.10309278350515463,0.30303030303030304,0.15384615384615385,0.9424986931521171,0.04627659574468085,0.8969072164948454,0.09662921958132496,0.7776353965183753
cat_row_a0.5,20260924,batch_allocated,0.05,cn7,967,13,49,8,41,5,913,0.16326530612244897,0.6153846153846154,0.25806451612903225,0.9524301964839711,0.0429769392033543,0.8367346938775511,0.32557672923748937,0.9654491211094984
cat_row_a0.5,20260924,batch_allocated,0.05,rg3,946,20,48,2,46,18,880,0.041666666666666664,0.1,0.058823529411764705,0.9323467230443975,0.04967602591792657,0.9583333333333334,0.030883315764059345,0.525377969762419
cat_row_a0.5,20260924,historical_pooled,0.075,all,1913,33,144,14,130,19,1750,0.09722222222222222,0.42424242424242425,0.15819209039548024,0.9221118661787768,0.06914893617021277,0.9027777777777778,0.09662921958132496,0.7776353965183753
cat_row_a0.5,20260924,historical_pooled,0.075,cn7,967,13,73,10,63,3,891,0.136986301369863,0.7692307692307693,0.23255813953488372,0.9317476732161324,0.0660377358490566,0.863013698630137,0.32557672923748937,0.9654491211094984
cat_row_a0.5,20260924,historical_pooled,0.075,rg3,946,20,71,4,67,16,859,0.056338028169014086,0.2,0.08791208791208792,0.912262156448203,0.07235421166306695,0.9436619718309859,0.030883315764059345,0.525377969762419
cat_row_a0.5,20260924,batch_allocated,0.075,all,1913,33,144,15,129,18,1751,0.10416666666666667,0.45454545454545453,0.1694915254237288,0.9231573444851019,0.06861702127659575,0.8958333333333334,0.09662921958132496,0.7776353965183753
cat_row_a0.5,20260924,batch_allocated,0.075,cn7,967,13,73,11,62,2,892,0.1506849315068493,0.8461538461538461,0.2558139534883721,0.9338159255429163,0.0649895178197065,0.8493150684931506,0.32557672923748937,0.9654491211094984
cat_row_a0.5,20260924,batch_allocated,0.075,rg3,946,20,71,4,67,16,859,0.056338028169014086,0.2,0.08791208791208792,0.912262156448203,0.07235421166306695,0.9436619718309859,0.030883315764059345,0.525377969762419
cat_row_a0.5,20260924,historical_pooled,0.1,all,1913,33,192,17,175,16,1705,0.08854166666666667,0.5151515151515151,0.1511111111111111,0.9001568217459488,0.09308510638297872,0.9114583333333334,0.09662921958132496,0.7776353965183753
cat_row_a0.5,20260924,historical_pooled,0.1,cn7,967,13,97,12,85,1,869,0.12371134020618557,0.9230769230769231,0.21818181818181817,0.9110651499482937,0.08909853249475891,0.8762886597938144,0.32557672923748937,0.9654491211094984
cat_row_a0.5,20260924,historical_pooled,0.1,rg3,946,20,95,5,90,15,836,0.05263157894736842,0.25,0.08695652173913043,0.8890063424947146,0.09719222462203024,0.9473684210526315,0.030883315764059345,0.525377969762419
cat_row_a0.5,20260924,batch_allocated,0.1,all,1913,33,192,18,174,15,1706,0.09375,0.5454545454545454,0.16,0.9012023000522739,0.0925531914893617,0.90625,0.09662921958132496,0.7776353965183753
cat_row_a0.5,20260924,batch_allocated,0.1,cn7,967,13,97,13,84,0,870,0.13402061855670103,1.0,0.23636363636363636,0.9131334022750776,0.0880503144654088,0.865979381443299,0.32557672923748937,0.9654491211094984
cat_row_a0.5,20260924,batch_allocated,0.1,rg3,946,20,95,5,90,15,836,0.05263157894736842,0.25,0.08695652173913043,0.8890063424947146,0.09719222462203024,0.9473684210526315,0.030883315764059345,0.525377969762419
cat_event_a0.5,20260924,historical_pooled,0.05,all,1913,33,97,10,87,23,1793,0.10309278350515463,0.30303030303030304,0.15384615384615385,0.9424986931521171,0.04627659574468085,0.8969072164948454,0.09107912216444726,0.7778932946486138
cat_event_a0.5,20260924,historical_pooled,0.05,cn7,967,13,49,9,40,4,914,0.1836734693877551,0.6923076923076923,0.2903225806451613,0.954498448810755,0.041928721174004195,0.8163265306122449,0.32557672923748937,0.9654491211094984
cat_event_a0.5,20260924,historical_pooled,0.05,rg3,946,20,48,1,47,19,879,0.020833333333333332,0.05,0.029411764705882353,0.9302325581395349,0.05075593952483801,0.9791666666666666,0.02680795474126809,0.525377969762419
cat_event_a0.5,20260924,batch_allocated,0.05,all,1913,33,97,9,88,24,1792,0.09278350515463918,0.2727272727272727,0.13846153846153847,0.9414532148457919,0.04680851063829787,0.9072164948453608,0.09107912216444726,0.7778932946486138
cat_event_a0.5,20260924,batch_allocated,0.05,cn7,967,13,49,8,41,5,913,0.16326530612244897,0.6153846153846154,0.25806451612903225,0.9524301964839711,0.0429769392033543,0.8367346938775511,0.32557672923748937,0.9654491211094984
cat_event_a0.5,20260924,batch_allocated,0.05,rg3,946,20,48,1,47,19,879,0.020833333333333332,0.05,0.029411764705882353,0.9302325581395349,0.05075593952483801,0.9791666666666666,0.02680795474126809,0.525377969762419
cat_event_a0.5,20260924,historical_pooled,0.075,all,1913,33,144,12,132,21,1748,0.08333333333333333,0.36363636363636365,0.13559322033898305,0.9200209095661265,0.07021276595744681,0.9166666666666666,0.09107912216444726,0.7778932946486138
cat_event_a0.5,20260924,historical_pooled,0.075,cn7,967,13,73,10,63,3,891,0.136986301369863,0.7692307692307693,0.23255813953488372,0.9317476732161324,0.0660377358490566,0.863013698630137,0.32557672923748937,0.9654491211094984
cat_event_a0.5,20260924,historical_pooled,0.075,rg3,946,20,71,2,69,18,857,0.028169014084507043,0.1,0.04395604395604396,0.9080338266384778,0.07451403887688984,0.971830985915493,0.02680795474126809,0.525377969762419
cat_event_a0.5,20260924,batch_allocated,0.075,all,1913,33,144,13,131,20,1749,0.09027777777777778,0.3939393939393939,0.14689265536723164,0.9210663878724517,0.06968085106382979,0.9097222222222222,0.09107912216444726,0.7778932946486138
cat_event_a0.5,20260924,batch_allocated,0.075,cn7,967,13,73,11,62,2,892,0.1506849315068493,0.8461538461538461,0.2558139534883721,0.9338159255429163,0.0649895178197065,0.8493150684931506,0.32557672923748937,0.9654491211094984
cat_event_a0.5,20260924,batch_allocated,0.075,rg3,946,20,71,2,69,18,857,0.028169014084507043,0.1,0.04395604395604396,0.9080338266384778,0.07451403887688984,0.971830985915493,0.02680795474126809,0.525377969762419
cat_event_a0.5,20260924,historical_pooled,0.1,all,1913,33,192,15,177,18,1703,0.078125,0.45454545454545453,0.13333333333333333,0.8980658651332984,0.09414893617021276,0.921875,0.09107912216444726,0.7778932946486138
cat_event_a0.5,20260924,historical_pooled,0.1,cn7,967,13,97,12,85,1,869,0.12371134020618557,0.9230769230769231,0.21818181818181817,0.9110651499482937,0.08909853249475891,0.8762886597938144,0.32557672923748937,0.9654491211094984
cat_event_a0.5,20260924,historical_pooled,0.1,rg3,946,20,95,3,92,17,834,0.031578947368421054,0.15,0.05217391304347826,0.8847780126849895,0.09935205183585313,0.968421052631579,0.02680795474126809,0.525377969762419
cat_event_a0.5,20260924,batch_allocated,0.1,all,1913,33,192,16,176,17,1704,0.08333333333333333,0.48484848484848486,0.14222222222222222,0.8991113434396236,0.09361702127659574,0.9166666666666666,0.09107912216444726,0.7778932946486138
cat_event_a0.5,20260924,batch_allocated,0.1,cn7,967,13,97,13,84,0,870,0.13402061855670103,1.0,0.23636363636363636,0.9131334022750776,0.0880503144654088,0.865979381443299,0.32557672923748937,0.9654491211094984
cat_event_a0.5,20260924,batch_allocated,0.1,rg3,946,20,95,3,92,17,834,0.031578947368421054,0.15,0.05217391304347826,0.8847780126849895,0.09935205183585313,0.968421052631579,0.02680795474126809,0.525377969762419
nested_selected,20260924,historical_pooled,0.05,all,1913,33,97,10,87,23,1793,0.10309278350515463,0.30303030303030304,0.15384615384615385,0.9424986931521171,0.04627659574468085,0.8969072164948454,0.09737072127329656,0.7850822050290135
nested_selected,20260924,historical_pooled,0.05,cn7,967,13,49,9,40,4,914,0.1836734693877551,0.6923076923076923,0.2903225806451613,0.954498448810755,0.041928721174004195,0.8163265306122449,0.32557672923748937,0.9654491211094984
nested_selected,20260924,historical_pooled,0.05,rg3,946,20,48,1,47,19,879,0.020833333333333332,0.05,0.029411764705882353,0.9302325581395349,0.05075593952483801,0.9791666666666666,0.029736954609451784,0.5445464362850972
nested_selected,20260924,batch_allocated,0.05,all,1913,33,97,9,88,24,1792,0.09278350515463918,0.2727272727272727,0.13846153846153847,0.9414532148457919,0.04680851063829787,0.9072164948453608,0.09737072127329656,0.7850822050290135
nested_selected,20260924,batch_allocated,0.05,cn7,967,13,49,8,41,5,913,0.16326530612244897,0.6153846153846154,0.25806451612903225,0.9524301964839711,0.0429769392033543,0.8367346938775511,0.32557672923748937,0.9654491211094984
nested_selected,20260924,batch_allocated,0.05,rg3,946,20,48,1,47,19,879,0.020833333333333332,0.05,0.029411764705882353,0.9302325581395349,0.05075593952483801,0.9791666666666666,0.029736954609451784,0.5445464362850972
nested_selected,20260924,historical_pooled,0.075,all,1913,33,144,11,133,22,1747,0.0763888888888889,0.3333333333333333,0.12429378531073447,0.9189754312598014,0.07074468085106383,0.9236111111111112,0.09737072127329656,0.7850822050290135
nested_selected,20260924,historical_pooled,0.075,cn7,967,13,73,10,63,3,891,0.136986301369863,0.7692307692307693,0.23255813953488372,0.9317476732161324,0.0660377358490566,0.863013698630137,0.32557672923748937,0.9654491211094984
nested_selected,20260924,historical_pooled,0.075,rg3,946,20,71,1,70,19,856,0.014084507042253521,0.05,0.02197802197802198,0.9059196617336153,0.0755939524838013,0.9859154929577465,0.029736954609451784,0.5445464362850972
nested_selected,20260924,batch_allocated,0.075,all,1913,33,144,12,132,21,1748,0.08333333333333333,0.36363636363636365,0.13559322033898305,0.9200209095661265,0.07021276595744681,0.9166666666666666,0.09737072127329656,0.7850822050290135
nested_selected,20260924,batch_allocated,0.075,cn7,967,13,73,11,62,2,892,0.1506849315068493,0.8461538461538461,0.2558139534883721,0.9338159255429163,0.0649895178197065,0.8493150684931506,0.32557672923748937,0.9654491211094984
nested_selected,20260924,batch_allocated,0.075,rg3,946,20,71,1,70,19,856,0.014084507042253521,0.05,0.02197802197802198,0.9059196617336153,0.0755939524838013,0.9859154929577465,0.029736954609451784,0.5445464362850972
nested_selected,20260924,historical_pooled,0.1,all,1913,33,192,14,178,19,1702,0.07291666666666667,0.42424242424242425,0.12444444444444444,0.8970203868269734,0.09468085106382979,0.9270833333333334,0.09737072127329656,0.7850822050290135
nested_selected,20260924,historical_pooled,0.1,cn7,967,13,97,12,85,1,869,0.12371134020618557,0.9230769230769231,0.21818181818181817,0.9110651499482937,0.08909853249475891,0.8762886597938144,0.32557672923748937,0.9654491211094984
nested_selected,20260924,historical_pooled,0.1,rg3,946,20,95,2,93,18,833,0.021052631578947368,0.1,0.034782608695652174,0.8826638477801269,0.10043196544276457,0.9789473684210527,0.029736954609451784,0.5445464362850972
nested_selected,20260924,batch_allocated,0.1,all,1913,33,192,16,176,17,1704,0.08333333333333333,0.48484848484848486,0.14222222222222222,0.8991113434396236,0.09361702127659574,0.9166666666666666,0.09737072127329656,0.7850822050290135
nested_selected,20260924,batch_allocated,0.1,cn7,967,13,97,13,84,0,870,0.13402061855670103,1.0,0.23636363636363636,0.9131334022750776,0.0880503144654088,0.865979381443299,0.32557672923748937,0.9654491211094984
nested_selected,20260924,batch_allocated,0.1,rg3,946,20,95,3,92,17,834,0.031578947368421054,0.15,0.05217391304347826,0.8847780126849895,0.09935205183585313,0.968421052631579,0.029736954609451784,0.5445464362850972
pair_a1,ensemble,historical_pooled,0.05,all,1913,33,97,10,87,23,1793,0.10309278350515463,0.30303030303030304,0.15384615384615385,0.9424986931521171,0.04627659574468085,0.8969072164948454,0.10029480676148937,0.7922066408768537
pair_a1,ensemble,historical_pooled,0.05,cn7,967,13,49,9,40,4,914,0.1836734693877551,0.6923076923076923,0.2903225806451613,0.954498448810755,0.041928721174004195,0.8163265306122449,0.32557672923748937,0.9654491211094984
pair_a1,ensemble,historical_pooled,0.05,rg3,946,20,48,1,47,19,879,0.020833333333333332,0.05,0.029411764705882353,0.9302325581395349,0.05075593952483801,0.9791666666666666,0.032098549662470284,0.5703563714902807
pair_a1,ensemble,batch_allocated,0.05,all,1913,33,97,9,88,24,1792,0.09278350515463918,0.2727272727272727,0.13846153846153847,0.9414532148457919,0.04680851063829787,0.9072164948453608,0.10029480676148937,0.7922066408768537
pair_a1,ensemble,batch_allocated,0.05,cn7,967,13,49,8,41,5,913,0.16326530612244897,0.6153846153846154,0.25806451612903225,0.9524301964839711,0.0429769392033543,0.8367346938775511,0.32557672923748937,0.9654491211094984
pair_a1,ensemble,batch_allocated,0.05,rg3,946,20,48,1,47,19,879,0.020833333333333332,0.05,0.029411764705882353,0.9302325581395349,0.05075593952483801,0.9791666666666666,0.032098549662470284,0.5703563714902807
pair_a1,ensemble,historical_pooled,0.075,all,1913,33,144,12,132,21,1748,0.08333333333333333,0.36363636363636365,0.13559322033898305,0.9200209095661265,0.07021276595744681,0.9166666666666666,0.10029480676148937,0.7922066408768537
pair_a1,ensemble,historical_pooled,0.075,cn7,967,13,73,10,63,3,891,0.136986301369863,0.7692307692307693,0.23255813953488372,0.9317476732161324,0.0660377358490566,0.863013698630137,0.32557672923748937,0.9654491211094984
pair_a1,ensemble,historical_pooled,0.075,rg3,946,20,71,2,69,18,857,0.028169014084507043,0.1,0.04395604395604396,0.9080338266384778,0.07451403887688984,0.971830985915493,0.032098549662470284,0.5703563714902807
pair_a1,ensemble,batch_allocated,0.075,all,1913,33,144,14,130,19,1750,0.09722222222222222,0.42424242424242425,0.15819209039548024,0.9221118661787768,0.06914893617021277,0.9027777777777778,0.10029480676148937,0.7922066408768537
pair_a1,ensemble,batch_allocated,0.075,cn7,967,13,73,11,62,2,892,0.1506849315068493,0.8461538461538461,0.2558139534883721,0.9338159255429163,0.0649895178197065,0.8493150684931506,0.32557672923748937,0.9654491211094984
pair_a1,ensemble,batch_allocated,0.075,rg3,946,20,71,3,68,17,858,0.04225352112676056,0.15,0.06593406593406594,0.9101479915433404,0.0734341252699784,0.9577464788732394,0.032098549662470284,0.5703563714902807
pair_a1,ensemble,historical_pooled,0.1,all,1913,33,192,15,177,18,1703,0.078125,0.45454545454545453,0.13333333333333333,0.8980658651332984,0.09414893617021276,0.921875,0.10029480676148937,0.7922066408768537
pair_a1,ensemble,historical_pooled,0.1,cn7,967,13,97,12,85,1,869,0.12371134020618557,0.9230769230769231,0.21818181818181817,0.9110651499482937,0.08909853249475891,0.8762886597938144,0.32557672923748937,0.9654491211094984
pair_a1,ensemble,historical_pooled,0.1,rg3,946,20,95,3,92,17,834,0.031578947368421054,0.15,0.05217391304347826,0.8847780126849895,0.09935205183585313,0.968421052631579,0.032098549662470284,0.5703563714902807
pair_a1,ensemble,batch_allocated,0.1,all,1913,33,192,17,175,16,1705,0.08854166666666667,0.5151515151515151,0.1511111111111111,0.9001568217459488,0.09308510638297872,0.9114583333333334,0.10029480676148937,0.7922066408768537
pair_a1,ensemble,batch_allocated,0.1,cn7,967,13,97,13,84,0,870,0.13402061855670103,1.0,0.23636363636363636,0.9131334022750776,0.0880503144654088,0.865979381443299,0.32557672923748937,0.9654491211094984
pair_a1,ensemble,batch_allocated,0.1,rg3,946,20,95,4,91,16,835,0.042105263157894736,0.2,0.06956521739130435,0.8868921775898521,0.09827213822894168,0.9578947368421052,0.032098549662470284,0.5703563714902807
pair_a0,ensemble,historical_pooled,0.05,all,1913,33,97,9,88,24,1792,0.09278350515463918,0.2727272727272727,0.13846153846153847,0.9414532148457919,0.04680851063829787,0.9072164948453608,0.09582369104291233,0.7675451321727917
pair_a0,ensemble,historical_pooled,0.05,cn7,967,13,49,9,40,4,914,0.1836734693877551,0.6923076923076923,0.2903225806451613,0.954498448810755,0.041928721174004195,0.8163265306122449,0.32557672923748937,0.9654491211094984
pair_a0,ensemble,historical_pooled,0.05,rg3,946,20,48,0,48,20,878,0.0,0.0,0.0,0.9281183932346723,0.05183585313174946,1.0,0.022989456444115333,0.4897948164146868
pair_a0,ensemble,batch_allocated,0.05,all,1913,33,97,8,89,25,1791,0.08247422680412371,0.24242424242424243,0.12307692307692308,0.9404077365394669,0.04734042553191489,0.9175257731958762,0.09582369104291233,0.7675451321727917
pair_a0,ensemble,batch_allocated,0.05,cn7,967,13,49,8,41,5,913,0.16326530612244897,0.6153846153846154,0.25806451612903225,0.9524301964839711,0.0429769392033543,0.8367346938775511,0.32557672923748937,0.9654491211094984
pair_a0,ensemble,batch_allocated,0.05,rg3,946,20,48,0,48,20,878,0.0,0.0,0.0,0.9281183932346723,0.05183585313174946,1.0,0.022989456444115333,0.4897948164146868
pair_a0,ensemble,historical_pooled,0.075,all,1913,33,144,11,133,22,1747,0.0763888888888889,0.3333333333333333,0.12429378531073447,0.9189754312598014,0.07074468085106383,0.9236111111111112,0.09582369104291233,0.7675451321727917
pair_a0,ensemble,historical_pooled,0.075,cn7,967,13,73,10,63,3,891,0.136986301369863,0.7692307692307693,0.23255813953488372,0.9317476732161324,0.0660377358490566,0.863013698630137,0.32557672923748937,0.9654491211094984
pair_a0,ensemble,historical_pooled,0.075,rg3,946,20,71,1,70,19,856,0.014084507042253521,0.05,0.02197802197802198,0.9059196617336153,0.0755939524838013,0.9859154929577465,0.022989456444115333,0.4897948164146868
pair_a0,ensemble,batch_allocated,0.075,all,1913,33,144,12,132,21,1748,0.08333333333333333,0.36363636363636365,0.13559322033898305,0.9200209095661265,0.07021276595744681,0.9166666666666666,0.09582369104291233,0.7675451321727917
pair_a0,ensemble,batch_allocated,0.075,cn7,967,13,73,11,62,2,892,0.1506849315068493,0.8461538461538461,0.2558139534883721,0.9338159255429163,0.0649895178197065,0.8493150684931506,0.32557672923748937,0.9654491211094984
pair_a0,ensemble,batch_allocated,0.075,rg3,946,20,71,1,70,19,856,0.014084507042253521,0.05,0.02197802197802198,0.9059196617336153,0.0755939524838013,0.9859154929577465,0.022989456444115333,0.4897948164146868
pair_a0,ensemble,historical_pooled,0.1,all,1913,33,192,14,178,19,1702,0.07291666666666667,0.42424242424242425,0.12444444444444444,0.8970203868269734,0.09468085106382979,0.9270833333333334,0.09582369104291233,0.7675451321727917
pair_a0,ensemble,historical_pooled,0.1,cn7,967,13,97,12,85,1,869,0.12371134020618557,0.9230769230769231,0.21818181818181817,0.9110651499482937,0.08909853249475891,0.8762886597938144,0.32557672923748937,0.9654491211094984
pair_a0,ensemble,historical_pooled,0.1,rg3,946,20,95,2,93,18,833,0.021052631578947368,0.1,0.034782608695652174,0.8826638477801269,0.10043196544276457,0.9789473684210527,0.022989456444115333,0.4897948164146868
pair_a0,ensemble,batch_allocated,0.1,all,1913,33,192,15,177,18,1703,0.078125,0.45454545454545453,0.13333333333333333,0.8980658651332984,0.09414893617021276,0.921875,0.09582369104291233,0.7675451321727917
pair_a0,ensemble,batch_allocated,0.1,cn7,967,13,97,13,84,0,870,0.13402061855670103,1.0,0.23636363636363636,0.9131334022750776,0.0880503144654088,0.865979381443299,0.32557672923748937,0.9654491211094984
pair_a0,ensemble,batch_allocated,0.1,rg3,946,20,95,2,93,18,833,0.021052631578947368,0.1,0.034782608695652174,0.8826638477801269,0.10043196544276457,0.9789473684210527,0.022989456444115333,0.4897948164146868
pair_a0.25,ensemble,historical_pooled,0.05,all,1913,33,97,10,87,23,1793,0.10309278350515463,0.30303030303030304,0.15384615384615385,0.9424986931521171,0.04627659574468085,0.8969072164948454,0.10295913016674675,0.7698339780786589
pair_a0.25,ensemble,historical_pooled,0.05,cn7,967,13,49,9,40,4,914,0.1836734693877551,0.6923076923076923,0.2903225806451613,0.954498448810755,0.041928721174004195,0.8163265306122449,0.32557672923748937,0.9654491211094984
pair_a0.25,ensemble,historical_pooled,0.05,rg3,946,20,48,1,47,19,879,0.020833333333333332,0.05,0.029411764705882353,0.9302325581395349,0.05075593952483801,0.9791666666666666,0.027576446099552364,0.4963822894168467
pair_a0.25,ensemble,batch_allocated,0.05,all,1913,33,97,9,88,24,1792,0.09278350515463918,0.2727272727272727,0.13846153846153847,0.9414532148457919,0.04680851063829787,0.9072164948453608,0.10295913016674675,0.7698339780786589
pair_a0.25,ensemble,batch_allocated,0.05,cn7,967,13,49,8,41,5,913,0.16326530612244897,0.6153846153846154,0.25806451612903225,0.9524301964839711,0.0429769392033543,0.8367346938775511,0.32557672923748937,0.9654491211094984
pair_a0.25,ensemble,batch_allocated,0.05,rg3,946,20,48,1,47,19,879,0.020833333333333332,0.05,0.029411764705882353,0.9302325581395349,0.05075593952483801,0.9791666666666666,0.027576446099552364,0.4963822894168467
pair_a0.25,ensemble,historical_pooled,0.075,all,1913,33,144,12,132,21,1748,0.08333333333333333,0.36363636363636365,0.13559322033898305,0.9200209095661265,0.07021276595744681,0.9166666666666666,0.10295913016674675,0.7698339780786589
pair_a0.25,ensemble,historical_pooled,0.075,cn7,967,13,73,10,63,3,891,0.136986301369863,0.7692307692307693,0.23255813953488372,0.9317476732161324,0.0660377358490566,0.863013698630137,0.32557672923748937,0.9654491211094984
pair_a0.25,ensemble,historical_pooled,0.075,rg3,946,20,71,2,69,18,857,0.028169014084507043,0.1,0.04395604395604396,0.9080338266384778,0.07451403887688984,0.971830985915493,0.027576446099552364,0.4963822894168467
pair_a0.25,ensemble,batch_allocated,0.075,all,1913,33,144,12,132,21,1748,0.08333333333333333,0.36363636363636365,0.13559322033898305,0.9200209095661265,0.07021276595744681,0.9166666666666666,0.10295913016674675,0.7698339780786589
pair_a0.25,ensemble,batch_allocated,0.075,cn7,967,13,73,11,62,2,892,0.1506849315068493,0.8461538461538461,0.2558139534883721,0.9338159255429163,0.0649895178197065,0.8493150684931506,0.32557672923748937,0.9654491211094984
pair_a0.25,ensemble,batch_allocated,0.075,rg3,946,20,71,1,70,19,856,0.014084507042253521,0.05,0.02197802197802198,0.9059196617336153,0.0755939524838013,0.9859154929577465,0.027576446099552364,0.4963822894168467
pair_a0.25,ensemble,historical_pooled,0.1,all,1913,33,192,16,176,17,1704,0.08333333333333333,0.48484848484848486,0.14222222222222222,0.8991113434396236,0.09361702127659574,0.9166666666666666,0.10295913016674675,0.7698339780786589
pair_a0.25,ensemble,historical_pooled,0.1,cn7,967,13,97,12,85,1,869,0.12371134020618557,0.9230769230769231,0.21818181818181817,0.9110651499482937,0.08909853249475891,0.8762886597938144,0.32557672923748937,0.9654491211094984
pair_a0.25,ensemble,historical_pooled,0.1,rg3,946,20,95,4,91,16,835,0.042105263157894736,0.2,0.06956521739130435,0.8868921775898521,0.09827213822894168,0.9578947368421052,0.027576446099552364,0.4963822894168467
pair_a0.25,ensemble,batch_allocated,0.1,all,1913,33,192,17,175,16,1705,0.08854166666666667,0.5151515151515151,0.1511111111111111,0.9001568217459488,0.09308510638297872,0.9114583333333334,0.10295913016674675,0.7698339780786589
pair_a0.25,ensemble,batch_allocated,0.1,cn7,967,13,97,13,84,0,870,0.13402061855670103,1.0,0.23636363636363636,0.9131334022750776,0.0880503144654088,0.865979381443299,0.32557672923748937,0.9654491211094984
pair_a0.25,ensemble,batch_allocated,0.1,rg3,946,20,95,4,91,16,835,0.042105263157894736,0.2,0.06956521739130435,0.8868921775898521,0.09827213822894168,0.9578947368421052,0.027576446099552364,0.4963822894168467
pair_a0.5,ensemble,historical_pooled,0.05,all,1913,33,97,11,86,22,1794,0.1134020618556701,0.3333333333333333,0.16923076923076924,0.9435441714584423,0.045744680851063826,0.8865979381443299,0.09718108472332883,0.7767972275951
pair_a0.5,ensemble,historical_pooled,0.05,cn7,967,13,49,9,40,4,914,0.1836734693877551,0.6923076923076923,0.2903225806451613,0.954498448810755,0.041928721174004195,0.8163265306122449,0.32557672923748937,0.9654491211094984
pair_a0.5,ensemble,historical_pooled,0.05,rg3,946,20,48,2,46,18,880,0.041666666666666664,0.1,0.058823529411764705,0.9323467230443975,0.04967602591792657,0.9583333333333334,0.029150111036037814,0.5207343412526998
pair_a0.5,ensemble,batch_allocated,0.05,all,1913,33,97,10,87,23,1793,0.10309278350515463,0.30303030303030304,0.15384615384615385,0.9424986931521171,0.04627659574468085,0.8969072164948454,0.09718108472332883,0.7767972275951
pair_a0.5,ensemble,batch_allocated,0.05,cn7,967,13,49,8,41,5,913,0.16326530612244897,0.6153846153846154,0.25806451612903225,0.9524301964839711,0.0429769392033543,0.8367346938775511,0.32557672923748937,0.9654491211094984
pair_a0.5,ensemble,batch_allocated,0.05,rg3,946,20,48,2,46,18,880,0.041666666666666664,0.1,0.058823529411764705,0.9323467230443975,0.04967602591792657,0.9583333333333334,0.029150111036037814,0.5207343412526998
pair_a0.5,ensemble,historical_pooled,0.075,all,1913,33,144,13,131,20,1749,0.09027777777777778,0.3939393939393939,0.14689265536723164,0.9210663878724517,0.06968085106382979,0.9097222222222222,0.09718108472332883,0.7767972275951
pair_a0.5,ensemble,historical_pooled,0.075,cn7,967,13,73,10,63,3,891,0.136986301369863,0.7692307692307693,0.23255813953488372,0.9317476732161324,0.0660377358490566,0.863013698630137,0.32557672923748937,0.9654491211094984
pair_a0.5,ensemble,historical_pooled,0.075,rg3,946,20,71,3,68,17,858,0.04225352112676056,0.15,0.06593406593406594,0.9101479915433404,0.0734341252699784,0.9577464788732394,0.029150111036037814,0.5207343412526998
pair_a0.5,ensemble,batch_allocated,0.075,all,1913,33,144,14,130,19,1750,0.09722222222222222,0.42424242424242425,0.15819209039548024,0.9221118661787768,0.06914893617021277,0.9027777777777778,0.09718108472332883,0.7767972275951
pair_a0.5,ensemble,batch_allocated,0.075,cn7,967,13,73,11,62,2,892,0.1506849315068493,0.8461538461538461,0.2558139534883721,0.9338159255429163,0.0649895178197065,0.8493150684931506,0.32557672923748937,0.9654491211094984
pair_a0.5,ensemble,batch_allocated,0.075,rg3,946,20,71,3,68,17,858,0.04225352112676056,0.15,0.06593406593406594,0.9101479915433404,0.0734341252699784,0.9577464788732394,0.029150111036037814,0.5207343412526998
pair_a0.5,ensemble,historical_pooled,0.1,all,1913,33,192,16,176,17,1704,0.08333333333333333,0.48484848484848486,0.14222222222222222,0.8991113434396236,0.09361702127659574,0.9166666666666666,0.09718108472332883,0.7767972275951
pair_a0.5,ensemble,historical_pooled,0.1,cn7,967,13,97,12,85,1,869,0.12371134020618557,0.9230769230769231,0.21818181818181817,0.9110651499482937,0.08909853249475891,0.8762886597938144,0.32557672923748937,0.9654491211094984
pair_a0.5,ensemble,historical_pooled,0.1,rg3,946,20,95,4,91,16,835,0.042105263157894736,0.2,0.06956521739130435,0.8868921775898521,0.09827213822894168,0.9578947368421052,0.029150111036037814,0.5207343412526998
pair_a0.5,ensemble,batch_allocated,0.1,all,1913,33,192,16,176,17,1704,0.08333333333333333,0.48484848484848486,0.14222222222222222,0.8991113434396236,0.09361702127659574,0.9166666666666666,0.09718108472332883,0.7767972275951
pair_a0.5,ensemble,batch_allocated,0.1,cn7,967,13,97,13,84,0,870,0.13402061855670103,1.0,0.23636363636363636,0.9131334022750776,0.0880503144654088,0.865979381443299,0.32557672923748937,0.9654491211094984
pair_a0.5,ensemble,batch_allocated,0.1,rg3,946,20,95,3,92,17,834,0.031578947368421054,0.15,0.05217391304347826,0.8847780126849895,0.09935205183585313,0.968421052631579,0.029150111036037814,0.5207343412526998
rank_pairwise,ensemble,historical_pooled,0.05,all,1913,33,97,10,87,23,1793,0.10309278350515463,0.30303030303030304,0.15384615384615385,0.9424986931521171,0.04627659574468085,0.8969072164948454,0.10249381920638244,0.7999274661508704
rank_pairwise,ensemble,historical_pooled,0.05,cn7,967,13,49,9,40,4,914,0.1836734693877551,0.6923076923076923,0.2903225806451613,0.954498448810755,0.041928721174004195,0.8163265306122449,0.32557672923748937,0.9654491211094984
rank_pairwise,ensemble,historical_pooled,0.05,rg3,946,20,48,1,47,19,879,0.020833333333333332,0.05,0.029411764705882353,0.9302325581395349,0.05075593952483801,0.9791666666666666,0.035284417004496874,0.5890928725701944
rank_pairwise,ensemble,batch_allocated,0.05,all,1913,33,97,9,88,24,1792,0.09278350515463918,0.2727272727272727,0.13846153846153847,0.9414532148457919,0.04680851063829787,0.9072164948453608,0.10249381920638244,0.7999274661508704
rank_pairwise,ensemble,batch_allocated,0.05,cn7,967,13,49,8,41,5,913,0.16326530612244897,0.6153846153846154,0.25806451612903225,0.9524301964839711,0.0429769392033543,0.8367346938775511,0.32557672923748937,0.9654491211094984
rank_pairwise,ensemble,batch_allocated,0.05,rg3,946,20,48,1,47,19,879,0.020833333333333332,0.05,0.029411764705882353,0.9302325581395349,0.05075593952483801,0.9791666666666666,0.035284417004496874,0.5890928725701944
rank_pairwise,ensemble,historical_pooled,0.075,all,1913,33,144,12,132,21,1748,0.08333333333333333,0.36363636363636365,0.13559322033898305,0.9200209095661265,0.07021276595744681,0.9166666666666666,0.10249381920638244,0.7999274661508704
rank_pairwise,ensemble,historical_pooled,0.075,cn7,967,13,73,10,63,3,891,0.136986301369863,0.7692307692307693,0.23255813953488372,0.9317476732161324,0.0660377358490566,0.863013698630137,0.32557672923748937,0.9654491211094984
rank_pairwise,ensemble,historical_pooled,0.075,rg3,946,20,71,2,69,18,857,0.028169014084507043,0.1,0.04395604395604396,0.9080338266384778,0.07451403887688984,0.971830985915493,0.035284417004496874,0.5890928725701944
rank_pairwise,ensemble,batch_allocated,0.075,all,1913,33,144,14,130,19,1750,0.09722222222222222,0.42424242424242425,0.15819209039548024,0.9221118661787768,0.06914893617021277,0.9027777777777778,0.10249381920638244,0.7999274661508704
rank_pairwise,ensemble,batch_allocated,0.075,cn7,967,13,73,11,62,2,892,0.1506849315068493,0.8461538461538461,0.2558139534883721,0.9338159255429163,0.0649895178197065,0.8493150684931506,0.32557672923748937,0.9654491211094984
rank_pairwise,ensemble,batch_allocated,0.075,rg3,946,20,71,3,68,17,858,0.04225352112676056,0.15,0.06593406593406594,0.9101479915433404,0.0734341252699784,0.9577464788732394,0.035284417004496874,0.5890928725701944
rank_pairwise,ensemble,historical_pooled,0.1,all,1913,33,192,16,176,17,1704,0.08333333333333333,0.48484848484848486,0.14222222222222222,0.8991113434396236,0.09361702127659574,0.9166666666666666,0.10249381920638244,0.7999274661508704
rank_pairwise,ensemble,historical_pooled,0.1,cn7,967,13,97,12,85,1,869,0.12371134020618557,0.9230769230769231,0.21818181818181817,0.9110651499482937,0.08909853249475891,0.8762886597938144,0.32557672923748937,0.9654491211094984
rank_pairwise,ensemble,historical_pooled,0.1,rg3,946,20,95,4,91,16,835,0.042105263157894736,0.2,0.06956521739130435,0.8868921775898521,0.09827213822894168,0.9578947368421052,0.035284417004496874,0.5890928725701944
rank_pairwise,ensemble,batch_allocated,0.1,all,1913,33,192,17,175,16,1705,0.08854166666666667,0.5151515151515151,0.1511111111111111,0.9001568217459488,0.09308510638297872,0.9114583333333334,0.10249381920638244,0.7999274661508704
rank_pairwise,ensemble,batch_allocated,0.1,cn7,967,13,97,13,84,0,870,0.13402061855670103,1.0,0.23636363636363636,0.9131334022750776,0.0880503144654088,0.865979381443299,0.32557672923748937,0.9654491211094984
rank_pairwise,ensemble,batch_allocated,0.1,rg3,946,20,95,4,91,16,835,0.042105263157894736,0.2,0.06956521739130435,0.8868921775898521,0.09827213822894168,0.9578947368421052,0.035284417004496874,0.5890928725701944
rank_ndcg,ensemble,historical_pooled,0.05,all,1913,33,97,9,88,24,1792,0.09278350515463918,0.2727272727272727,0.13846153846153847,0.9414532148457919,0.04680851063829787,0.9072164948453608,0.08244019407425246,0.7529738878143134
rank_ndcg,ensemble,historical_pooled,0.05,cn7,967,13,49,9,40,4,914,0.1836734693877551,0.6923076923076923,0.2903225806451613,0.954498448810755,0.041928721174004195,0.8163265306122449,0.32557672923748937,0.9654491211094984
rank_ndcg,ensemble,historical_pooled,0.05,rg3,946,20,48,0,48,20,878,0.0,0.0,0.0,0.9281183932346723,0.05183585313174946,1.0,0.020495525255931832,0.45145788336933046
rank_ndcg,ensemble,batch_allocated,0.05,all,1913,33,97,8,89,25,1791,0.08247422680412371,0.24242424242424243,0.12307692307692308,0.9404077365394669,0.04734042553191489,0.9175257731958762,0.08244019407425246,0.7529738878143134
rank_ndcg,ensemble,batch_allocated,0.05,cn7,967,13,49,8,41,5,913,0.16326530612244897,0.6153846153846154,0.25806451612903225,0.9524301964839711,0.0429769392033543,0.8367346938775511,0.32557672923748937,0.9654491211094984
rank_ndcg,ensemble,batch_allocated,0.05,rg3,946,20,48,0,48,20,878,0.0,0.0,0.0,0.9281183932346723,0.05183585313174946,1.0,0.020495525255931832,0.45145788336933046
rank_ndcg,ensemble,historical_pooled,0.075,all,1913,33,144,11,133,22,1747,0.0763888888888889,0.3333333333333333,0.12429378531073447,0.9189754312598014,0.07074468085106383,0.9236111111111112,0.08244019407425246,0.7529738878143134
rank_ndcg,ensemble,historical_pooled,0.075,cn7,967,13,73,10,63,3,891,0.136986301369863,0.7692307692307693,0.23255813953488372,0.9317476732161324,0.0660377358490566,0.863013698630137,0.32557672923748937,0.9654491211094984
rank_ndcg,ensemble,historical_pooled,0.075,rg3,946,20,71,1,70,19,856,0.014084507042253521,0.05,0.02197802197802198,0.9059196617336153,0.0755939524838013,0.9859154929577465,0.020495525255931832,0.45145788336933046
rank_ndcg,ensemble,batch_allocated,0.075,all,1913,33,144,12,132,21,1748,0.08333333333333333,0.36363636363636365,0.13559322033898305,0.9200209095661265,0.07021276595744681,0.9166666666666666,0.08244019407425246,0.7529738878143134
rank_ndcg,ensemble,batch_allocated,0.075,cn7,967,13,73,11,62,2,892,0.1506849315068493,0.8461538461538461,0.2558139534883721,0.9338159255429163,0.0649895178197065,0.8493150684931506,0.32557672923748937,0.9654491211094984
rank_ndcg,ensemble,batch_allocated,0.075,rg3,946,20,71,1,70,19,856,0.014084507042253521,0.05,0.02197802197802198,0.9059196617336153,0.0755939524838013,0.9859154929577465,0.020495525255931832,0.45145788336933046
rank_ndcg,ensemble,historical_pooled,0.1,all,1913,33,192,14,178,19,1702,0.07291666666666667,0.42424242424242425,0.12444444444444444,0.8970203868269734,0.09468085106382979,0.9270833333333334,0.08244019407425246,0.7529738878143134
rank_ndcg,ensemble,historical_pooled,0.1,cn7,967,13,97,12,85,1,869,0.12371134020618557,0.9230769230769231,0.21818181818181817,0.9110651499482937,0.08909853249475891,0.8762886597938144,0.32557672923748937,0.9654491211094984
rank_ndcg,ensemble,historical_pooled,0.1,rg3,946,20,95,2,93,18,833,0.021052631578947368,0.1,0.034782608695652174,0.8826638477801269,0.10043196544276457,0.9789473684210527,0.020495525255931832,0.45145788336933046
rank_ndcg,ensemble,batch_allocated,0.1,all,1913,33,192,15,177,18,1703,0.078125,0.45454545454545453,0.13333333333333333,0.8980658651332984,0.09414893617021276,0.921875,0.08244019407425246,0.7529738878143134
rank_ndcg,ensemble,batch_allocated,0.1,cn7,967,13,97,13,84,0,870,0.13402061855670103,1.0,0.23636363636363636,0.9131334022750776,0.0880503144654088,0.865979381443299,0.32557672923748937,0.9654491211094984
rank_ndcg,ensemble,batch_allocated,0.1,rg3,946,20,95,2,93,18,833,0.021052631578947368,0.1,0.034782608695652174,0.8826638477801269,0.10043196544276457,0.9789473684210527,0.020495525255931832,0.45145788336933046
mix_pairwise,ensemble,historical_pooled,0.05,all,1913,33,97,10,87,23,1793,0.10309278350515463,0.30303030303030304,0.15384615384615385,0.9424986931521171,0.04627659574468085,0.8969072164948454,0.12054132012251144,0.797493552546744
mix_pairwise,ensemble,historical_pooled,0.05,cn7,967,13,49,9,40,4,914,0.1836734693877551,0.6923076923076923,0.2903225806451613,0.954498448810755,0.041928721174004195,0.8163265306122449,0.32557672923748937,0.9654491211094984
mix_pairwise,ensemble,historical_pooled,0.05,rg3,946,20,48,1,47,19,879,0.020833333333333332,0.05,0.029411764705882353,0.9302325581395349,0.05075593952483801,0.9791666666666666,0.03796832309828678,0.5807775377969763
mix_pairwise,ensemble,batch_allocated,0.05,all,1913,33,97,9,88,24,1792,0.09278350515463918,0.2727272727272727,0.13846153846153847,0.9414532148457919,0.04680851063829787,0.9072164948453608,0.12054132012251144,0.797493552546744
mix_pairwise,ensemble,batch_allocated,0.05,cn7,967,13,49,8,41,5,913,0.16326530612244897,0.6153846153846154,0.25806451612903225,0.9524301964839711,0.0429769392033543,0.8367346938775511,0.32557672923748937,0.9654491211094984
mix_pairwise,ensemble,batch_allocated,0.05,rg3,946,20,48,1,47,19,879,0.020833333333333332,0.05,0.029411764705882353,0.9302325581395349,0.05075593952483801,0.9791666666666666,0.03796832309828678,0.5807775377969763
mix_pairwise,ensemble,historical_pooled,0.075,all,1913,33,144,12,132,21,1748,0.08333333333333333,0.36363636363636365,0.13559322033898305,0.9200209095661265,0.07021276595744681,0.9166666666666666,0.12054132012251144,0.797493552546744
mix_pairwise,ensemble,historical_pooled,0.075,cn7,967,13,73,10,63,3,891,0.136986301369863,0.7692307692307693,0.23255813953488372,0.9317476732161324,0.0660377358490566,0.863013698630137,0.32557672923748937,0.9654491211094984
mix_pairwise,ensemble,historical_pooled,0.075,rg3,946,20,71,2,69,18,857,0.028169014084507043,0.1,0.04395604395604396,0.9080338266384778,0.07451403887688984,0.971830985915493,0.03796832309828678,0.5807775377969763
mix_pairwise,ensemble,batch_allocated,0.075,all,1913,33,144,13,131,20,1749,0.09027777777777778,0.3939393939393939,0.14689265536723164,0.9210663878724517,0.06968085106382979,0.9097222222222222,0.12054132012251144,0.797493552546744
mix_pairwise,ensemble,batch_allocated,0.075,cn7,967,13,73,11,62,2,892,0.1506849315068493,0.8461538461538461,0.2558139534883721,0.9338159255429163,0.0649895178197065,0.8493150684931506,0.32557672923748937,0.9654491211094984
mix_pairwise,ensemble,batch_allocated,0.075,rg3,946,20,71,2,69,18,857,0.028169014084507043,0.1,0.04395604395604396,0.9080338266384778,0.07451403887688984,0.971830985915493,0.03796832309828678,0.5807775377969763
mix_pairwise,ensemble,historical_pooled,0.1,all,1913,33,192,16,176,17,1704,0.08333333333333333,0.48484848484848486,0.14222222222222222,0.8991113434396236,0.09361702127659574,0.9166666666666666,0.12054132012251144,0.797493552546744
mix_pairwise,ensemble,historical_pooled,0.1,cn7,967,13,97,12,85,1,869,0.12371134020618557,0.9230769230769231,0.21818181818181817,0.9110651499482937,0.08909853249475891,0.8762886597938144,0.32557672923748937,0.9654491211094984
mix_pairwise,ensemble,historical_pooled,0.1,rg3,946,20,95,4,91,16,835,0.042105263157894736,0.2,0.06956521739130435,0.8868921775898521,0.09827213822894168,0.9578947368421052,0.03796832309828678,0.5807775377969763
mix_pairwise,ensemble,batch_allocated,0.1,all,1913,33,192,18,174,15,1706,0.09375,0.5454545454545454,0.16,0.9012023000522739,0.0925531914893617,0.90625,0.12054132012251144,0.797493552546744
mix_pairwise,ensemble,batch_allocated,0.1,cn7,967,13,97,13,84,0,870,0.13402061855670103,1.0,0.23636363636363636,0.9131334022750776,0.0880503144654088,0.865979381443299,0.32557672923748937,0.9654491211094984
mix_pairwise,ensemble,batch_allocated,0.1,rg3,946,20,95,5,90,15,836,0.05263157894736842,0.25,0.08695652173913043,0.8890063424947146,0.09719222462203024,0.9473684210526315,0.03796832309828678,0.5807775377969763
mix_ndcg,ensemble,historical_pooled,0.05,all,1913,33,97,11,86,22,1794,0.1134020618556701,0.3333333333333333,0.16923076923076924,0.9435441714584423,0.045744680851063826,0.8865979381443299,0.12303446906670353,0.7759912959381045
mix_ndcg,ensemble,historical_pooled,0.05,cn7,967,13,49,9,40,4,914,0.1836734693877551,0.6923076923076923,0.2903225806451613,0.954498448810755,0.041928721174004195,0.8163265306122449,0.32557672923748937,0.9654491211094984
mix_ndcg,ensemble,historical_pooled,0.05,rg3,946,20,48,2,46,18,880,0.041666666666666664,0.1,0.058823529411764705,0.9323467230443975,0.04967602591792657,0.9583333333333334,0.028464050672236042,0.5083693304535637
mix_ndcg,ensemble,batch_allocated,0.05,all,1913,33,97,11,86,22,1794,0.1134020618556701,0.3333333333333333,0.16923076923076924,0.9435441714584423,0.045744680851063826,0.8865979381443299,0.12303446906670353,0.7759912959381045
mix_ndcg,ensemble,batch_allocated,0.05,cn7,967,13,49,8,41,5,913,0.16326530612244897,0.6153846153846154,0.25806451612903225,0.9524301964839711,0.0429769392033543,0.8367346938775511,0.32557672923748937,0.9654491211094984
mix_ndcg,ensemble,batch_allocated,0.05,rg3,946,20,48,3,45,17,881,0.0625,0.15,0.08823529411764706,0.9344608879492601,0.04859611231101512,0.9375,0.028464050672236042,0.5083693304535637
mix_ndcg,ensemble,historical_pooled,0.075,all,1913,33,144,13,131,20,1749,0.09027777777777778,0.3939393939393939,0.14689265536723164,0.9210663878724517,0.06968085106382979,0.9097222222222222,0.12303446906670353,0.7759912959381045
mix_ndcg,ensemble,historical_pooled,0.075,cn7,967,13,73,10,63,3,891,0.136986301369863,0.7692307692307693,0.23255813953488372,0.9317476732161324,0.0660377358490566,0.863013698630137,0.32557672923748937,0.9654491211094984
mix_ndcg,ensemble,historical_pooled,0.075,rg3,946,20,71,3,68,17,858,0.04225352112676056,0.15,0.06593406593406594,0.9101479915433404,0.0734341252699784,0.9577464788732394,0.028464050672236042,0.5083693304535637
mix_ndcg,ensemble,batch_allocated,0.075,all,1913,33,144,14,130,19,1750,0.09722222222222222,0.42424242424242425,0.15819209039548024,0.9221118661787768,0.06914893617021277,0.9027777777777778,0.12303446906670353,0.7759912959381045
mix_ndcg,ensemble,batch_allocated,0.075,cn7,967,13,73,11,62,2,892,0.1506849315068493,0.8461538461538461,0.2558139534883721,0.9338159255429163,0.0649895178197065,0.8493150684931506,0.32557672923748937,0.9654491211094984
mix_ndcg,ensemble,batch_allocated,0.075,rg3,946,20,71,3,68,17,858,0.04225352112676056,0.15,0.06593406593406594,0.9101479915433404,0.0734341252699784,0.9577464788732394,0.028464050672236042,0.5083693304535637
mix_ndcg,ensemble,historical_pooled,0.1,all,1913,33,192,17,175,16,1705,0.08854166666666667,0.5151515151515151,0.1511111111111111,0.9001568217459488,0.09308510638297872,0.9114583333333334,0.12303446906670353,0.7759912959381045
mix_ndcg,ensemble,historical_pooled,0.1,cn7,967,13,97,12,85,1,869,0.12371134020618557,0.9230769230769231,0.21818181818181817,0.9110651499482937,0.08909853249475891,0.8762886597938144,0.32557672923748937,0.9654491211094984
mix_ndcg,ensemble,historical_pooled,0.1,rg3,946,20,95,5,90,15,836,0.05263157894736842,0.25,0.08695652173913043,0.8890063424947146,0.09719222462203024,0.9473684210526315,0.028464050672236042,0.5083693304535637
mix_ndcg,ensemble,batch_allocated,0.1,all,1913,33,192,17,175,16,1705,0.08854166666666667,0.5151515151515151,0.1511111111111111,0.9001568217459488,0.09308510638297872,0.9114583333333334,0.12303446906670353,0.7759912959381045
mix_ndcg,ensemble,batch_allocated,0.1,cn7,967,13,97,13,84,0,870,0.13402061855670103,1.0,0.23636363636363636,0.9131334022750776,0.0880503144654088,0.865979381443299,0.32557672923748937,0.9654491211094984
mix_ndcg,ensemble,batch_allocated,0.1,rg3,946,20,95,4,91,16,835,0.042105263157894736,0.2,0.06956521739130435,0.8868921775898521,0.09827213822894168,0.9578947368421052,0.028464050672236042,0.5083693304535637
cat_row_a1,ensemble,historical_pooled,0.05,all,1913,33,97,11,86,22,1794,0.1134020618556701,0.3333333333333333,0.16923076923076924,0.9435441714584423,0.045744680851063826,0.8865979381443299,0.10434692891481873,0.7941569954867826
cat_row_a1,ensemble,historical_pooled,0.05,cn7,967,13,49,9,40,4,914,0.1836734693877551,0.6923076923076923,0.2903225806451613,0.954498448810755,0.041928721174004195,0.8163265306122449,0.32557672923748937,0.9654491211094984
cat_row_a1,ensemble,historical_pooled,0.05,rg3,946,20,48,2,46,18,880,0.041666666666666664,0.1,0.058823529411764705,0.9323467230443975,0.04967602591792657,0.9583333333333334,0.034605303479329955,0.5738120950323974
cat_row_a1,ensemble,batch_allocated,0.05,all,1913,33,97,9,88,24,1792,0.09278350515463918,0.2727272727272727,0.13846153846153847,0.9414532148457919,0.04680851063829787,0.9072164948453608,0.10434692891481873,0.7941569954867826
cat_row_a1,ensemble,batch_allocated,0.05,cn7,967,13,49,8,41,5,913,0.16326530612244897,0.6153846153846154,0.25806451612903225,0.9524301964839711,0.0429769392033543,0.8367346938775511,0.32557672923748937,0.9654491211094984
cat_row_a1,ensemble,batch_allocated,0.05,rg3,946,20,48,1,47,19,879,0.020833333333333332,0.05,0.029411764705882353,0.9302325581395349,0.05075593952483801,0.9791666666666666,0.034605303479329955,0.5738120950323974
cat_row_a1,ensemble,historical_pooled,0.075,all,1913,33,144,13,131,20,1749,0.09027777777777778,0.3939393939393939,0.14689265536723164,0.9210663878724517,0.06968085106382979,0.9097222222222222,0.10434692891481873,0.7941569954867826
cat_row_a1,ensemble,historical_pooled,0.075,cn7,967,13,73,10,63,3,891,0.136986301369863,0.7692307692307693,0.23255813953488372,0.9317476732161324,0.0660377358490566,0.863013698630137,0.32557672923748937,0.9654491211094984
cat_row_a1,ensemble,historical_pooled,0.075,rg3,946,20,71,3,68,17,858,0.04225352112676056,0.15,0.06593406593406594,0.9101479915433404,0.0734341252699784,0.9577464788732394,0.034605303479329955,0.5738120950323974
cat_row_a1,ensemble,batch_allocated,0.075,all,1913,33,144,14,130,19,1750,0.09722222222222222,0.42424242424242425,0.15819209039548024,0.9221118661787768,0.06914893617021277,0.9027777777777778,0.10434692891481873,0.7941569954867826
cat_row_a1,ensemble,batch_allocated,0.075,cn7,967,13,73,11,62,2,892,0.1506849315068493,0.8461538461538461,0.2558139534883721,0.9338159255429163,0.0649895178197065,0.8493150684931506,0.32557672923748937,0.9654491211094984
cat_row_a1,ensemble,batch_allocated,0.075,rg3,946,20,71,3,68,17,858,0.04225352112676056,0.15,0.06593406593406594,0.9101479915433404,0.0734341252699784,0.9577464788732394,0.034605303479329955,0.5738120950323974
cat_row_a1,ensemble,historical_pooled,0.1,all,1913,33,192,16,176,17,1704,0.08333333333333333,0.48484848484848486,0.14222222222222222,0.8991113434396236,0.09361702127659574,0.9166666666666666,0.10434692891481873,0.7941569954867826
cat_row_a1,ensemble,historical_pooled,0.1,cn7,967,13,97,12,85,1,869,0.12371134020618557,0.9230769230769231,0.21818181818181817,0.9110651499482937,0.08909853249475891,0.8762886597938144,0.32557672923748937,0.9654491211094984
cat_row_a1,ensemble,historical_pooled,0.1,rg3,946,20,95,4,91,16,835,0.042105263157894736,0.2,0.06956521739130435,0.8868921775898521,0.09827213822894168,0.9578947368421052,0.034605303479329955,0.5738120950323974
cat_row_a1,ensemble,batch_allocated,0.1,all,1913,33,192,17,175,16,1705,0.08854166666666667,0.5151515151515151,0.1511111111111111,0.9001568217459488,0.09308510638297872,0.9114583333333334,0.10434692891481873,0.7941569954867826
cat_row_a1,ensemble,batch_allocated,0.1,cn7,967,13,97,13,84,0,870,0.13402061855670103,1.0,0.23636363636363636,0.9131334022750776,0.0880503144654088,0.865979381443299,0.32557672923748937,0.9654491211094984
cat_row_a1,ensemble,batch_allocated,0.1,rg3,946,20,95,4,91,16,835,0.042105263157894736,0.2,0.06956521739130435,0.8868921775898521,0.09827213822894168,0.9578947368421052,0.034605303479329955,0.5738120950323974
cat_event_a1,ensemble,historical_pooled,0.05,all,1913,33,97,10,87,23,1793,0.10309278350515463,0.30303030303030304,0.15384615384615385,0.9424986931521171,0.04627659574468085,0.8969072164948454,0.09541238642933073,0.79107833655706
cat_event_a1,ensemble,historical_pooled,0.05,cn7,967,13,49,9,40,4,914,0.1836734693877551,0.6923076923076923,0.2903225806451613,0.954498448810755,0.041928721174004195,0.8163265306122449,0.32557672923748937,0.9654491211094984
cat_event_a1,ensemble,historical_pooled,0.05,rg3,946,20,48,1,47,19,879,0.020833333333333332,0.05,0.029411764705882353,0.9302325581395349,0.05075593952483801,0.9791666666666666,0.030274580487286457,0.5671166306695464
cat_event_a1,ensemble,batch_allocated,0.05,all,1913,33,97,9,88,24,1792,0.09278350515463918,0.2727272727272727,0.13846153846153847,0.9414532148457919,0.04680851063829787,0.9072164948453608,0.09541238642933073,0.79107833655706
cat_event_a1,ensemble,batch_allocated,0.05,cn7,967,13,49,8,41,5,913,0.16326530612244897,0.6153846153846154,0.25806451612903225,0.9524301964839711,0.0429769392033543,0.8367346938775511,0.32557672923748937,0.9654491211094984
cat_event_a1,ensemble,batch_allocated,0.05,rg3,946,20,48,1,47,19,879,0.020833333333333332,0.05,0.029411764705882353,0.9302325581395349,0.05075593952483801,0.9791666666666666,0.030274580487286457,0.5671166306695464
cat_event_a1,ensemble,historical_pooled,0.075,all,1913,33,144,12,132,21,1748,0.08333333333333333,0.36363636363636365,0.13559322033898305,0.9200209095661265,0.07021276595744681,0.9166666666666666,0.09541238642933073,0.79107833655706
cat_event_a1,ensemble,historical_pooled,0.075,cn7,967,13,73,10,63,3,891,0.136986301369863,0.7692307692307693,0.23255813953488372,0.9317476732161324,0.0660377358490566,0.863013698630137,0.32557672923748937,0.9654491211094984
cat_event_a1,ensemble,historical_pooled,0.075,rg3,946,20,71,2,69,18,857,0.028169014084507043,0.1,0.04395604395604396,0.9080338266384778,0.07451403887688984,0.971830985915493,0.030274580487286457,0.5671166306695464
cat_event_a1,ensemble,batch_allocated,0.075,all,1913,33,144,12,132,21,1748,0.08333333333333333,0.36363636363636365,0.13559322033898305,0.9200209095661265,0.07021276595744681,0.9166666666666666,0.09541238642933073,0.79107833655706
cat_event_a1,ensemble,batch_allocated,0.075,cn7,967,13,73,11,62,2,892,0.1506849315068493,0.8461538461538461,0.2558139534883721,0.9338159255429163,0.0649895178197065,0.8493150684931506,0.32557672923748937,0.9654491211094984
cat_event_a1,ensemble,batch_allocated,0.075,rg3,946,20,71,1,70,19,856,0.014084507042253521,0.05,0.02197802197802198,0.9059196617336153,0.0755939524838013,0.9859154929577465,0.030274580487286457,0.5671166306695464
cat_event_a1,ensemble,historical_pooled,0.1,all,1913,33,192,14,178,19,1702,0.07291666666666667,0.42424242424242425,0.12444444444444444,0.8970203868269734,0.09468085106382979,0.9270833333333334,0.09541238642933073,0.79107833655706
cat_event_a1,ensemble,historical_pooled,0.1,cn7,967,13,97,12,85,1,869,0.12371134020618557,0.9230769230769231,0.21818181818181817,0.9110651499482937,0.08909853249475891,0.8762886597938144,0.32557672923748937,0.9654491211094984
cat_event_a1,ensemble,historical_pooled,0.1,rg3,946,20,95,2,93,18,833,0.021052631578947368,0.1,0.034782608695652174,0.8826638477801269,0.10043196544276457,0.9789473684210527,0.030274580487286457,0.5671166306695464
cat_event_a1,ensemble,batch_allocated,0.1,all,1913,33,192,15,177,18,1703,0.078125,0.45454545454545453,0.13333333333333333,0.8980658651332984,0.09414893617021276,0.921875,0.09541238642933073,0.79107833655706
cat_event_a1,ensemble,batch_allocated,0.1,cn7,967,13,97,13,84,0,870,0.13402061855670103,1.0,0.23636363636363636,0.9131334022750776,0.0880503144654088,0.865979381443299,0.32557672923748937,0.9654491211094984
cat_event_a1,ensemble,batch_allocated,0.1,rg3,946,20,95,2,93,18,833,0.021052631578947368,0.1,0.034782608695652174,0.8826638477801269,0.10043196544276457,0.9789473684210527,0.030274580487286457,0.5671166306695464
cat_row_a0,ensemble,historical_pooled,0.05,all,1913,33,97,9,88,24,1792,0.09278350515463918,0.2727272727272727,0.13846153846153847,0.9414532148457919,0.04680851063829787,0.9072164948453608,0.09306444711563241,0.7686734364925855
cat_row_a0,ensemble,historical_pooled,0.05,cn7,967,13,49,9,40,4,914,0.1836734693877551,0.6923076923076923,0.2903225806451613,0.954498448810755,0.041928721174004195,0.8163265306122449,0.32557672923748937,0.9654491211094984
cat_row_a0,ensemble,historical_pooled,0.05,rg3,946,20,48,0,48,20,878,0.0,0.0,0.0,0.9281183932346723,0.05183585313174946,1.0,0.02385749488337362,0.4928185745140389
cat_row_a0,ensemble,batch_allocated,0.05,all,1913,33,97,8,89,25,1791,0.08247422680412371,0.24242424242424243,0.12307692307692308,0.9404077365394669,0.04734042553191489,0.9175257731958762,0.09306444711563241,0.7686734364925855
cat_row_a0,ensemble,batch_allocated,0.05,cn7,967,13,49,8,41,5,913,0.16326530612244897,0.6153846153846154,0.25806451612903225,0.9524301964839711,0.0429769392033543,0.8367346938775511,0.32557672923748937,0.9654491211094984
cat_row_a0,ensemble,batch_allocated,0.05,rg3,946,20,48,0,48,20,878,0.0,0.0,0.0,0.9281183932346723,0.05183585313174946,1.0,0.02385749488337362,0.4928185745140389
cat_row_a0,ensemble,historical_pooled,0.075,all,1913,33,144,11,133,22,1747,0.0763888888888889,0.3333333333333333,0.12429378531073447,0.9189754312598014,0.07074468085106383,0.9236111111111112,0.09306444711563241,0.7686734364925855
cat_row_a0,ensemble,historical_pooled,0.075,cn7,967,13,73,10,63,3,891,0.136986301369863,0.7692307692307693,0.23255813953488372,0.9317476732161324,0.0660377358490566,0.863013698630137,0.32557672923748937,0.9654491211094984
cat_row_a0,ensemble,historical_pooled,0.075,rg3,946,20,71,1,70,19,856,0.014084507042253521,0.05,0.02197802197802198,0.9059196617336153,0.0755939524838013,0.9859154929577465,0.02385749488337362,0.4928185745140389
cat_row_a0,ensemble,batch_allocated,0.075,all,1913,33,144,13,131,20,1749,0.09027777777777778,0.3939393939393939,0.14689265536723164,0.9210663878724517,0.06968085106382979,0.9097222222222222,0.09306444711563241,0.7686734364925855
cat_row_a0,ensemble,batch_allocated,0.075,cn7,967,13,73,11,62,2,892,0.1506849315068493,0.8461538461538461,0.2558139534883721,0.9338159255429163,0.0649895178197065,0.8493150684931506,0.32557672923748937,0.9654491211094984
cat_row_a0,ensemble,batch_allocated,0.075,rg3,946,20,71,2,69,18,857,0.028169014084507043,0.1,0.04395604395604396,0.9080338266384778,0.07451403887688984,0.971830985915493,0.02385749488337362,0.4928185745140389
cat_row_a0,ensemble,historical_pooled,0.1,all,1913,33,192,15,177,18,1703,0.078125,0.45454545454545453,0.13333333333333333,0.8980658651332984,0.09414893617021276,0.921875,0.09306444711563241,0.7686734364925855
cat_row_a0,ensemble,historical_pooled,0.1,cn7,967,13,97,12,85,1,869,0.12371134020618557,0.9230769230769231,0.21818181818181817,0.9110651499482937,0.08909853249475891,0.8762886597938144,0.32557672923748937,0.9654491211094984
cat_row_a0,ensemble,historical_pooled,0.1,rg3,946,20,95,3,92,17,834,0.031578947368421054,0.15,0.05217391304347826,0.8847780126849895,0.09935205183585313,0.968421052631579,0.02385749488337362,0.4928185745140389
cat_row_a0,ensemble,batch_allocated,0.1,all,1913,33,192,16,176,17,1704,0.08333333333333333,0.48484848484848486,0.14222222222222222,0.8991113434396236,0.09361702127659574,0.9166666666666666,0.09306444711563241,0.7686734364925855
cat_row_a0,ensemble,batch_allocated,0.1,cn7,967,13,97,13,84,0,870,0.13402061855670103,1.0,0.23636363636363636,0.9131334022750776,0.0880503144654088,0.865979381443299,0.32557672923748937,0.9654491211094984
cat_row_a0,ensemble,batch_allocated,0.1,rg3,946,20,95,3,92,17,834,0.031578947368421054,0.15,0.05217391304347826,0.8847780126849895,0.09935205183585313,0.968421052631579,0.02385749488337362,0.4928185745140389
cat_event_a0,ensemble,historical_pooled,0.05,all,1913,33,97,9,88,24,1792,0.09278350515463918,0.2727272727272727,0.13846153846153847,0.9414532148457919,0.04680851063829787,0.9072164948453608,0.09355602723661406,0.7648694390715668
cat_event_a0,ensemble,historical_pooled,0.05,cn7,967,13,49,9,40,4,914,0.1836734693877551,0.6923076923076923,0.2903225806451613,0.954498448810755,0.041928721174004195,0.8163265306122449,0.32557672923748937,0.9654491211094984
cat_event_a0,ensemble,historical_pooled,0.05,rg3,946,20,48,0,48,20,878,0.0,0.0,0.0,0.9281183932346723,0.05183585313174946,1.0,0.02189884714177815,0.4818574514038877
cat_event_a0,ensemble,batch_allocated,0.05,all,1913,33,97,8,89,25,1791,0.08247422680412371,0.24242424242424243,0.12307692307692308,0.9404077365394669,0.04734042553191489,0.9175257731958762,0.09355602723661406,0.7648694390715668
cat_event_a0,ensemble,batch_allocated,0.05,cn7,967,13,49,8,41,5,913,0.16326530612244897,0.6153846153846154,0.25806451612903225,0.9524301964839711,0.0429769392033543,0.8367346938775511,0.32557672923748937,0.9654491211094984
cat_event_a0,ensemble,batch_allocated,0.05,rg3,946,20,48,0,48,20,878,0.0,0.0,0.0,0.9281183932346723,0.05183585313174946,1.0,0.02189884714177815,0.4818574514038877
cat_event_a0,ensemble,historical_pooled,0.075,all,1913,33,144,10,134,23,1746,0.06944444444444445,0.30303030303030304,0.11299435028248588,0.9179299529534762,0.07127659574468086,0.9305555555555556,0.09355602723661406,0.7648694390715668
cat_event_a0,ensemble,historical_pooled,0.075,cn7,967,13,73,10,63,3,891,0.136986301369863,0.7692307692307693,0.23255813953488372,0.9317476732161324,0.0660377358490566,0.863013698630137,0.32557672923748937,0.9654491211094984
cat_event_a0,ensemble,historical_pooled,0.075,rg3,946,20,71,0,71,20,855,0.0,0.0,0.0,0.9038054968287527,0.07667386609071274,1.0,0.02189884714177815,0.4818574514038877
cat_event_a0,ensemble,batch_allocated,0.075,all,1913,33,144,11,133,22,1747,0.0763888888888889,0.3333333333333333,0.12429378531073447,0.9189754312598014,0.07074468085106383,0.9236111111111112,0.09355602723661406,0.7648694390715668
cat_event_a0,ensemble,batch_allocated,0.075,cn7,967,13,73,11,62,2,892,0.1506849315068493,0.8461538461538461,0.2558139534883721,0.9338159255429163,0.0649895178197065,0.8493150684931506,0.32557672923748937,0.9654491211094984
cat_event_a0,ensemble,batch_allocated,0.075,rg3,946,20,71,0,71,20,855,0.0,0.0,0.0,0.9038054968287527,0.07667386609071274,1.0,0.02189884714177815,0.4818574514038877
cat_event_a0,ensemble,historical_pooled,0.1,all,1913,33,192,13,179,20,1701,0.06770833333333333,0.3939393939393939,0.11555555555555555,0.8959749085206482,0.09521276595744681,0.9322916666666666,0.09355602723661406,0.7648694390715668
cat_event_a0,ensemble,historical_pooled,0.1,cn7,967,13,97,12,85,1,869,0.12371134020618557,0.9230769230769231,0.21818181818181817,0.9110651499482937,0.08909853249475891,0.8762886597938144,0.32557672923748937,0.9654491211094984
cat_event_a0,ensemble,historical_pooled,0.1,rg3,946,20,95,1,94,19,832,0.010526315789473684,0.05,0.017391304347826087,0.8805496828752643,0.10151187904967603,0.9894736842105263,0.02189884714177815,0.4818574514038877
cat_event_a0,ensemble,batch_allocated,0.1,all,1913,33,192,14,178,19,1702,0.07291666666666667,0.42424242424242425,0.12444444444444444,0.8970203868269734,0.09468085106382979,0.9270833333333334,0.09355602723661406,0.7648694390715668
cat_event_a0,ensemble,batch_allocated,0.1,cn7,967,13,97,13,84,0,870,0.13402061855670103,1.0,0.23636363636363636,0.9131334022750776,0.0880503144654088,0.865979381443299,0.32557672923748937,0.9654491211094984
cat_event_a0,ensemble,batch_allocated,0.1,rg3,946,20,95,1,94,19,832,0.010526315789473684,0.05,0.017391304347826087,0.8805496828752643,0.10151187904967603,0.9894736842105263,0.02189884714177815,0.4818574514038877
cat_row_a0.25,ensemble,historical_pooled,0.05,all,1913,33,97,10,87,23,1793,0.10309278350515463,0.30303030303030304,0.15384615384615385,0.9424986931521171,0.04627659574468085,0.8969072164948454,0.11033004136099296,0.7774258542875563
cat_row_a0.25,ensemble,historical_pooled,0.05,cn7,967,13,49,9,40,4,914,0.1836734693877551,0.6923076923076923,0.2903225806451613,0.954498448810755,0.041928721174004195,0.8163265306122449,0.32557672923748937,0.9654491211094984
cat_row_a0.25,ensemble,historical_pooled,0.05,rg3,946,20,48,1,47,19,879,0.020833333333333332,0.05,0.029411764705882353,0.9302325581395349,0.05075593952483801,0.9791666666666666,0.03448564795385209,0.5184125269978402
cat_row_a0.25,ensemble,batch_allocated,0.05,all,1913,33,97,9,88,24,1792,0.09278350515463918,0.2727272727272727,0.13846153846153847,0.9414532148457919,0.04680851063829787,0.9072164948453608,0.11033004136099296,0.7774258542875563
cat_row_a0.25,ensemble,batch_allocated,0.05,cn7,967,13,49,8,41,5,913,0.16326530612244897,0.6153846153846154,0.25806451612903225,0.9524301964839711,0.0429769392033543,0.8367346938775511,0.32557672923748937,0.9654491211094984
cat_row_a0.25,ensemble,batch_allocated,0.05,rg3,946,20,48,1,47,19,879,0.020833333333333332,0.05,0.029411764705882353,0.9302325581395349,0.05075593952483801,0.9791666666666666,0.03448564795385209,0.5184125269978402
cat_row_a0.25,ensemble,historical_pooled,0.075,all,1913,33,144,11,133,22,1747,0.0763888888888889,0.3333333333333333,0.12429378531073447,0.9189754312598014,0.07074468085106383,0.9236111111111112,0.11033004136099296,0.7774258542875563
cat_row_a0.25,ensemble,historical_pooled,0.075,cn7,967,13,73,10,63,3,891,0.136986301369863,0.7692307692307693,0.23255813953488372,0.9317476732161324,0.0660377358490566,0.863013698630137,0.32557672923748937,0.9654491211094984
cat_row_a0.25,ensemble,historical_pooled,0.075,rg3,946,20,71,1,70,19,856,0.014084507042253521,0.05,0.02197802197802198,0.9059196617336153,0.0755939524838013,0.9859154929577465,0.03448564795385209,0.5184125269978402
cat_row_a0.25,ensemble,batch_allocated,0.075,all,1913,33,144,12,132,21,1748,0.08333333333333333,0.36363636363636365,0.13559322033898305,0.9200209095661265,0.07021276595744681,0.9166666666666666,0.11033004136099296,0.7774258542875563
cat_row_a0.25,ensemble,batch_allocated,0.075,cn7,967,13,73,11,62,2,892,0.1506849315068493,0.8461538461538461,0.2558139534883721,0.9338159255429163,0.0649895178197065,0.8493150684931506,0.32557672923748937,0.9654491211094984
cat_row_a0.25,ensemble,batch_allocated,0.075,rg3,946,20,71,1,70,19,856,0.014084507042253521,0.05,0.02197802197802198,0.9059196617336153,0.0755939524838013,0.9859154929577465,0.03448564795385209,0.5184125269978402
cat_row_a0.25,ensemble,historical_pooled,0.1,all,1913,33,192,17,175,16,1705,0.08854166666666667,0.5151515151515151,0.1511111111111111,0.9001568217459488,0.09308510638297872,0.9114583333333334,0.11033004136099296,0.7774258542875563
cat_row_a0.25,ensemble,historical_pooled,0.1,cn7,967,13,97,12,85,1,869,0.12371134020618557,0.9230769230769231,0.21818181818181817,0.9110651499482937,0.08909853249475891,0.8762886597938144,0.32557672923748937,0.9654491211094984
cat_row_a0.25,ensemble,historical_pooled,0.1,rg3,946,20,95,5,90,15,836,0.05263157894736842,0.25,0.08695652173913043,0.8890063424947146,0.09719222462203024,0.9473684210526315,0.03448564795385209,0.5184125269978402
cat_row_a0.25,ensemble,batch_allocated,0.1,all,1913,33,192,18,174,15,1706,0.09375,0.5454545454545454,0.16,0.9012023000522739,0.0925531914893617,0.90625,0.11033004136099296,0.7774258542875563
cat_row_a0.25,ensemble,batch_allocated,0.1,cn7,967,13,97,13,84,0,870,0.13402061855670103,1.0,0.23636363636363636,0.9131334022750776,0.0880503144654088,0.865979381443299,0.32557672923748937,0.9654491211094984
cat_row_a0.25,ensemble,batch_allocated,0.1,rg3,946,20,95,5,90,15,836,0.05263157894736842,0.25,0.08695652173913043,0.8890063424947146,0.09719222462203024,0.9473684210526315,0.03448564795385209,0.5184125269978402
cat_event_a0.25,ensemble,historical_pooled,0.05,all,1913,33,97,10,87,23,1793,0.10309278350515463,0.30303030303030304,0.15384615384615385,0.9424986931521171,0.04627659574468085,0.8969072164948454,0.09823881769959653,0.7646276595744681
cat_event_a0.25,ensemble,historical_pooled,0.05,cn7,967,13,49,9,40,4,914,0.1836734693877551,0.6923076923076923,0.2903225806451613,0.954498448810755,0.041928721174004195,0.8163265306122449,0.32557672923748937,0.9654491211094984
cat_event_a0.25,ensemble,historical_pooled,0.05,rg3,946,20,48,1,47,19,879,0.020833333333333332,0.05,0.029411764705882353,0.9302325581395349,0.05075593952483801,0.9791666666666666,0.024107229805714857,0.4807235421166306
cat_event_a0.25,ensemble,batch_allocated,0.05,all,1913,33,97,9,88,24,1792,0.09278350515463918,0.2727272727272727,0.13846153846153847,0.9414532148457919,0.04680851063829787,0.9072164948453608,0.09823881769959653,0.7646276595744681
cat_event_a0.25,ensemble,batch_allocated,0.05,cn7,967,13,49,8,41,5,913,0.16326530612244897,0.6153846153846154,0.25806451612903225,0.9524301964839711,0.0429769392033543,0.8367346938775511,0.32557672923748937,0.9654491211094984
cat_event_a0.25,ensemble,batch_allocated,0.05,rg3,946,20,48,1,47,19,879,0.020833333333333332,0.05,0.029411764705882353,0.9302325581395349,0.05075593952483801,0.9791666666666666,0.024107229805714857,0.4807235421166306
cat_event_a0.25,ensemble,historical_pooled,0.075,all,1913,33,144,12,132,21,1748,0.08333333333333333,0.36363636363636365,0.13559322033898305,0.9200209095661265,0.07021276595744681,0.9166666666666666,0.09823881769959653,0.7646276595744681
cat_event_a0.25,ensemble,historical_pooled,0.075,cn7,967,13,73,10,63,3,891,0.136986301369863,0.7692307692307693,0.23255813953488372,0.9317476732161324,0.0660377358490566,0.863013698630137,0.32557672923748937,0.9654491211094984
cat_event_a0.25,ensemble,historical_pooled,0.075,rg3,946,20,71,2,69,18,857,0.028169014084507043,0.1,0.04395604395604396,0.9080338266384778,0.07451403887688984,0.971830985915493,0.024107229805714857,0.4807235421166306
cat_event_a0.25,ensemble,batch_allocated,0.075,all,1913,33,144,12,132,21,1748,0.08333333333333333,0.36363636363636365,0.13559322033898305,0.9200209095661265,0.07021276595744681,0.9166666666666666,0.09823881769959653,0.7646276595744681
cat_event_a0.25,ensemble,batch_allocated,0.075,cn7,967,13,73,11,62,2,892,0.1506849315068493,0.8461538461538461,0.2558139534883721,0.9338159255429163,0.0649895178197065,0.8493150684931506,0.32557672923748937,0.9654491211094984
cat_event_a0.25,ensemble,batch_allocated,0.075,rg3,946,20,71,1,70,19,856,0.014084507042253521,0.05,0.02197802197802198,0.9059196617336153,0.0755939524838013,0.9859154929577465,0.024107229805714857,0.4807235421166306
cat_event_a0.25,ensemble,historical_pooled,0.1,all,1913,33,192,14,178,19,1702,0.07291666666666667,0.42424242424242425,0.12444444444444444,0.8970203868269734,0.09468085106382979,0.9270833333333334,0.09823881769959653,0.7646276595744681
cat_event_a0.25,ensemble,historical_pooled,0.1,cn7,967,13,97,12,85,1,869,0.12371134020618557,0.9230769230769231,0.21818181818181817,0.9110651499482937,0.08909853249475891,0.8762886597938144,0.32557672923748937,0.9654491211094984
cat_event_a0.25,ensemble,historical_pooled,0.1,rg3,946,20,95,2,93,18,833,0.021052631578947368,0.1,0.034782608695652174,0.8826638477801269,0.10043196544276457,0.9789473684210527,0.024107229805714857,0.4807235421166306
cat_event_a0.25,ensemble,batch_allocated,0.1,all,1913,33,192,15,177,18,1703,0.078125,0.45454545454545453,0.13333333333333333,0.8980658651332984,0.09414893617021276,0.921875,0.09823881769959653,0.7646276595744681
cat_event_a0.25,ensemble,batch_allocated,0.1,cn7,967,13,97,13,84,0,870,0.13402061855670103,1.0,0.23636363636363636,0.9131334022750776,0.0880503144654088,0.865979381443299,0.32557672923748937,0.9654491211094984
cat_event_a0.25,ensemble,batch_allocated,0.1,rg3,946,20,95,2,93,18,833,0.021052631578947368,0.1,0.034782608695652174,0.8826638477801269,0.10043196544276457,0.9789473684210527,0.024107229805714857,0.4807235421166306
cat_row_a0.5,ensemble,historical_pooled,0.05,all,1913,33,97,12,85,21,1795,0.12371134020618557,0.36363636363636365,0.18461538461538463,0.9445896497647673,0.04521276595744681,0.8762886597938144,0.10249873913258184,0.777329142488717
cat_row_a0.5,ensemble,historical_pooled,0.05,cn7,967,13,49,9,40,4,914,0.1836734693877551,0.6923076923076923,0.2903225806451613,0.954498448810755,0.041928721174004195,0.8163265306122449,0.32557672923748937,0.9654491211094984
cat_row_a0.5,ensemble,historical_pooled,0.05,rg3,946,20,48,3,45,17,881,0.0625,0.15,0.08823529411764706,0.9344608879492601,0.04859611231101512,0.9375,0.03322885531745905,0.5204103671706264
cat_row_a0.5,ensemble,batch_allocated,0.05,all,1913,33,97,11,86,22,1794,0.1134020618556701,0.3333333333333333,0.16923076923076924,0.9435441714584423,0.045744680851063826,0.8865979381443299,0.10249873913258184,0.777329142488717
cat_row_a0.5,ensemble,batch_allocated,0.05,cn7,967,13,49,8,41,5,913,0.16326530612244897,0.6153846153846154,0.25806451612903225,0.9524301964839711,0.0429769392033543,0.8367346938775511,0.32557672923748937,0.9654491211094984
cat_row_a0.5,ensemble,batch_allocated,0.05,rg3,946,20,48,3,45,17,881,0.0625,0.15,0.08823529411764706,0.9344608879492601,0.04859611231101512,0.9375,0.03322885531745905,0.5204103671706264
cat_row_a0.5,ensemble,historical_pooled,0.075,all,1913,33,144,14,130,19,1750,0.09722222222222222,0.42424242424242425,0.15819209039548024,0.9221118661787768,0.06914893617021277,0.9027777777777778,0.10249873913258184,0.777329142488717
cat_row_a0.5,ensemble,historical_pooled,0.075,cn7,967,13,73,10,63,3,891,0.136986301369863,0.7692307692307693,0.23255813953488372,0.9317476732161324,0.0660377358490566,0.863013698630137,0.32557672923748937,0.9654491211094984
cat_row_a0.5,ensemble,historical_pooled,0.075,rg3,946,20,71,4,67,16,859,0.056338028169014086,0.2,0.08791208791208792,0.912262156448203,0.07235421166306695,0.9436619718309859,0.03322885531745905,0.5204103671706264
cat_row_a0.5,ensemble,batch_allocated,0.075,all,1913,33,144,15,129,18,1751,0.10416666666666667,0.45454545454545453,0.1694915254237288,0.9231573444851019,0.06861702127659575,0.8958333333333334,0.10249873913258184,0.777329142488717
cat_row_a0.5,ensemble,batch_allocated,0.075,cn7,967,13,73,11,62,2,892,0.1506849315068493,0.8461538461538461,0.2558139534883721,0.9338159255429163,0.0649895178197065,0.8493150684931506,0.32557672923748937,0.9654491211094984
cat_row_a0.5,ensemble,batch_allocated,0.075,rg3,946,20,71,4,67,16,859,0.056338028169014086,0.2,0.08791208791208792,0.912262156448203,0.07235421166306695,0.9436619718309859,0.03322885531745905,0.5204103671706264
cat_row_a0.5,ensemble,historical_pooled,0.1,all,1913,33,192,16,176,17,1704,0.08333333333333333,0.48484848484848486,0.14222222222222222,0.8991113434396236,0.09361702127659574,0.9166666666666666,0.10249873913258184,0.777329142488717
cat_row_a0.5,ensemble,historical_pooled,0.1,cn7,967,13,97,12,85,1,869,0.12371134020618557,0.9230769230769231,0.21818181818181817,0.9110651499482937,0.08909853249475891,0.8762886597938144,0.32557672923748937,0.9654491211094984
cat_row_a0.5,ensemble,historical_pooled,0.1,rg3,946,20,95,4,91,16,835,0.042105263157894736,0.2,0.06956521739130435,0.8868921775898521,0.09827213822894168,0.9578947368421052,0.03322885531745905,0.5204103671706264
cat_row_a0.5,ensemble,batch_allocated,0.1,all,1913,33,192,17,175,16,1705,0.08854166666666667,0.5151515151515151,0.1511111111111111,0.9001568217459488,0.09308510638297872,0.9114583333333334,0.10249873913258184,0.777329142488717
cat_row_a0.5,ensemble,batch_allocated,0.1,cn7,967,13,97,13,84,0,870,0.13402061855670103,1.0,0.23636363636363636,0.9131334022750776,0.0880503144654088,0.865979381443299,0.32557672923748937,0.9654491211094984
cat_row_a0.5,ensemble,batch_allocated,0.1,rg3,946,20,95,4,91,16,835,0.042105263157894736,0.2,0.06956521739130435,0.8868921775898521,0.09827213822894168,0.9578947368421052,0.03322885531745905,0.5204103671706264
cat_event_a0.5,ensemble,historical_pooled,0.05,all,1913,33,97,11,86,22,1794,0.1134020618556701,0.3333333333333333,0.16923076923076924,0.9435441714584423,0.045744680851063826,0.8865979381443299,0.09432019453919374,0.7766682785299808
cat_event_a0.5,ensemble,historical_pooled,0.05,cn7,967,13,49,9,40,4,914,0.1836734693877551,0.6923076923076923,0.2903225806451613,0.954498448810755,0.041928721174004195,0.8163265306122449,0.32557672923748937,0.9654491211094984
cat_event_a0.5,ensemble,historical_pooled,0.05,rg3,946,20,48,2,46,18,880,0.041666666666666664,0.1,0.058823529411764705,0.9323467230443975,0.04967602591792657,0.9583333333333334,0.027246669194049056,0.5213822894168466
cat_event_a0.5,ensemble,batch_allocated,0.05,all,1913,33,97,10,87,23,1793,0.10309278350515463,0.30303030303030304,0.15384615384615385,0.9424986931521171,0.04627659574468085,0.8969072164948454,0.09432019453919374,0.7766682785299808
cat_event_a0.5,ensemble,batch_allocated,0.05,cn7,967,13,49,8,41,5,913,0.16326530612244897,0.6153846153846154,0.25806451612903225,0.9524301964839711,0.0429769392033543,0.8367346938775511,0.32557672923748937,0.9654491211094984
cat_event_a0.5,ensemble,batch_allocated,0.05,rg3,946,20,48,2,46,18,880,0.041666666666666664,0.1,0.058823529411764705,0.9323467230443975,0.04967602591792657,0.9583333333333334,0.027246669194049056,0.5213822894168466
cat_event_a0.5,ensemble,historical_pooled,0.075,all,1913,33,144,12,132,21,1748,0.08333333333333333,0.36363636363636365,0.13559322033898305,0.9200209095661265,0.07021276595744681,0.9166666666666666,0.09432019453919374,0.7766682785299808
cat_event_a0.5,ensemble,historical_pooled,0.075,cn7,967,13,73,10,63,3,891,0.136986301369863,0.7692307692307693,0.23255813953488372,0.9317476732161324,0.0660377358490566,0.863013698630137,0.32557672923748937,0.9654491211094984
cat_event_a0.5,ensemble,historical_pooled,0.075,rg3,946,20,71,2,69,18,857,0.028169014084507043,0.1,0.04395604395604396,0.9080338266384778,0.07451403887688984,0.971830985915493,0.027246669194049056,0.5213822894168466
cat_event_a0.5,ensemble,batch_allocated,0.075,all,1913,33,144,13,131,20,1749,0.09027777777777778,0.3939393939393939,0.14689265536723164,0.9210663878724517,0.06968085106382979,0.9097222222222222,0.09432019453919374,0.7766682785299808
cat_event_a0.5,ensemble,batch_allocated,0.075,cn7,967,13,73,11,62,2,892,0.1506849315068493,0.8461538461538461,0.2558139534883721,0.9338159255429163,0.0649895178197065,0.8493150684931506,0.32557672923748937,0.9654491211094984
cat_event_a0.5,ensemble,batch_allocated,0.075,rg3,946,20,71,2,69,18,857,0.028169014084507043,0.1,0.04395604395604396,0.9080338266384778,0.07451403887688984,0.971830985915493,0.027246669194049056,0.5213822894168466
cat_event_a0.5,ensemble,historical_pooled,0.1,all,1913,33,192,15,177,18,1703,0.078125,0.45454545454545453,0.13333333333333333,0.8980658651332984,0.09414893617021276,0.921875,0.09432019453919374,0.7766682785299808
cat_event_a0.5,ensemble,historical_pooled,0.1,cn7,967,13,97,12,85,1,869,0.12371134020618557,0.9230769230769231,0.21818181818181817,0.9110651499482937,0.08909853249475891,0.8762886597938144,0.32557672923748937,0.9654491211094984
cat_event_a0.5,ensemble,historical_pooled,0.1,rg3,946,20,95,3,92,17,834,0.031578947368421054,0.15,0.05217391304347826,0.8847780126849895,0.09935205183585313,0.968421052631579,0.027246669194049056,0.5213822894168466
cat_event_a0.5,ensemble,batch_allocated,0.1,all,1913,33,192,16,176,17,1704,0.08333333333333333,0.48484848484848486,0.14222222222222222,0.8991113434396236,0.09361702127659574,0.9166666666666666,0.09432019453919374,0.7766682785299808
cat_event_a0.5,ensemble,batch_allocated,0.1,cn7,967,13,97,13,84,0,870,0.13402061855670103,1.0,0.23636363636363636,0.9131334022750776,0.0880503144654088,0.865979381443299,0.32557672923748937,0.9654491211094984
cat_event_a0.5,ensemble,batch_allocated,0.1,rg3,946,20,95,3,92,17,834,0.031578947368421054,0.15,0.05217391304347826,0.8847780126849895,0.09935205183585313,0.968421052631579,0.027246669194049056,0.5213822894168466
nested_selected,ensemble,historical_pooled,0.05,all,1913,33,97,10,87,23,1793,0.10309278350515463,0.30303030303030304,0.15384615384615385,0.9424986931521171,0.04627659574468085,0.8969072164948454,0.10550049031757669,0.790159574468085
nested_selected,ensemble,historical_pooled,0.05,cn7,967,13,49,9,40,4,914,0.1836734693877551,0.6923076923076923,0.2903225806451613,0.954498448810755,0.041928721174004195,0.8163265306122449,0.32557672923748937,0.9654491211094984
nested_selected,ensemble,historical_pooled,0.05,rg3,946,20,48,1,47,19,879,0.020833333333333332,0.05,0.029411764705882353,0.9302325581395349,0.05075593952483801,0.9791666666666666,0.03088908419658412,0.5615550755939526
nested_selected,ensemble,batch_allocated,0.05,all,1913,33,97,9,88,24,1792,0.09278350515463918,0.2727272727272727,0.13846153846153847,0.9414532148457919,0.04680851063829787,0.9072164948453608,0.10550049031757669,0.790159574468085
nested_selected,ensemble,batch_allocated,0.05,cn7,967,13,49,8,41,5,913,0.16326530612244897,0.6153846153846154,0.25806451612903225,0.9524301964839711,0.0429769392033543,0.8367346938775511,0.32557672923748937,0.9654491211094984
nested_selected,ensemble,batch_allocated,0.05,rg3,946,20,48,1,47,19,879,0.020833333333333332,0.05,0.029411764705882353,0.9302325581395349,0.05075593952483801,0.9791666666666666,0.03088908419658412,0.5615550755939526
nested_selected,ensemble,historical_pooled,0.075,all,1913,33,144,11,133,22,1747,0.0763888888888889,0.3333333333333333,0.12429378531073447,0.9189754312598014,0.07074468085106383,0.9236111111111112,0.10550049031757669,0.790159574468085
nested_selected,ensemble,historical_pooled,0.075,cn7,967,13,73,10,63,3,891,0.136986301369863,0.7692307692307693,0.23255813953488372,0.9317476732161324,0.0660377358490566,0.863013698630137,0.32557672923748937,0.9654491211094984
nested_selected,ensemble,historical_pooled,0.075,rg3,946,20,71,1,70,19,856,0.014084507042253521,0.05,0.02197802197802198,0.9059196617336153,0.0755939524838013,0.9859154929577465,0.03088908419658412,0.5615550755939526
nested_selected,ensemble,batch_allocated,0.075,all,1913,33,144,12,132,21,1748,0.08333333333333333,0.36363636363636365,0.13559322033898305,0.9200209095661265,0.07021276595744681,0.9166666666666666,0.10550049031757669,0.790159574468085
nested_selected,ensemble,batch_allocated,0.075,cn7,967,13,73,11,62,2,892,0.1506849315068493,0.8461538461538461,0.2558139534883721,0.9338159255429163,0.0649895178197065,0.8493150684931506,0.32557672923748937,0.9654491211094984
nested_selected,ensemble,batch_allocated,0.075,rg3,946,20,71,1,70,19,856,0.014084507042253521,0.05,0.02197802197802198,0.9059196617336153,0.0755939524838013,0.9859154929577465,0.03088908419658412,0.5615550755939526
nested_selected,ensemble,historical_pooled,0.1,all,1913,33,192,13,179,20,1701,0.06770833333333333,0.3939393939393939,0.11555555555555555,0.8959749085206482,0.09521276595744681,0.9322916666666666,0.10550049031757669,0.790159574468085
nested_selected,ensemble,historical_pooled,0.1,cn7,967,13,97,12,85,1,869,0.12371134020618557,0.9230769230769231,0.21818181818181817,0.9110651499482937,0.08909853249475891,0.8762886597938144,0.32557672923748937,0.9654491211094984
nested_selected,ensemble,historical_pooled,0.1,rg3,946,20,95,1,94,19,832,0.010526315789473684,0.05,0.017391304347826087,0.8805496828752643,0.10151187904967603,0.9894736842105263,0.03088908419658412,0.5615550755939526
nested_selected,ensemble,batch_allocated,0.1,all,1913,33,192,15,177,18,1703,0.078125,0.45454545454545453,0.13333333333333333,0.8980658651332984,0.09414893617021276,0.921875,0.10550049031757669,0.790159574468085
nested_selected,ensemble,batch_allocated,0.1,cn7,967,13,97,13,84,0,870,0.13402061855670103,1.0,0.23636363636363636,0.9131334022750776,0.0880503144654088,0.865979381443299,0.32557672923748937,0.9654491211094984
nested_selected,ensemble,batch_allocated,0.1,rg3,946,20,95,2,93,18,833,0.021052631578947368,0.1,0.034782608695652174,0.8826638477801269,0.10043196544276457,0.9789473684210527,0.03088908419658412,0.5615550755939526
historical_gpu,20260922,historical_pooled,0.05,all,1913,33,97,10,87,23,1793,0.10309278350515463,0.30303030303030304,0.15384615384615385,0.9424986931521171,0.04627659574468085,0.8969072164948454,0.1030638082812796,0.7975580270793037
historical_gpu,20260922,historical_pooled,0.05,cn7,967,13,49,9,40,4,914,0.1836734693877551,0.6923076923076923,0.2903225806451613,0.954498448810755,0.041928721174004195,0.8163265306122449,0.32557672923748937,0.9654491211094984
historical_gpu,20260922,historical_pooled,0.05,rg3,946,20,48,1,47,19,879,0.020833333333333332,0.05,0.029411764705882353,0.9302325581395349,0.05075593952483801,0.9791666666666666,0.0325576661777877,0.5846652267818575
historical_gpu,20260922,batch_allocated,0.05,all,1913,33,97,10,87,23,1793,0.10309278350515463,0.30303030303030304,0.15384615384615385,0.9424986931521171,0.04627659574468085,0.8969072164948454,0.1030638082812796,0.7975580270793037
historical_gpu,20260922,batch_allocated,0.05,cn7,967,13,49,8,41,5,913,0.16326530612244897,0.6153846153846154,0.25806451612903225,0.9524301964839711,0.0429769392033543,0.8367346938775511,0.32557672923748937,0.9654491211094984
historical_gpu,20260922,batch_allocated,0.05,rg3,946,20,48,2,46,18,880,0.041666666666666664,0.1,0.058823529411764705,0.9323467230443975,0.04967602591792657,0.9583333333333334,0.0325576661777877,0.5846652267818575
historical_gpu,20260922,historical_pooled,0.075,all,1913,33,144,14,130,19,1750,0.09722222222222222,0.42424242424242425,0.15819209039548024,0.9221118661787768,0.06914893617021277,0.9027777777777778,0.1030638082812796,0.7975580270793037
historical_gpu,20260922,historical_pooled,0.075,cn7,967,13,73,10,63,3,891,0.136986301369863,0.7692307692307693,0.23255813953488372,0.9317476732161324,0.0660377358490566,0.863013698630137,0.32557672923748937,0.9654491211094984
historical_gpu,20260922,historical_pooled,0.075,rg3,946,20,71,4,67,16,859,0.056338028169014086,0.2,0.08791208791208792,0.912262156448203,0.07235421166306695,0.9436619718309859,0.0325576661777877,0.5846652267818575
historical_gpu,20260922,batch_allocated,0.075,all,1913,33,144,15,129,18,1751,0.10416666666666667,0.45454545454545453,0.1694915254237288,0.9231573444851019,0.06861702127659575,0.8958333333333334,0.1030638082812796,0.7975580270793037
historical_gpu,20260922,batch_allocated,0.075,cn7,967,13,73,11,62,2,892,0.1506849315068493,0.8461538461538461,0.2558139534883721,0.9338159255429163,0.0649895178197065,0.8493150684931506,0.32557672923748937,0.9654491211094984
historical_gpu,20260922,batch_allocated,0.075,rg3,946,20,71,4,67,16,859,0.056338028169014086,0.2,0.08791208791208792,0.912262156448203,0.07235421166306695,0.9436619718309859,0.0325576661777877,0.5846652267818575
historical_gpu,20260922,historical_pooled,0.1,all,1913,33,192,16,176,17,1704,0.08333333333333333,0.48484848484848486,0.14222222222222222,0.8991113434396236,0.09361702127659574,0.9166666666666666,0.1030638082812796,0.7975580270793037
historical_gpu,20260922,historical_pooled,0.1,cn7,967,13,97,12,85,1,869,0.12371134020618557,0.9230769230769231,0.21818181818181817,0.9110651499482937,0.08909853249475891,0.8762886597938144,0.32557672923748937,0.9654491211094984
historical_gpu,20260922,historical_pooled,0.1,rg3,946,20,95,4,91,16,835,0.042105263157894736,0.2,0.06956521739130435,0.8868921775898521,0.09827213822894168,0.9578947368421052,0.0325576661777877,0.5846652267818575
historical_gpu,20260922,batch_allocated,0.1,all,1913,33,192,18,174,15,1706,0.09375,0.5454545454545454,0.16,0.9012023000522739,0.0925531914893617,0.90625,0.1030638082812796,0.7975580270793037
historical_gpu,20260922,batch_allocated,0.1,cn7,967,13,97,13,84,0,870,0.13402061855670103,1.0,0.23636363636363636,0.9131334022750776,0.0880503144654088,0.865979381443299,0.32557672923748937,0.9654491211094984
historical_gpu,20260922,batch_allocated,0.1,rg3,946,20,95,5,90,15,836,0.05263157894736842,0.25,0.08695652173913043,0.8890063424947146,0.09719222462203024,0.9473684210526315,0.0325576661777877,0.5846652267818575
historical_cpu,20260922,historical_pooled,0.05,all,1913,33,97,8,89,25,1791,0.08247422680412371,0.24242424242424243,0.12307692307692308,0.9404077365394669,0.04734042553191489,0.9175257731958762,0.11541918898088648,0.7584219858156029
historical_cpu,20260922,historical_pooled,0.05,cn7,967,13,49,7,42,6,912,0.14285714285714285,0.5384615384615384,0.22580645161290322,0.9503619441571872,0.0440251572327044,0.8571428571428571,0.28626515038456846,0.9333575229801645
historical_cpu,20260922,historical_pooled,0.05,rg3,946,20,48,1,47,19,879,0.020833333333333332,0.05,0.029411764705882353,0.9302325581395349,0.05075593952483801,0.9791666666666666,0.0230579391073042,0.5213822894168466
historical_cpu,20260922,batch_allocated,0.05,all,1913,33,97,8,89,25,1791,0.08247422680412371,0.24242424242424243,0.12307692307692308,0.9404077365394669,0.04734042553191489,0.9175257731958762,0.11541918898088648,0.7584219858156029
historical_cpu,20260922,batch_allocated,0.05,cn7,967,13,49,7,42,6,912,0.14285714285714285,0.5384615384615384,0.22580645161290322,0.9503619441571872,0.0440251572327044,0.8571428571428571,0.28626515038456846,0.9333575229801645
historical_cpu,20260922,batch_allocated,0.05,rg3,946,20,48,1,47,19,879,0.020833333333333332,0.05,0.029411764705882353,0.9302325581395349,0.05075593952483801,0.9791666666666666,0.0230579391073042,0.5213822894168466
historical_cpu,20260922,historical_pooled,0.075,all,1913,33,144,9,135,24,1745,0.0625,0.2727272727272727,0.1016949152542373,0.9168844746471511,0.07180851063829788,0.9375,0.11541918898088648,0.7584219858156029
historical_cpu,20260922,historical_pooled,0.075,cn7,967,13,73,8,65,5,889,0.1095890410958904,0.6153846153846154,0.18604651162790697,0.9276111685625646,0.06813417190775681,0.8904109589041096,0.28626515038456846,0.9333575229801645
historical_cpu,20260922,historical_pooled,0.075,rg3,946,20,71,1,70,19,856,0.014084507042253521,0.05,0.02197802197802198,0.9059196617336153,0.0755939524838013,0.9859154929577465,0.0230579391073042,0.5213822894168466
historical_cpu,20260922,batch_allocated,0.075,all,1913,33,144,10,134,23,1746,0.06944444444444445,0.30303030303030304,0.11299435028248588,0.9179299529534762,0.07127659574468086,0.9305555555555556,0.11541918898088648,0.7584219858156029
historical_cpu,20260922,batch_allocated,0.075,cn7,967,13,73,9,64,4,890,0.1232876712328767,0.6923076923076923,0.20930232558139536,0.9296794208893485,0.06708595387840671,0.8767123287671232,0.28626515038456846,0.9333575229801645
historical_cpu,20260922,batch_allocated,0.075,rg3,946,20,71,1,70,19,856,0.014084507042253521,0.05,0.02197802197802198,0.9059196617336153,0.0755939524838013,0.9859154929577465,0.0230579391073042,0.5213822894168466
historical_cpu,20260922,historical_pooled,0.1,all,1913,33,192,12,180,21,1700,0.0625,0.36363636363636365,0.10666666666666667,0.894929430214323,0.09574468085106383,0.9375,0.11541918898088648,0.7584219858156029
historical_cpu,20260922,historical_pooled,0.1,cn7,967,13,97,11,86,2,868,0.1134020618556701,0.8461538461538461,0.2,0.9089968976215098,0.09014675052410902,0.8865979381443299,0.28626515038456846,0.9333575229801645
historical_cpu,20260922,historical_pooled,0.1,rg3,946,20,95,1,94,19,832,0.010526315789473684,0.05,0.017391304347826087,0.8805496828752643,0.10151187904967603,0.9894736842105263,0.0230579391073042,0.5213822894168466
historical_cpu,20260922,batch_allocated,0.1,all,1913,33,192,11,181,22,1699,0.057291666666666664,0.3333333333333333,0.09777777777777778,0.893883951907998,0.09627659574468085,0.9427083333333334,0.11541918898088648,0.7584219858156029
historical_cpu,20260922,batch_allocated,0.1,cn7,967,13,97,9,88,4,866,0.09278350515463918,0.6923076923076923,0.16363636363636364,0.9048603929679421,0.09224318658280922,0.9072164948453608,0.28626515038456846,0.9333575229801645
historical_cpu,20260922,batch_allocated,0.1,rg3,946,20,95,2,93,18,833,0.021052631578947368,0.1,0.034782608695652174,0.8826638477801269,0.10043196544276457,0.9789473684210527,0.0230579391073042,0.5213822894168466
historical_gpu,20260923,historical_pooled,0.05,all,1913,33,97,11,86,22,1794,0.1134020618556701,0.3333333333333333,0.16923076923076924,0.9435441714584423,0.045744680851063826,0.8865979381443299,0.09911264784435664,0.7943181818181819
historical_gpu,20260923,historical_pooled,0.05,cn7,967,13,49,9,40,4,914,0.1836734693877551,0.6923076923076923,0.2903225806451613,0.954498448810755,0.041928721174004195,0.8163265306122449,0.32557672923748937,0.9654491211094984
historical_gpu,20260923,historical_pooled,0.05,rg3,946,20,48,2,46,18,880,0.041666666666666664,0.1,0.058823529411764705,0.9323467230443975,0.04967602591792657,0.9583333333333334,0.03215783346097993,0.5748380129589633
historical_gpu,20260923,batch_allocated,0.05,all,1913,33,97,10,87,23,1793,0.10309278350515463,0.30303030303030304,0.15384615384615385,0.9424986931521171,0.04627659574468085,0.8969072164948454,0.09911264784435664,0.7943181818181819
historical_gpu,20260923,batch_allocated,0.05,cn7,967,13,49,8,41,5,913,0.16326530612244897,0.6153846153846154,0.25806451612903225,0.9524301964839711,0.0429769392033543,0.8367346938775511,0.32557672923748937,0.9654491211094984
historical_gpu,20260923,batch_allocated,0.05,rg3,946,20,48,2,46,18,880,0.041666666666666664,0.1,0.058823529411764705,0.9323467230443975,0.04967602591792657,0.9583333333333334,0.03215783346097993,0.5748380129589633
historical_gpu,20260923,historical_pooled,0.075,all,1913,33,144,14,130,19,1750,0.09722222222222222,0.42424242424242425,0.15819209039548024,0.9221118661787768,0.06914893617021277,0.9027777777777778,0.09911264784435664,0.7943181818181819
historical_gpu,20260923,historical_pooled,0.075,cn7,967,13,73,10,63,3,891,0.136986301369863,0.7692307692307693,0.23255813953488372,0.9317476732161324,0.0660377358490566,0.863013698630137,0.32557672923748937,0.9654491211094984
historical_gpu,20260923,historical_pooled,0.075,rg3,946,20,71,4,67,16,859,0.056338028169014086,0.2,0.08791208791208792,0.912262156448203,0.07235421166306695,0.9436619718309859,0.03215783346097993,0.5748380129589633
historical_gpu,20260923,batch_allocated,0.075,all,1913,33,144,15,129,18,1751,0.10416666666666667,0.45454545454545453,0.1694915254237288,0.9231573444851019,0.06861702127659575,0.8958333333333334,0.09911264784435664,0.7943181818181819
historical_gpu,20260923,batch_allocated,0.075,cn7,967,13,73,11,62,2,892,0.1506849315068493,0.8461538461538461,0.2558139534883721,0.9338159255429163,0.0649895178197065,0.8493150684931506,0.32557672923748937,0.9654491211094984
historical_gpu,20260923,batch_allocated,0.075,rg3,946,20,71,4,67,16,859,0.056338028169014086,0.2,0.08791208791208792,0.912262156448203,0.07235421166306695,0.9436619718309859,0.03215783346097993,0.5748380129589633
historical_gpu,20260923,historical_pooled,0.1,all,1913,33,192,17,175,16,1705,0.08854166666666667,0.5151515151515151,0.1511111111111111,0.9001568217459488,0.09308510638297872,0.9114583333333334,0.09911264784435664,0.7943181818181819
historical_gpu,20260923,historical_pooled,0.1,cn7,967,13,97,12,85,1,869,0.12371134020618557,0.9230769230769231,0.21818181818181817,0.9110651499482937,0.08909853249475891,0.8762886597938144,0.32557672923748937,0.9654491211094984
historical_gpu,20260923,historical_pooled,0.1,rg3,946,20,95,5,90,15,836,0.05263157894736842,0.25,0.08695652173913043,0.8890063424947146,0.09719222462203024,0.9473684210526315,0.03215783346097993,0.5748380129589633
historical_gpu,20260923,batch_allocated,0.1,all,1913,33,192,18,174,15,1706,0.09375,0.5454545454545454,0.16,0.9012023000522739,0.0925531914893617,0.90625,0.09911264784435664,0.7943181818181819
historical_gpu,20260923,batch_allocated,0.1,cn7,967,13,97,13,84,0,870,0.13402061855670103,1.0,0.23636363636363636,0.9131334022750776,0.0880503144654088,0.865979381443299,0.32557672923748937,0.9654491211094984
historical_gpu,20260923,batch_allocated,0.1,rg3,946,20,95,5,90,15,836,0.05263157894736842,0.25,0.08695652173913043,0.8890063424947146,0.09719222462203024,0.9473684210526315,0.03215783346097993,0.5748380129589633
historical_cpu,20260923,historical_pooled,0.05,all,1913,33,97,8,89,25,1791,0.08247422680412371,0.24242424242424243,0.12307692307692308,0.9404077365394669,0.04734042553191489,0.9175257731958762,0.11541918898088648,0.7584219858156029
historical_cpu,20260923,historical_pooled,0.05,cn7,967,13,49,7,42,6,912,0.14285714285714285,0.5384615384615384,0.22580645161290322,0.9503619441571872,0.0440251572327044,0.8571428571428571,0.28626515038456846,0.9333575229801645
historical_cpu,20260923,historical_pooled,0.05,rg3,946,20,48,1,47,19,879,0.020833333333333332,0.05,0.029411764705882353,0.9302325581395349,0.05075593952483801,0.9791666666666666,0.0230579391073042,0.5213822894168466
historical_cpu,20260923,batch_allocated,0.05,all,1913,33,97,8,89,25,1791,0.08247422680412371,0.24242424242424243,0.12307692307692308,0.9404077365394669,0.04734042553191489,0.9175257731958762,0.11541918898088648,0.7584219858156029
historical_cpu,20260923,batch_allocated,0.05,cn7,967,13,49,7,42,6,912,0.14285714285714285,0.5384615384615384,0.22580645161290322,0.9503619441571872,0.0440251572327044,0.8571428571428571,0.28626515038456846,0.9333575229801645
historical_cpu,20260923,batch_allocated,0.05,rg3,946,20,48,1,47,19,879,0.020833333333333332,0.05,0.029411764705882353,0.9302325581395349,0.05075593952483801,0.9791666666666666,0.0230579391073042,0.5213822894168466
historical_cpu,20260923,historical_pooled,0.075,all,1913,33,144,9,135,24,1745,0.0625,0.2727272727272727,0.1016949152542373,0.9168844746471511,0.07180851063829788,0.9375,0.11541918898088648,0.7584219858156029
historical_cpu,20260923,historical_pooled,0.075,cn7,967,13,73,8,65,5,889,0.1095890410958904,0.6153846153846154,0.18604651162790697,0.9276111685625646,0.06813417190775681,0.8904109589041096,0.28626515038456846,0.9333575229801645
historical_cpu,20260923,historical_pooled,0.075,rg3,946,20,71,1,70,19,856,0.014084507042253521,0.05,0.02197802197802198,0.9059196617336153,0.0755939524838013,0.9859154929577465,0.0230579391073042,0.5213822894168466
historical_cpu,20260923,batch_allocated,0.075,all,1913,33,144,10,134,23,1746,0.06944444444444445,0.30303030303030304,0.11299435028248588,0.9179299529534762,0.07127659574468086,0.9305555555555556,0.11541918898088648,0.7584219858156029
historical_cpu,20260923,batch_allocated,0.075,cn7,967,13,73,9,64,4,890,0.1232876712328767,0.6923076923076923,0.20930232558139536,0.9296794208893485,0.06708595387840671,0.8767123287671232,0.28626515038456846,0.9333575229801645
historical_cpu,20260923,batch_allocated,0.075,rg3,946,20,71,1,70,19,856,0.014084507042253521,0.05,0.02197802197802198,0.9059196617336153,0.0755939524838013,0.9859154929577465,0.0230579391073042,0.5213822894168466
historical_cpu,20260923,historical_pooled,0.1,all,1913,33,192,12,180,21,1700,0.0625,0.36363636363636365,0.10666666666666667,0.894929430214323,0.09574468085106383,0.9375,0.11541918898088648,0.7584219858156029
historical_cpu,20260923,historical_pooled,0.1,cn7,967,13,97,11,86,2,868,0.1134020618556701,0.8461538461538461,0.2,0.9089968976215098,0.09014675052410902,0.8865979381443299,0.28626515038456846,0.9333575229801645
historical_cpu,20260923,historical_pooled,0.1,rg3,946,20,95,1,94,19,832,0.010526315789473684,0.05,0.017391304347826087,0.8805496828752643,0.10151187904967603,0.9894736842105263,0.0230579391073042,0.5213822894168466
historical_cpu,20260923,batch_allocated,0.1,all,1913,33,192,11,181,22,1699,0.057291666666666664,0.3333333333333333,0.09777777777777778,0.893883951907998,0.09627659574468085,0.9427083333333334,0.11541918898088648,0.7584219858156029
historical_cpu,20260923,batch_allocated,0.1,cn7,967,13,97,9,88,4,866,0.09278350515463918,0.6923076923076923,0.16363636363636364,0.9048603929679421,0.09224318658280922,0.9072164948453608,0.28626515038456846,0.9333575229801645
historical_cpu,20260923,batch_allocated,0.1,rg3,946,20,95,2,93,18,833,0.021052631578947368,0.1,0.034782608695652174,0.8826638477801269,0.10043196544276457,0.9789473684210527,0.0230579391073042,0.5213822894168466
historical_gpu,20260924,historical_pooled,0.05,all,1913,33,97,12,85,21,1795,0.12371134020618557,0.36363636363636365,0.18461538461538463,0.9445896497647673,0.04521276595744681,0.8762886597938144,0.1012199614137821,0.7959300451321728
historical_gpu,20260924,historical_pooled,0.05,cn7,967,13,49,9,40,4,914,0.1836734693877551,0.6923076923076923,0.2903225806451613,0.954498448810755,0.041928721174004195,0.8163265306122449,0.32557672923748937,0.9654491211094984
historical_gpu,20260924,historical_pooled,0.05,rg3,946,20,48,3,45,17,881,0.0625,0.15,0.08823529411764706,0.9344608879492601,0.04859611231101512,0.9375,0.035304637529687946,0.5797516198704105
historical_gpu,20260924,batch_allocated,0.05,all,1913,33,97,11,86,22,1794,0.1134020618556701,0.3333333333333333,0.16923076923076924,0.9435441714584423,0.045744680851063826,0.8865979381443299,0.1012199614137821,0.7959300451321728
historical_gpu,20260924,batch_allocated,0.05,cn7,967,13,49,8,41,5,913,0.16326530612244897,0.6153846153846154,0.25806451612903225,0.9524301964839711,0.0429769392033543,0.8367346938775511,0.32557672923748937,0.9654491211094984
historical_gpu,20260924,batch_allocated,0.05,rg3,946,20,48,3,45,17,881,0.0625,0.15,0.08823529411764706,0.9344608879492601,0.04859611231101512,0.9375,0.035304637529687946,0.5797516198704105
historical_gpu,20260924,historical_pooled,0.075,all,1913,33,144,13,131,20,1749,0.09027777777777778,0.3939393939393939,0.14689265536723164,0.9210663878724517,0.06968085106382979,0.9097222222222222,0.1012199614137821,0.7959300451321728
historical_gpu,20260924,historical_pooled,0.075,cn7,967,13,73,10,63,3,891,0.136986301369863,0.7692307692307693,0.23255813953488372,0.9317476732161324,0.0660377358490566,0.863013698630137,0.32557672923748937,0.9654491211094984
historical_gpu,20260924,historical_pooled,0.075,rg3,946,20,71,3,68,17,858,0.04225352112676056,0.15,0.06593406593406594,0.9101479915433404,0.0734341252699784,0.9577464788732394,0.035304637529687946,0.5797516198704105
historical_gpu,20260924,batch_allocated,0.075,all,1913,33,144,14,130,19,1750,0.09722222222222222,0.42424242424242425,0.15819209039548024,0.9221118661787768,0.06914893617021277,0.9027777777777778,0.1012199614137821,0.7959300451321728
historical_gpu,20260924,batch_allocated,0.075,cn7,967,13,73,11,62,2,892,0.1506849315068493,0.8461538461538461,0.2558139534883721,0.9338159255429163,0.0649895178197065,0.8493150684931506,0.32557672923748937,0.9654491211094984
historical_gpu,20260924,batch_allocated,0.075,rg3,946,20,71,3,68,17,858,0.04225352112676056,0.15,0.06593406593406594,0.9101479915433404,0.0734341252699784,0.9577464788732394,0.035304637529687946,0.5797516198704105
historical_gpu,20260924,historical_pooled,0.1,all,1913,33,192,16,176,17,1704,0.08333333333333333,0.48484848484848486,0.14222222222222222,0.8991113434396236,0.09361702127659574,0.9166666666666666,0.1012199614137821,0.7959300451321728
historical_gpu,20260924,historical_pooled,0.1,cn7,967,13,97,12,85,1,869,0.12371134020618557,0.9230769230769231,0.21818181818181817,0.9110651499482937,0.08909853249475891,0.8762886597938144,0.32557672923748937,0.9654491211094984
historical_gpu,20260924,historical_pooled,0.1,rg3,946,20,95,4,91,16,835,0.042105263157894736,0.2,0.06956521739130435,0.8868921775898521,0.09827213822894168,0.9578947368421052,0.035304637529687946,0.5797516198704105
historical_gpu,20260924,batch_allocated,0.1,all,1913,33,192,17,175,16,1705,0.08854166666666667,0.5151515151515151,0.1511111111111111,0.9001568217459488,0.09308510638297872,0.9114583333333334,0.1012199614137821,0.7959300451321728
historical_gpu,20260924,batch_allocated,0.1,cn7,967,13,97,13,84,0,870,0.13402061855670103,1.0,0.23636363636363636,0.9131334022750776,0.0880503144654088,0.865979381443299,0.32557672923748937,0.9654491211094984
historical_gpu,20260924,batch_allocated,0.1,rg3,946,20,95,4,91,16,835,0.042105263157894736,0.2,0.06956521739130435,0.8868921775898521,0.09827213822894168,0.9578947368421052,0.035304637529687946,0.5797516198704105
historical_cpu,20260924,historical_pooled,0.05,all,1913,33,97,8,89,25,1791,0.08247422680412371,0.24242424242424243,0.12307692307692308,0.9404077365394669,0.04734042553191489,0.9175257731958762,0.11541918898088648,0.7584219858156029
historical_cpu,20260924,historical_pooled,0.05,cn7,967,13,49,7,42,6,912,0.14285714285714285,0.5384615384615384,0.22580645161290322,0.9503619441571872,0.0440251572327044,0.8571428571428571,0.28626515038456846,0.9333575229801645
historical_cpu,20260924,historical_pooled,0.05,rg3,946,20,48,1,47,19,879,0.020833333333333332,0.05,0.029411764705882353,0.9302325581395349,0.05075593952483801,0.9791666666666666,0.0230579391073042,0.5213822894168466
historical_cpu,20260924,batch_allocated,0.05,all,1913,33,97,8,89,25,1791,0.08247422680412371,0.24242424242424243,0.12307692307692308,0.9404077365394669,0.04734042553191489,0.9175257731958762,0.11541918898088648,0.7584219858156029
historical_cpu,20260924,batch_allocated,0.05,cn7,967,13,49,7,42,6,912,0.14285714285714285,0.5384615384615384,0.22580645161290322,0.9503619441571872,0.0440251572327044,0.8571428571428571,0.28626515038456846,0.9333575229801645
historical_cpu,20260924,batch_allocated,0.05,rg3,946,20,48,1,47,19,879,0.020833333333333332,0.05,0.029411764705882353,0.9302325581395349,0.05075593952483801,0.9791666666666666,0.0230579391073042,0.5213822894168466
historical_cpu,20260924,historical_pooled,0.075,all,1913,33,144,9,135,24,1745,0.0625,0.2727272727272727,0.1016949152542373,0.9168844746471511,0.07180851063829788,0.9375,0.11541918898088648,0.7584219858156029
historical_cpu,20260924,historical_pooled,0.075,cn7,967,13,73,8,65,5,889,0.1095890410958904,0.6153846153846154,0.18604651162790697,0.9276111685625646,0.06813417190775681,0.8904109589041096,0.28626515038456846,0.9333575229801645
historical_cpu,20260924,historical_pooled,0.075,rg3,946,20,71,1,70,19,856,0.014084507042253521,0.05,0.02197802197802198,0.9059196617336153,0.0755939524838013,0.9859154929577465,0.0230579391073042,0.5213822894168466
historical_cpu,20260924,batch_allocated,0.075,all,1913,33,144,10,134,23,1746,0.06944444444444445,0.30303030303030304,0.11299435028248588,0.9179299529534762,0.07127659574468086,0.9305555555555556,0.11541918898088648,0.7584219858156029
historical_cpu,20260924,batch_allocated,0.075,cn7,967,13,73,9,64,4,890,0.1232876712328767,0.6923076923076923,0.20930232558139536,0.9296794208893485,0.06708595387840671,0.8767123287671232,0.28626515038456846,0.9333575229801645
historical_cpu,20260924,batch_allocated,0.075,rg3,946,20,71,1,70,19,856,0.014084507042253521,0.05,0.02197802197802198,0.9059196617336153,0.0755939524838013,0.9859154929577465,0.0230579391073042,0.5213822894168466
historical_cpu,20260924,historical_pooled,0.1,all,1913,33,192,12,180,21,1700,0.0625,0.36363636363636365,0.10666666666666667,0.894929430214323,0.09574468085106383,0.9375,0.11541918898088648,0.7584219858156029
historical_cpu,20260924,historical_pooled,0.1,cn7,967,13,97,11,86,2,868,0.1134020618556701,0.8461538461538461,0.2,0.9089968976215098,0.09014675052410902,0.8865979381443299,0.28626515038456846,0.9333575229801645
historical_cpu,20260924,historical_pooled,0.1,rg3,946,20,95,1,94,19,832,0.010526315789473684,0.05,0.017391304347826087,0.8805496828752643,0.10151187904967603,0.9894736842105263,0.0230579391073042,0.5213822894168466
historical_cpu,20260924,batch_allocated,0.1,all,1913,33,192,11,181,22,1699,0.057291666666666664,0.3333333333333333,0.09777777777777778,0.893883951907998,0.09627659574468085,0.9427083333333334,0.11541918898088648,0.7584219858156029
historical_cpu,20260924,batch_allocated,0.1,cn7,967,13,97,9,88,4,866,0.09278350515463918,0.6923076923076923,0.16363636363636364,0.9048603929679421,0.09224318658280922,0.9072164948453608,0.28626515038456846,0.9333575229801645
historical_cpu,20260924,batch_allocated,0.1,rg3,946,20,95,2,93,18,833,0.021052631578947368,0.1,0.034782608695652174,0.8826638477801269,0.10043196544276457,0.9789473684210527,0.0230579391073042,0.5213822894168466
historical_gpu,ensemble,historical_pooled,0.05,all,1913,33,97,11,86,22,1794,0.1134020618556701,0.3333333333333333,0.16923076923076924,0.9435441714584423,0.045744680851063826,0.8865979381443299,0.10477487118804009,0.7966553836234688
historical_gpu,ensemble,historical_pooled,0.05,cn7,967,13,49,9,40,4,914,0.1836734693877551,0.6923076923076923,0.2903225806451613,0.954498448810755,0.041928721174004195,0.8163265306122449,0.32557672923748937,0.9654491211094984
historical_gpu,ensemble,historical_pooled,0.05,rg3,946,20,48,2,46,18,880,0.041666666666666664,0.1,0.058823529411764705,0.9323467230443975,0.04967602591792657,0.9583333333333334,0.033914399678771814,0.5820194384449244
historical_gpu,ensemble,batch_allocated,0.05,all,1913,33,97,10,87,23,1793,0.10309278350515463,0.30303030303030304,0.15384615384615385,0.9424986931521171,0.04627659574468085,0.8969072164948454,0.10477487118804009,0.7966553836234688
historical_gpu,ensemble,batch_allocated,0.05,cn7,967,13,49,8,41,5,913,0.16326530612244897,0.6153846153846154,0.25806451612903225,0.9524301964839711,0.0429769392033543,0.8367346938775511,0.32557672923748937,0.9654491211094984
historical_gpu,ensemble,batch_allocated,0.05,rg3,946,20,48,2,46,18,880,0.041666666666666664,0.1,0.058823529411764705,0.9323467230443975,0.04967602591792657,0.9583333333333334,0.033914399678771814,0.5820194384449244
historical_gpu,ensemble,historical_pooled,0.075,all,1913,33,144,13,131,20,1749,0.09027777777777778,0.3939393939393939,0.14689265536723164,0.9210663878724517,0.06968085106382979,0.9097222222222222,0.10477487118804009,0.7966553836234688
historical_gpu,ensemble,historical_pooled,0.075,cn7,967,13,73,10,63,3,891,0.136986301369863,0.7692307692307693,0.23255813953488372,0.9317476732161324,0.0660377358490566,0.863013698630137,0.32557672923748937,0.9654491211094984
historical_gpu,ensemble,historical_pooled,0.075,rg3,946,20,71,3,68,17,858,0.04225352112676056,0.15,0.06593406593406594,0.9101479915433404,0.0734341252699784,0.9577464788732394,0.033914399678771814,0.5820194384449244
historical_gpu,ensemble,batch_allocated,0.075,all,1913,33,144,14,130,19,1750,0.09722222222222222,0.42424242424242425,0.15819209039548024,0.9221118661787768,0.06914893617021277,0.9027777777777778,0.10477487118804009,0.7966553836234688
historical_gpu,ensemble,batch_allocated,0.075,cn7,967,13,73,11,62,2,892,0.1506849315068493,0.8461538461538461,0.2558139534883721,0.9338159255429163,0.0649895178197065,0.8493150684931506,0.32557672923748937,0.9654491211094984
historical_gpu,ensemble,batch_allocated,0.075,rg3,946,20,71,3,68,17,858,0.04225352112676056,0.15,0.06593406593406594,0.9101479915433404,0.0734341252699784,0.9577464788732394,0.033914399678771814,0.5820194384449244
historical_gpu,ensemble,historical_pooled,0.1,all,1913,33,192,16,176,17,1704,0.08333333333333333,0.48484848484848486,0.14222222222222222,0.8991113434396236,0.09361702127659574,0.9166666666666666,0.10477487118804009,0.7966553836234688
historical_gpu,ensemble,historical_pooled,0.1,cn7,967,13,97,12,85,1,869,0.12371134020618557,0.9230769230769231,0.21818181818181817,0.9110651499482937,0.08909853249475891,0.8762886597938144,0.32557672923748937,0.9654491211094984
historical_gpu,ensemble,historical_pooled,0.1,rg3,946,20,95,4,91,16,835,0.042105263157894736,0.2,0.06956521739130435,0.8868921775898521,0.09827213822894168,0.9578947368421052,0.033914399678771814,0.5820194384449244
historical_gpu,ensemble,batch_allocated,0.1,all,1913,33,192,18,174,15,1706,0.09375,0.5454545454545454,0.16,0.9012023000522739,0.0925531914893617,0.90625,0.10477487118804009,0.7966553836234688
historical_gpu,ensemble,batch_allocated,0.1,cn7,967,13,97,13,84,0,870,0.13402061855670103,1.0,0.23636363636363636,0.9131334022750776,0.0880503144654088,0.865979381443299,0.32557672923748937,0.9654491211094984
historical_gpu,ensemble,batch_allocated,0.1,rg3,946,20,95,5,90,15,836,0.05263157894736842,0.25,0.08695652173913043,0.8890063424947146,0.09719222462203024,0.9473684210526315,0.033914399678771814,0.5820194384449244
historical_cpu,ensemble,historical_pooled,0.05,all,1913,33,97,8,89,25,1791,0.08247422680412371,0.24242424242424243,0.12307692307692308,0.9404077365394669,0.04734042553191489,0.9175257731958762,0.11541918898088648,0.7584219858156029
historical_cpu,ensemble,historical_pooled,0.05,cn7,967,13,49,7,42,6,912,0.14285714285714285,0.5384615384615384,0.22580645161290322,0.9503619441571872,0.0440251572327044,0.8571428571428571,0.28626515038456846,0.9333575229801645
historical_cpu,ensemble,historical_pooled,0.05,rg3,946,20,48,1,47,19,879,0.020833333333333332,0.05,0.029411764705882353,0.9302325581395349,0.05075593952483801,0.9791666666666666,0.0230579391073042,0.5213822894168466
historical_cpu,ensemble,batch_allocated,0.05,all,1913,33,97,8,89,25,1791,0.08247422680412371,0.24242424242424243,0.12307692307692308,0.9404077365394669,0.04734042553191489,0.9175257731958762,0.11541918898088648,0.7584219858156029
historical_cpu,ensemble,batch_allocated,0.05,cn7,967,13,49,7,42,6,912,0.14285714285714285,0.5384615384615384,0.22580645161290322,0.9503619441571872,0.0440251572327044,0.8571428571428571,0.28626515038456846,0.9333575229801645
historical_cpu,ensemble,batch_allocated,0.05,rg3,946,20,48,1,47,19,879,0.020833333333333332,0.05,0.029411764705882353,0.9302325581395349,0.05075593952483801,0.9791666666666666,0.0230579391073042,0.5213822894168466
historical_cpu,ensemble,historical_pooled,0.075,all,1913,33,144,9,135,24,1745,0.0625,0.2727272727272727,0.1016949152542373,0.9168844746471511,0.07180851063829788,0.9375,0.11541918898088648,0.7584219858156029
historical_cpu,ensemble,historical_pooled,0.075,cn7,967,13,73,8,65,5,889,0.1095890410958904,0.6153846153846154,0.18604651162790697,0.9276111685625646,0.06813417190775681,0.8904109589041096,0.28626515038456846,0.9333575229801645
historical_cpu,ensemble,historical_pooled,0.075,rg3,946,20,71,1,70,19,856,0.014084507042253521,0.05,0.02197802197802198,0.9059196617336153,0.0755939524838013,0.9859154929577465,0.0230579391073042,0.5213822894168466
historical_cpu,ensemble,batch_allocated,0.075,all,1913,33,144,10,134,23,1746,0.06944444444444445,0.30303030303030304,0.11299435028248588,0.9179299529534762,0.07127659574468086,0.9305555555555556,0.11541918898088648,0.7584219858156029
historical_cpu,ensemble,batch_allocated,0.075,cn7,967,13,73,9,64,4,890,0.1232876712328767,0.6923076923076923,0.20930232558139536,0.9296794208893485,0.06708595387840671,0.8767123287671232,0.28626515038456846,0.9333575229801645
historical_cpu,ensemble,batch_allocated,0.075,rg3,946,20,71,1,70,19,856,0.014084507042253521,0.05,0.02197802197802198,0.9059196617336153,0.0755939524838013,0.9859154929577465,0.0230579391073042,0.5213822894168466
historical_cpu,ensemble,historical_pooled,0.1,all,1913,33,192,12,180,21,1700,0.0625,0.36363636363636365,0.10666666666666667,0.894929430214323,0.09574468085106383,0.9375,0.11541918898088648,0.7584219858156029
historical_cpu,ensemble,historical_pooled,0.1,cn7,967,13,97,11,86,2,868,0.1134020618556701,0.8461538461538461,0.2,0.9089968976215098,0.09014675052410902,0.8865979381443299,0.28626515038456846,0.9333575229801645
historical_cpu,ensemble,historical_pooled,0.1,rg3,946,20,95,1,94,19,832,0.010526315789473684,0.05,0.017391304347826087,0.8805496828752643,0.10151187904967603,0.9894736842105263,0.0230579391073042,0.5213822894168466
historical_cpu,ensemble,batch_allocated,0.1,all,1913,33,192,11,181,22,1699,0.057291666666666664,0.3333333333333333,0.09777777777777778,0.893883951907998,0.09627659574468085,0.9427083333333334,0.11541918898088648,0.7584219858156029
historical_cpu,ensemble,batch_allocated,0.1,cn7,967,13,97,9,88,4,866,0.09278350515463918,0.6923076923076923,0.16363636363636364,0.9048603929679421,0.09224318658280922,0.9072164948453608,0.28626515038456846,0.9333575229801645
historical_cpu,ensemble,batch_allocated,0.1,rg3,946,20,95,2,93,18,833,0.021052631578947368,0.1,0.034782608695652174,0.8826638477801269,0.10043196544276457,0.9789473684210527,0.0230579391073042,0.5213822894168466
